-- MySQL dump 10.13  Distrib 5.7.29, for Linux (x86_64)
--
-- Host: localhost    Database: noveldb
-- ------------------------------------------------------
-- Server version	5.7.29-0ubuntu0.18.04.1

/*!40101 SET @OLD_CHARACTER_SET_CLIENT=@@CHARACTER_SET_CLIENT */;
/*!40101 SET @OLD_CHARACTER_SET_RESULTS=@@CHARACTER_SET_RESULTS */;
/*!40101 SET @OLD_COLLATION_CONNECTION=@@COLLATION_CONNECTION */;
/*!40101 SET NAMES utf8 */;
/*!40103 SET @OLD_TIME_ZONE=@@TIME_ZONE */;
/*!40103 SET TIME_ZONE='+00:00' */;
/*!40014 SET @OLD_UNIQUE_CHECKS=@@UNIQUE_CHECKS, UNIQUE_CHECKS=0 */;
/*!40014 SET @OLD_FOREIGN_KEY_CHECKS=@@FOREIGN_KEY_CHECKS, FOREIGN_KEY_CHECKS=0 */;
/*!40101 SET @OLD_SQL_MODE=@@SQL_MODE, SQL_MODE='NO_AUTO_VALUE_ON_ZERO' */;
/*!40111 SET @OLD_SQL_NOTES=@@SQL_NOTES, SQL_NOTES=0 */;

--
-- Table structure for table `auth_group`
--

DROP TABLE IF EXISTS `auth_group`;
/*!40101 SET @saved_cs_client     = @@character_set_client */;
/*!40101 SET character_set_client = utf8 */;
CREATE TABLE `auth_group` (
  `id` int(11) NOT NULL AUTO_INCREMENT,
  `name` varchar(150) NOT NULL,
  PRIMARY KEY (`id`),
  UNIQUE KEY `name` (`name`)
) ENGINE=InnoDB DEFAULT CHARSET=utf8;
/*!40101 SET character_set_client = @saved_cs_client */;

--
-- Dumping data for table `auth_group`
--

LOCK TABLES `auth_group` WRITE;
/*!40000 ALTER TABLE `auth_group` DISABLE KEYS */;
/*!40000 ALTER TABLE `auth_group` ENABLE KEYS */;
UNLOCK TABLES;

--
-- Table structure for table `auth_group_permissions`
--

DROP TABLE IF EXISTS `auth_group_permissions`;
/*!40101 SET @saved_cs_client     = @@character_set_client */;
/*!40101 SET character_set_client = utf8 */;
CREATE TABLE `auth_group_permissions` (
  `id` int(11) NOT NULL AUTO_INCREMENT,
  `group_id` int(11) NOT NULL,
  `permission_id` int(11) NOT NULL,
  PRIMARY KEY (`id`),
  UNIQUE KEY `auth_group_permissions_group_id_permission_id_0cd325b0_uniq` (`group_id`,`permission_id`),
  KEY `auth_group_permissio_permission_id_84c5c92e_fk_auth_perm` (`permission_id`),
  CONSTRAINT `auth_group_permissio_permission_id_84c5c92e_fk_auth_perm` FOREIGN KEY (`permission_id`) REFERENCES `auth_permission` (`id`),
  CONSTRAINT `auth_group_permissions_group_id_b120cbf9_fk_auth_group_id` FOREIGN KEY (`group_id`) REFERENCES `auth_group` (`id`)
) ENGINE=InnoDB DEFAULT CHARSET=utf8;
/*!40101 SET character_set_client = @saved_cs_client */;

--
-- Dumping data for table `auth_group_permissions`
--

LOCK TABLES `auth_group_permissions` WRITE;
/*!40000 ALTER TABLE `auth_group_permissions` DISABLE KEYS */;
/*!40000 ALTER TABLE `auth_group_permissions` ENABLE KEYS */;
UNLOCK TABLES;

--
-- Table structure for table `auth_permission`
--

DROP TABLE IF EXISTS `auth_permission`;
/*!40101 SET @saved_cs_client     = @@character_set_client */;
/*!40101 SET character_set_client = utf8 */;
CREATE TABLE `auth_permission` (
  `id` int(11) NOT NULL AUTO_INCREMENT,
  `name` varchar(255) NOT NULL,
  `content_type_id` int(11) NOT NULL,
  `codename` varchar(100) NOT NULL,
  PRIMARY KEY (`id`),
  UNIQUE KEY `auth_permission_content_type_id_codename_01ab375a_uniq` (`content_type_id`,`codename`),
  CONSTRAINT `auth_permission_content_type_id_2f476e4b_fk_django_co` FOREIGN KEY (`content_type_id`) REFERENCES `django_content_type` (`id`)
) ENGINE=InnoDB AUTO_INCREMENT=77 DEFAULT CHARSET=utf8;
/*!40101 SET character_set_client = @saved_cs_client */;

--
-- Dumping data for table `auth_permission`
--

LOCK TABLES `auth_permission` WRITE;
/*!40000 ALTER TABLE `auth_permission` DISABLE KEYS */;
INSERT INTO `auth_permission` VALUES (1,'Can add log entry',1,'add_logentry'),(2,'Can change log entry',1,'change_logentry'),(3,'Can delete log entry',1,'delete_logentry'),(4,'Can view log entry',1,'view_logentry'),(5,'Can add permission',2,'add_permission'),(6,'Can change permission',2,'change_permission'),(7,'Can delete permission',2,'delete_permission'),(8,'Can view permission',2,'view_permission'),(9,'Can add group',3,'add_group'),(10,'Can change group',3,'change_group'),(11,'Can delete group',3,'delete_group'),(12,'Can view group',3,'view_group'),(13,'Can add user',4,'add_user'),(14,'Can change user',4,'change_user'),(15,'Can delete user',4,'delete_user'),(16,'Can view user',4,'view_user'),(17,'Can add content type',5,'add_contenttype'),(18,'Can change content type',5,'change_contenttype'),(19,'Can delete content type',5,'delete_contenttype'),(20,'Can view content type',5,'view_contenttype'),(21,'Can add session',6,'add_session'),(22,'Can change session',6,'change_session'),(23,'Can delete session',6,'delete_session'),(24,'Can view session',6,'view_session'),(25,'Can add novel',7,'add_novel'),(26,'Can change novel',7,'change_novel'),(27,'Can delete novel',7,'delete_novel'),(28,'Can view novel',7,'view_novel'),(29,'Can add novel tag',8,'add_noveltag'),(30,'Can change novel tag',8,'change_noveltag'),(31,'Can delete novel tag',8,'delete_noveltag'),(32,'Can view novel tag',8,'view_noveltag'),(33,'Can add num to tag',9,'add_numtotag'),(34,'Can change num to tag',9,'change_numtotag'),(35,'Can delete num to tag',9,'delete_numtotag'),(36,'Can view num to tag',9,'view_numtotag'),(37,'Can add novel message',10,'add_novelmessage'),(38,'Can change novel message',10,'change_novelmessage'),(39,'Can delete novel message',10,'delete_novelmessage'),(40,'Can view novel message',10,'view_novelmessage'),(41,'Can add chapter',11,'add_chapter'),(42,'Can change chapter',11,'change_chapter'),(43,'Can delete chapter',11,'delete_chapter'),(44,'Can view chapter',11,'view_chapter'),(45,'Can add user',12,'add_user'),(46,'Can change user',12,'change_user'),(47,'Can delete user',12,'delete_user'),(48,'Can view user',12,'view_user'),(49,'Can add user to sc',13,'add_usertosc'),(50,'Can change user to sc',13,'change_usertosc'),(51,'Can delete user to sc',13,'delete_usertosc'),(52,'Can view user to sc',13,'view_usertosc'),(53,'Can add novel message',14,'add_novelmessage'),(54,'Can change novel message',14,'change_novelmessage'),(55,'Can delete novel message',14,'delete_novelmessage'),(56,'Can view novel message',14,'view_novelmessage'),(57,'Can add chapter',15,'add_chapter'),(58,'Can change chapter',15,'change_chapter'),(59,'Can delete chapter',15,'delete_chapter'),(60,'Can view chapter',15,'view_chapter'),(61,'Can add novel tag',16,'add_noveltag'),(62,'Can change novel tag',16,'change_noveltag'),(63,'Can delete novel tag',16,'delete_noveltag'),(64,'Can view novel tag',16,'view_noveltag'),(65,'Can add novel',17,'add_novel'),(66,'Can change novel',17,'change_novel'),(67,'Can delete novel',17,'delete_novel'),(68,'Can view novel',17,'view_novel'),(69,'Can add num to tag',18,'add_numtotag'),(70,'Can change num to tag',18,'change_numtotag'),(71,'Can delete num to tag',18,'delete_numtotag'),(72,'Can view num to tag',18,'view_numtotag'),(73,'Can add user_info',19,'add_user_info'),(74,'Can change user_info',19,'change_user_info'),(75,'Can delete user_info',19,'delete_user_info'),(76,'Can view user_info',19,'view_user_info');
/*!40000 ALTER TABLE `auth_permission` ENABLE KEYS */;
UNLOCK TABLES;

--
-- Table structure for table `auth_user`
--

DROP TABLE IF EXISTS `auth_user`;
/*!40101 SET @saved_cs_client     = @@character_set_client */;
/*!40101 SET character_set_client = utf8 */;
CREATE TABLE `auth_user` (
  `id` int(11) NOT NULL AUTO_INCREMENT,
  `password` varchar(128) NOT NULL,
  `last_login` datetime(6) DEFAULT NULL,
  `is_superuser` tinyint(1) NOT NULL,
  `username` varchar(150) NOT NULL,
  `first_name` varchar(30) NOT NULL,
  `last_name` varchar(150) NOT NULL,
  `email` varchar(254) NOT NULL,
  `is_staff` tinyint(1) NOT NULL,
  `is_active` tinyint(1) NOT NULL,
  `date_joined` datetime(6) NOT NULL,
  PRIMARY KEY (`id`),
  UNIQUE KEY `username` (`username`)
) ENGINE=InnoDB AUTO_INCREMENT=2 DEFAULT CHARSET=utf8;
/*!40101 SET character_set_client = @saved_cs_client */;

--
-- Dumping data for table `auth_user`
--

LOCK TABLES `auth_user` WRITE;
/*!40000 ALTER TABLE `auth_user` DISABLE KEYS */;
INSERT INTO `auth_user` VALUES (1,'pbkdf2_sha256$150000$ReOCYOvdhC7A$UXZajyXvTfY5RaLbYIdad81Taq4z5VDx3iKhgbPbltA=','2021-02-25 15:18:18.298479',1,'tedu','','','tedu@163.com',1,1,'2021-02-23 09:31:56.241094');
/*!40000 ALTER TABLE `auth_user` ENABLE KEYS */;
UNLOCK TABLES;

--
-- Table structure for table `auth_user_groups`
--

DROP TABLE IF EXISTS `auth_user_groups`;
/*!40101 SET @saved_cs_client     = @@character_set_client */;
/*!40101 SET character_set_client = utf8 */;
CREATE TABLE `auth_user_groups` (
  `id` int(11) NOT NULL AUTO_INCREMENT,
  `user_id` int(11) NOT NULL,
  `group_id` int(11) NOT NULL,
  PRIMARY KEY (`id`),
  UNIQUE KEY `auth_user_groups_user_id_group_id_94350c0c_uniq` (`user_id`,`group_id`),
  KEY `auth_user_groups_group_id_97559544_fk_auth_group_id` (`group_id`),
  CONSTRAINT `auth_user_groups_group_id_97559544_fk_auth_group_id` FOREIGN KEY (`group_id`) REFERENCES `auth_group` (`id`),
  CONSTRAINT `auth_user_groups_user_id_6a12ed8b_fk_auth_user_id` FOREIGN KEY (`user_id`) REFERENCES `auth_user` (`id`)
) ENGINE=InnoDB DEFAULT CHARSET=utf8;
/*!40101 SET character_set_client = @saved_cs_client */;

--
-- Dumping data for table `auth_user_groups`
--

LOCK TABLES `auth_user_groups` WRITE;
/*!40000 ALTER TABLE `auth_user_groups` DISABLE KEYS */;
/*!40000 ALTER TABLE `auth_user_groups` ENABLE KEYS */;
UNLOCK TABLES;

--
-- Table structure for table `auth_user_user_permissions`
--

DROP TABLE IF EXISTS `auth_user_user_permissions`;
/*!40101 SET @saved_cs_client     = @@character_set_client */;
/*!40101 SET character_set_client = utf8 */;
CREATE TABLE `auth_user_user_permissions` (
  `id` int(11) NOT NULL AUTO_INCREMENT,
  `user_id` int(11) NOT NULL,
  `permission_id` int(11) NOT NULL,
  PRIMARY KEY (`id`),
  UNIQUE KEY `auth_user_user_permissions_user_id_permission_id_14a6b632_uniq` (`user_id`,`permission_id`),
  KEY `auth_user_user_permi_permission_id_1fbb5f2c_fk_auth_perm` (`permission_id`),
  CONSTRAINT `auth_user_user_permi_permission_id_1fbb5f2c_fk_auth_perm` FOREIGN KEY (`permission_id`) REFERENCES `auth_permission` (`id`),
  CONSTRAINT `auth_user_user_permissions_user_id_a95ead1b_fk_auth_user_id` FOREIGN KEY (`user_id`) REFERENCES `auth_user` (`id`)
) ENGINE=InnoDB DEFAULT CHARSET=utf8;
/*!40101 SET character_set_client = @saved_cs_client */;

--
-- Dumping data for table `auth_user_user_permissions`
--

LOCK TABLES `auth_user_user_permissions` WRITE;
/*!40000 ALTER TABLE `auth_user_user_permissions` DISABLE KEYS */;
/*!40000 ALTER TABLE `auth_user_user_permissions` ENABLE KEYS */;
UNLOCK TABLES;

--
-- Table structure for table `django_admin_log`
--

DROP TABLE IF EXISTS `django_admin_log`;
/*!40101 SET @saved_cs_client     = @@character_set_client */;
/*!40101 SET character_set_client = utf8 */;
CREATE TABLE `django_admin_log` (
  `id` int(11) NOT NULL AUTO_INCREMENT,
  `action_time` datetime(6) NOT NULL,
  `object_id` longtext,
  `object_repr` varchar(200) NOT NULL,
  `action_flag` smallint(5) unsigned NOT NULL,
  `change_message` longtext NOT NULL,
  `content_type_id` int(11) DEFAULT NULL,
  `user_id` int(11) NOT NULL,
  PRIMARY KEY (`id`),
  KEY `django_admin_log_content_type_id_c4bce8eb_fk_django_co` (`content_type_id`),
  KEY `django_admin_log_user_id_c564eba6_fk_auth_user_id` (`user_id`),
  CONSTRAINT `django_admin_log_content_type_id_c4bce8eb_fk_django_co` FOREIGN KEY (`content_type_id`) REFERENCES `django_content_type` (`id`),
  CONSTRAINT `django_admin_log_user_id_c564eba6_fk_auth_user_id` FOREIGN KEY (`user_id`) REFERENCES `auth_user` (`id`)
) ENGINE=InnoDB AUTO_INCREMENT=195 DEFAULT CHARSET=utf8;
/*!40101 SET character_set_client = @saved_cs_client */;

--
-- Dumping data for table `django_admin_log`
--

LOCK TABLES `django_admin_log` WRITE;
/*!40000 ALTER TABLE `django_admin_log` DISABLE KEYS */;
INSERT INTO `django_admin_log` VALUES (1,'2021-02-23 09:33:06.060818','1','92675',1,'[{\"added\": {}}]',7,1),(2,'2021-02-23 09:33:26.030292','1','都市娱乐',1,'[{\"added\": {}}]',8,1),(3,'2021-02-23 09:33:33.041896','2','搞笑',1,'[{\"added\": {}}]',8,1),(4,'2021-02-23 09:33:45.574156','3','爽文',1,'[{\"added\": {}}]',8,1),(5,'2021-02-23 09:33:53.327216','1','NumToTag object (1)',1,'[{\"added\": {}}]',9,1),(6,'2021-02-23 09:33:57.105562','2','NumToTag object (2)',1,'[{\"added\": {}}]',9,1),(7,'2021-02-23 09:34:00.503054','3','NumToTag object (3)',1,'[{\"added\": {}}]',9,1),(8,'2021-02-23 09:35:32.609267','1','NovelMessage object (1)',1,'[{\"added\": {}}]',10,1),(9,'2021-02-23 09:35:50.589950','2','51964',1,'[{\"added\": {}}]',7,1),(10,'2021-02-23 09:36:05.712469','4','奇幻玄幻',1,'[{\"added\": {}}]',8,1),(11,'2021-02-23 09:36:28.592608','5','玄幻仙侠',1,'[{\"added\": {}}]',8,1),(12,'2021-02-23 09:36:48.080553','4','NumToTag object (4)',1,'[{\"added\": {}}]',9,1),(13,'2021-02-23 09:36:57.120718','5','NumToTag object (5)',1,'[{\"added\": {}}]',9,1),(14,'2021-02-23 09:37:43.623579','2','NovelMessage object (2)',1,'[{\"added\": {}}]',10,1),(15,'2021-02-23 09:37:57.774553','3','83343',1,'[{\"added\": {}}]',7,1),(16,'2021-02-23 09:38:14.401883','6','历史军事',1,'[{\"added\": {}}]',8,1),(17,'2021-02-23 09:38:25.723348','7','重生',1,'[{\"added\": {}}]',8,1),(18,'2021-02-23 09:38:33.971814','6','NumToTag object (6)',1,'[{\"added\": {}}]',9,1),(19,'2021-02-23 09:38:39.575747','7','NumToTag object (7)',1,'[{\"added\": {}}]',9,1),(20,'2021-02-23 09:39:11.951699','3','NovelMessage object (3)',1,'[{\"added\": {}}]',10,1),(21,'2021-02-23 09:39:26.598450','4','41765',1,'[{\"added\": {}}]',7,1),(22,'2021-02-23 09:39:40.534480','8','生活',1,'[{\"added\": {}}]',8,1),(23,'2021-02-23 09:39:48.760531','8','NumToTag object (8)',1,'[{\"added\": {}}]',9,1),(24,'2021-02-23 09:39:57.524252','9','NumToTag object (9)',1,'[{\"added\": {}}]',9,1),(25,'2021-02-23 09:40:01.359657','10','NumToTag object (10)',1,'[{\"added\": {}}]',9,1),(26,'2021-02-23 09:40:47.700395','4','NovelMessage object (4)',1,'[{\"added\": {}}]',10,1),(27,'2021-02-23 09:41:03.342134','5','15143',1,'[{\"added\": {}}]',7,1),(28,'2021-02-23 09:41:13.904618','9','魔法',1,'[{\"added\": {}}]',8,1),(29,'2021-02-23 09:41:24.284831','11','NumToTag object (11)',1,'[{\"added\": {}}]',9,1),(30,'2021-02-23 09:41:31.539036','12','NumToTag object (12)',1,'[{\"added\": {}}]',9,1),(31,'2021-02-23 09:41:39.615532','13','NumToTag object (13)',1,'[{\"added\": {}}]',9,1),(32,'2021-02-23 09:42:14.993856','5','NovelMessage object (5)',1,'[{\"added\": {}}]',10,1),(33,'2021-02-23 09:42:28.257601','6','25499',1,'[{\"added\": {}}]',7,1),(34,'2021-02-23 09:42:42.000302','14','NumToTag object (14)',1,'[{\"added\": {}}]',9,1),(35,'2021-02-23 09:42:48.237981','15','NumToTag object (15)',1,'[{\"added\": {}}]',9,1),(36,'2021-02-23 09:42:52.336212','16','NumToTag object (16)',1,'[{\"added\": {}}]',9,1),(37,'2021-02-23 09:43:21.537176','6','NovelMessage object (6)',1,'[{\"added\": {}}]',10,1),(38,'2021-02-23 09:43:34.279058','7','12782',1,'[{\"added\": {}}]',7,1),(39,'2021-02-23 09:43:45.930055','10','修真',1,'[{\"added\": {}}]',8,1),(40,'2021-02-23 09:43:57.118020','17','NumToTag object (17)',1,'[{\"added\": {}}]',9,1),(41,'2021-02-23 09:44:04.971190','18','NumToTag object (18)',1,'[{\"added\": {}}]',9,1),(42,'2021-02-23 09:44:44.248041','7','NovelMessage object (7)',1,'[{\"added\": {}}]',10,1),(43,'2021-02-23 09:45:09.778304','8','41132',1,'[{\"added\": {}}]',7,1),(44,'2021-02-23 09:45:23.015036','11','科幻游戏',1,'[{\"added\": {}}]',8,1),(45,'2021-02-23 09:45:30.804083','12','未来',1,'[{\"added\": {}}]',8,1),(46,'2021-02-23 09:45:40.970868','19','NumToTag object (19)',1,'[{\"added\": {}}]',9,1),(47,'2021-02-23 09:45:45.483191','20','NumToTag object (20)',1,'[{\"added\": {}}]',9,1),(48,'2021-02-23 09:46:16.205500','8','NovelMessage object (8)',1,'[{\"added\": {}}]',10,1),(49,'2021-02-23 09:46:42.446234','9','22659',1,'[{\"added\": {}}]',7,1),(50,'2021-02-23 09:46:55.590077','13','古典仙侠',1,'[{\"added\": {}}]',8,1),(51,'2021-02-23 09:47:04.167124','21','NumToTag object (21)',1,'[{\"added\": {}}]',9,1),(52,'2021-02-23 09:47:59.795642','9','NovelMessage object (9)',1,'[{\"added\": {}}]',10,1),(53,'2021-02-23 09:48:16.465965','10','63898',1,'[{\"added\": {}}]',7,1),(54,'2021-02-23 09:48:28.213402','14','争霸',1,'[{\"added\": {}}]',8,1),(55,'2021-02-23 09:48:38.952857','22','NumToTag object (22)',1,'[{\"added\": {}}]',9,1),(56,'2021-02-23 09:48:45.871718','23','NumToTag object (23)',1,'[{\"added\": {}}]',9,1),(57,'2021-02-23 09:48:55.545177','24','NumToTag object (24)',1,'[{\"added\": {}}]',9,1),(58,'2021-02-23 09:49:22.927235','10','NovelMessage object (10)',1,'[{\"added\": {}}]',10,1),(59,'2021-02-23 10:04:09.614380','11','89580',1,'[{\"added\": {}}]',7,1),(60,'2021-02-23 10:04:19.817036','25','NumToTag object (25)',1,'[{\"added\": {}}]',9,1),(61,'2021-02-23 10:04:30.217462','26','NumToTag object (26)',1,'[{\"added\": {}}]',9,1),(62,'2021-02-23 10:05:03.214701','11','NovelMessage object (11)',1,'[{\"added\": {}}]',10,1),(63,'2021-02-23 16:07:45.113267','12','18131',1,'[{\"added\": {}}]',7,1),(64,'2021-02-23 16:07:56.950235','27','NumToTag object (27)',1,'[{\"added\": {}}]',9,1),(65,'2021-02-23 16:08:50.917666','12','NovelMessage object (12)',1,'[{\"added\": {}}]',10,1),(66,'2021-02-23 16:42:54.873452','13','36356',1,'[{\"added\": {}}]',7,1),(67,'2021-02-23 16:43:25.779671','15','武侠仙侠',1,'[{\"added\": {}}]',8,1),(68,'2021-02-23 16:43:44.923376','28','NumToTag object (28)',1,'[{\"added\": {}}]',9,1),(69,'2021-02-23 16:43:59.047559','29','NumToTag object (29)',1,'[{\"added\": {}}]',9,1),(70,'2021-02-23 16:44:10.132097','30','NumToTag object (30)',1,'[{\"added\": {}}]',9,1),(71,'2021-02-23 16:44:42.119834','13','NovelMessage object (13)',1,'[{\"added\": {}}]',10,1),(72,'2021-02-23 16:45:03.362589','14','60347',1,'[{\"added\": {}}]',7,1),(73,'2021-02-23 16:45:14.503427','31','NumToTag object (31)',1,'[{\"added\": {}}]',9,1),(74,'2021-02-23 16:45:22.400098','32','NumToTag object (32)',1,'[{\"added\": {}}]',9,1),(75,'2021-02-23 16:46:01.954818','14','NovelMessage object (14)',1,'[{\"added\": {}}]',10,1),(76,'2021-02-23 16:46:20.035799','15','77834',1,'[{\"added\": {}}]',7,1),(77,'2021-02-23 16:46:34.578329','33','NumToTag object (33)',1,'[{\"added\": {}}]',9,1),(78,'2021-02-23 16:46:43.428685','34','NumToTag object (34)',1,'[{\"added\": {}}]',9,1),(79,'2021-02-23 16:46:49.172134','35','NumToTag object (35)',1,'[{\"added\": {}}]',9,1),(80,'2021-02-23 16:47:37.037108','15','NovelMessage object (15)',1,'[{\"added\": {}}]',10,1),(81,'2021-02-23 16:47:47.002058','7','NovelMessage object (7)',2,'[{\"changed\": {\"fields\": [\"serialize\"]}}]',10,1),(82,'2021-02-23 16:47:55.193729','4','NovelMessage object (4)',2,'[{\"changed\": {\"fields\": [\"serialize\"]}}]',10,1),(83,'2021-02-23 16:48:01.876525','2','NovelMessage object (2)',2,'[{\"changed\": {\"fields\": [\"serialize\", \"vip_type\"]}}]',10,1),(84,'2021-02-23 16:48:07.639980','5','NovelMessage object (5)',2,'[{\"changed\": {\"fields\": [\"serialize\"]}}]',10,1),(85,'2021-02-23 16:49:27.084670','14','NovelMessage object (14)',2,'[{\"changed\": {\"fields\": [\"vip_type\"]}}]',10,1),(86,'2021-02-23 16:49:32.431546','2','NovelMessage object (2)',2,'[{\"changed\": {\"fields\": [\"vip_type\"]}}]',10,1),(87,'2021-02-23 16:49:36.383442','15','NovelMessage object (15)',2,'[{\"changed\": {\"fields\": [\"vip_type\"]}}]',10,1),(88,'2021-02-23 17:12:31.148502','15','77834',3,'',7,1),(89,'2021-02-24 10:05:14.021438','15','80271',1,'[{\"added\": {}}]',7,1),(90,'2021-02-24 10:06:43.777718','33','NumToTag object (33)',1,'[{\"added\": {}}]',9,1),(91,'2021-02-24 10:08:33.634423','15','NovelMessage object (15)',1,'[{\"added\": {}}]',10,1),(92,'2021-02-24 13:55:39.887007','1','User object (1)',1,'[{\"added\": {}}]',12,1),(93,'2021-02-24 14:01:02.580489','2','456@163.com',1,'[{\"added\": {}}]',12,1),(94,'2021-02-24 14:01:12.903251','1','UserToSc object (1)',1,'[{\"added\": {}}]',13,1),(95,'2021-02-24 14:01:18.766521','2','UserToSc object (2)',1,'[{\"added\": {}}]',13,1),(96,'2021-02-24 14:01:28.408308','3','UserToSc object (3)',1,'[{\"added\": {}}]',13,1),(97,'2021-02-24 14:02:55.173857','4','UserToSc object (4)',1,'[{\"added\": {}}]',13,1),(98,'2021-02-24 14:05:05.920410','4','UserToSc object (4)',3,'',13,1),(99,'2021-02-24 14:13:35.011193','2','456@163.com',3,'',12,1),(100,'2021-02-24 14:13:35.132010','1','123@163.com',3,'',12,1),(101,'2021-02-24 14:16:34.530272','3','123@163.com',1,'[{\"added\": {}}]',12,1),(102,'2021-02-24 14:16:44.431780','4','456@163.com',1,'[{\"added\": {}}]',12,1),(103,'2021-02-24 14:16:57.035460','5','789@163.com',1,'[{\"added\": {}}]',12,1),(104,'2021-02-24 14:17:05.476470','5','UserToSc object (5)',1,'[{\"added\": {}}]',13,1),(105,'2021-02-24 14:17:08.708084','6','UserToSc object (6)',1,'[{\"added\": {}}]',13,1),(106,'2021-02-24 14:17:13.386731','7','UserToSc object (7)',1,'[{\"added\": {}}]',13,1),(107,'2021-02-24 14:17:16.465813','8','UserToSc object (8)',1,'[{\"added\": {}}]',13,1),(108,'2021-02-24 14:17:20.501818','9','UserToSc object (9)',1,'[{\"added\": {}}]',13,1),(109,'2021-02-24 14:17:24.059915','10','UserToSc object (10)',1,'[{\"added\": {}}]',13,1),(110,'2021-02-24 14:17:27.586414','11','UserToSc object (11)',1,'[{\"added\": {}}]',13,1),(111,'2021-02-24 14:17:31.465449','12','UserToSc object (12)',1,'[{\"added\": {}}]',13,1),(112,'2021-02-25 10:50:26.431715','1','Chapter object (1)',1,'[{\"added\": {}}]',11,1),(113,'2021-02-25 10:51:13.648300','2','Chapter object (2)',1,'[{\"added\": {}}]',11,1),(114,'2021-02-25 11:55:57.529618','3','Chapter object (3)',1,'[{\"added\": {}}]',11,1),(115,'2021-02-25 11:56:26.180689','4','Chapter object (4)',1,'[{\"added\": {}}]',11,1),(116,'2021-02-25 11:57:06.937634','5','Chapter object (5)',1,'[{\"added\": {}}]',11,1),(117,'2021-02-25 11:57:35.304989','6','Chapter object (6)',1,'[{\"added\": {}}]',11,1),(118,'2021-02-25 11:58:12.320548','7','Chapter object (7)',1,'[{\"added\": {}}]',11,1),(119,'2021-02-25 11:58:57.361865','8','Chapter object (8)',1,'[{\"added\": {}}]',11,1),(120,'2021-02-25 11:59:16.253145','7','Chapter object (7)',2,'[{\"changed\": {\"fields\": [\"chapter\"]}}]',11,1),(121,'2021-02-25 12:00:08.086673','9','Chapter object (9)',1,'[{\"added\": {}}]',11,1),(122,'2021-02-25 12:00:55.219645','10','Chapter object (10)',1,'[{\"added\": {}}]',11,1),(123,'2021-02-25 12:02:58.042643','11','Chapter object (11)',1,'[{\"added\": {}}]',11,1),(124,'2021-02-25 12:04:21.363998','12','Chapter object (12)',1,'[{\"added\": {}}]',11,1),(125,'2021-02-25 12:07:46.536658','13','Chapter object (13)',1,'[{\"added\": {}}]',11,1),(126,'2021-02-25 12:08:14.721972','14','Chapter object (14)',1,'[{\"added\": {}}]',11,1),(127,'2021-02-25 12:09:12.043632','15','Chapter object (15)',1,'[{\"added\": {}}]',11,1),(128,'2021-02-25 12:09:43.674559','16','Chapter object (16)',1,'[{\"added\": {}}]',11,1),(129,'2021-02-25 12:11:01.104769','17','Chapter object (17)',1,'[{\"added\": {}}]',11,1),(130,'2021-02-25 12:11:24.942348','18','Chapter object (18)',1,'[{\"added\": {}}]',11,1),(131,'2021-02-25 12:53:32.976139','19','Chapter object (19)',1,'[{\"added\": {}}]',11,1),(132,'2021-02-25 12:54:08.224438','20','Chapter object (20)',1,'[{\"added\": {}}]',11,1),(133,'2021-02-25 12:54:50.742456','21','Chapter object (21)',1,'[{\"added\": {}}]',11,1),(134,'2021-02-25 12:55:36.472599','22','Chapter object (22)',1,'[{\"added\": {}}]',11,1),(135,'2021-02-25 12:56:31.940953','23','Chapter object (23)',1,'[{\"added\": {}}]',11,1),(136,'2021-02-25 12:57:21.696167','24','Chapter object (24)',1,'[{\"added\": {}}]',11,1),(137,'2021-02-25 12:58:17.455784','25','Chapter object (25)',1,'[{\"added\": {}}]',11,1),(138,'2021-02-25 12:59:06.090097','26','Chapter object (26)',1,'[{\"added\": {}}]',11,1),(139,'2021-02-25 13:01:35.343956','27','Chapter object (27)',1,'[{\"added\": {}}]',11,1),(140,'2021-02-25 13:02:12.509568','28','Chapter object (28)',1,'[{\"added\": {}}]',11,1),(141,'2021-02-25 15:18:44.201325','27','Chapter object (27)',2,'[{\"changed\": {\"fields\": [\"chapter\"]}}]',11,1),(142,'2021-02-25 15:18:51.818172','26','Chapter object (26)',2,'[{\"changed\": {\"fields\": [\"chapter\"]}}]',11,1),(143,'2021-02-25 15:19:01.425075','25','Chapter object (25)',2,'[{\"changed\": {\"fields\": [\"chapter\"]}}]',11,1),(144,'2021-02-25 15:19:17.965713','25','Chapter object (25)',2,'[{\"changed\": {\"fields\": [\"chapter\"]}}]',11,1),(145,'2021-02-25 15:19:30.169999','24','Chapter object (24)',2,'[{\"changed\": {\"fields\": [\"chapter\"]}}]',11,1),(146,'2021-02-25 15:19:41.456303','23','Chapter object (23)',2,'[{\"changed\": {\"fields\": [\"chapter\"]}}]',11,1),(147,'2021-02-25 15:19:50.148784','22','Chapter object (22)',2,'[{\"changed\": {\"fields\": [\"chapter\"]}}]',11,1),(148,'2021-02-25 15:19:57.985788','21','Chapter object (21)',2,'[{\"changed\": {\"fields\": [\"chapter\"]}}]',11,1),(149,'2021-02-25 17:10:30.607785','1','Chapter object (1)',1,'[{\"added\": {}}]',11,1),(150,'2021-02-25 17:11:29.440357','2','Chapter object (2)',1,'[{\"added\": {}}]',11,1),(151,'2021-02-25 17:13:32.435077','3','Chapter object (3)',1,'[{\"added\": {}}]',11,1),(152,'2021-02-25 17:14:51.398147','4','Chapter object (4)',1,'[{\"added\": {}}]',11,1),(153,'2021-02-25 17:15:19.531580','5','Chapter object (5)',1,'[{\"added\": {}}]',11,1),(154,'2021-02-25 17:15:55.492434','6','Chapter object (6)',1,'[{\"added\": {}}]',11,1),(155,'2021-02-25 17:16:17.371618','7','Chapter object (7)',1,'[{\"added\": {}}]',11,1),(156,'2021-02-25 17:16:47.486586','8','Chapter object (8)',1,'[{\"added\": {}}]',11,1),(157,'2021-02-25 17:17:10.080894','9','Chapter object (9)',1,'[{\"added\": {}}]',11,1),(158,'2021-02-25 17:17:33.178980','10','Chapter object (10)',1,'[{\"added\": {}}]',11,1),(159,'2021-02-25 17:18:24.555042','11','Chapter object (11)',1,'[{\"added\": {}}]',11,1),(160,'2021-02-25 17:18:54.861225','12','Chapter object (12)',1,'[{\"added\": {}}]',11,1),(161,'2021-02-25 17:19:28.985014','13','Chapter object (13)',1,'[{\"added\": {}}]',11,1),(162,'2021-02-25 17:19:53.547992','14','Chapter object (14)',1,'[{\"added\": {}}]',11,1),(163,'2021-02-25 17:20:18.052653','15','Chapter object (15)',1,'[{\"added\": {}}]',11,1),(164,'2021-02-25 17:20:44.993604','16','Chapter object (16)',1,'[{\"added\": {}}]',11,1),(165,'2021-02-25 17:21:13.517100','17','Chapter object (17)',1,'[{\"added\": {}}]',11,1),(166,'2021-02-25 17:21:37.602165','18','Chapter object (18)',1,'[{\"added\": {}}]',11,1),(167,'2021-02-25 17:22:07.870388','19','Chapter object (19)',1,'[{\"added\": {}}]',11,1),(168,'2021-02-25 17:22:30.405981','20','Chapter object (20)',1,'[{\"added\": {}}]',11,1),(169,'2021-02-25 17:23:01.490212','21','Chapter object (21)',1,'[{\"added\": {}}]',11,1),(170,'2021-02-25 17:23:26.238231','22','Chapter object (22)',1,'[{\"added\": {}}]',11,1),(171,'2021-02-25 17:23:49.945428','23','Chapter object (23)',1,'[{\"added\": {}}]',11,1),(172,'2021-02-25 17:24:21.383401','24','Chapter object (24)',1,'[{\"added\": {}}]',11,1),(173,'2021-02-25 17:24:46.082008','25','Chapter object (25)',1,'[{\"added\": {}}]',11,1),(174,'2021-02-25 17:25:10.232850','26','Chapter object (26)',1,'[{\"added\": {}}]',11,1),(175,'2021-02-25 17:26:43.305615','27','Chapter object (27)',1,'[{\"added\": {}}]',11,1),(176,'2021-02-25 17:27:14.067374','28','Chapter object (28)',1,'[{\"added\": {}}]',11,1),(177,'2021-02-25 17:28:23.604933','29','Chapter object (29)',1,'[{\"added\": {}}]',11,1),(178,'2021-02-25 17:28:50.602249','30','Chapter object (30)',1,'[{\"added\": {}}]',11,1),(179,'2021-02-25 17:29:10.778517','31','Chapter object (31)',1,'[{\"added\": {}}]',11,1),(180,'2021-02-25 17:29:28.491500','32','Chapter object (32)',1,'[{\"added\": {}}]',11,1),(181,'2021-02-25 17:30:04.581261','33','Chapter object (33)',1,'[{\"added\": {}}]',11,1),(182,'2021-02-25 17:30:26.838071','34','Chapter object (34)',1,'[{\"added\": {}}]',11,1),(183,'2021-02-25 17:30:48.026648','35','Chapter object (35)',1,'[{\"added\": {}}]',11,1),(184,'2021-02-25 17:31:35.320184','36','Chapter object (36)',1,'[{\"added\": {}}]',11,1),(185,'2021-02-25 17:32:05.949102','37','Chapter object (37)',1,'[{\"added\": {}}]',11,1),(186,'2021-02-25 17:32:36.686520','38','Chapter object (38)',1,'[{\"added\": {}}]',11,1),(187,'2021-02-25 17:33:09.422393','39','Chapter object (39)',1,'[{\"added\": {}}]',11,1),(188,'2021-02-25 17:33:34.553825','40','Chapter object (40)',1,'[{\"added\": {}}]',11,1),(189,'2021-02-25 17:33:56.594033','41','Chapter object (41)',1,'[{\"added\": {}}]',11,1),(190,'2021-02-25 17:34:28.064924','42','Chapter object (42)',1,'[{\"added\": {}}]',11,1),(191,'2021-02-25 20:04:04.322845','13','UserToSc object (13)',1,'[{\"added\": {}}]',13,1),(192,'2021-02-25 20:04:08.635120','14','UserToSc object (14)',1,'[{\"added\": {}}]',13,1),(193,'2021-02-25 20:04:11.852254','15','UserToSc object (15)',1,'[{\"added\": {}}]',13,1),(194,'2021-02-25 20:04:16.736549','16','UserToSc object (16)',1,'[{\"added\": {}}]',13,1);
/*!40000 ALTER TABLE `django_admin_log` ENABLE KEYS */;
UNLOCK TABLES;

--
-- Table structure for table `django_content_type`
--

DROP TABLE IF EXISTS `django_content_type`;
/*!40101 SET @saved_cs_client     = @@character_set_client */;
/*!40101 SET character_set_client = utf8 */;
CREATE TABLE `django_content_type` (
  `id` int(11) NOT NULL AUTO_INCREMENT,
  `app_label` varchar(100) NOT NULL,
  `model` varchar(100) NOT NULL,
  PRIMARY KEY (`id`),
  UNIQUE KEY `django_content_type_app_label_model_76bd3d3b_uniq` (`app_label`,`model`)
) ENGINE=InnoDB AUTO_INCREMENT=20 DEFAULT CHARSET=utf8;
/*!40101 SET character_set_client = @saved_cs_client */;

--
-- Dumping data for table `django_content_type`
--

LOCK TABLES `django_content_type` WRITE;
/*!40000 ALTER TABLE `django_content_type` DISABLE KEYS */;
INSERT INTO `django_content_type` VALUES (1,'admin','logentry'),(3,'auth','group'),(2,'auth','permission'),(4,'auth','user'),(5,'contenttypes','contenttype'),(11,'ranks','chapter'),(7,'ranks','novel'),(10,'ranks','novelmessage'),(8,'ranks','noveltag'),(9,'ranks','numtotag'),(12,'ranks','user'),(13,'ranks','usertosc'),(19,'ranks','user_info'),(6,'sessions','session'),(15,'topic','chapter'),(17,'topic','novel'),(14,'topic','novelmessage'),(16,'topic','noveltag'),(18,'topic','numtotag');
/*!40000 ALTER TABLE `django_content_type` ENABLE KEYS */;
UNLOCK TABLES;

--
-- Table structure for table `django_migrations`
--

DROP TABLE IF EXISTS `django_migrations`;
/*!40101 SET @saved_cs_client     = @@character_set_client */;
/*!40101 SET character_set_client = utf8 */;
CREATE TABLE `django_migrations` (
  `id` int(11) NOT NULL AUTO_INCREMENT,
  `app` varchar(255) NOT NULL,
  `name` varchar(255) NOT NULL,
  `applied` datetime(6) NOT NULL,
  PRIMARY KEY (`id`)
) ENGINE=InnoDB AUTO_INCREMENT=39 DEFAULT CHARSET=utf8;
/*!40101 SET character_set_client = @saved_cs_client */;

--
-- Dumping data for table `django_migrations`
--

LOCK TABLES `django_migrations` WRITE;
/*!40000 ALTER TABLE `django_migrations` DISABLE KEYS */;
INSERT INTO `django_migrations` VALUES (1,'contenttypes','0001_initial','2021-02-23 09:28:48.569671'),(2,'auth','0001_initial','2021-02-23 09:28:50.518791'),(3,'admin','0001_initial','2021-02-23 09:28:56.478598'),(4,'admin','0002_logentry_remove_auto_add','2021-02-23 09:28:57.921154'),(5,'admin','0003_logentry_add_action_flag_choices','2021-02-23 09:28:58.010449'),(6,'contenttypes','0002_remove_content_type_name','2021-02-23 09:28:59.071187'),(7,'auth','0002_alter_permission_name_max_length','2021-02-23 09:28:59.748151'),(8,'auth','0003_alter_user_email_max_length','2021-02-23 09:29:00.591044'),(9,'auth','0004_alter_user_username_opts','2021-02-23 09:29:00.642303'),(10,'auth','0005_alter_user_last_login_null','2021-02-23 09:29:01.234225'),(11,'auth','0006_require_contenttypes_0002','2021-02-23 09:29:01.267554'),(12,'auth','0007_alter_validators_add_error_messages','2021-02-23 09:29:01.312121'),(13,'auth','0008_alter_user_username_max_length','2021-02-23 09:29:01.977309'),(14,'auth','0009_alter_user_last_name_max_length','2021-02-23 09:29:02.738252'),(15,'auth','0010_alter_group_name_max_length','2021-02-23 09:29:03.489632'),(16,'auth','0011_update_proxy_permissions','2021-02-23 09:29:03.531584'),(17,'ranks','0001_initial','2021-02-23 09:29:04.829367'),(18,'sessions','0001_initial','2021-02-23 09:29:07.353476'),(19,'ranks','0002_user','2021-02-24 13:34:48.299537'),(20,'ranks','0003_auto_20210224_1334','2021-02-24 13:34:48.870438'),(21,'ranks','0004_auto_20210224_1400','2021-02-24 14:00:29.127278'),(22,'ranks','0005_user_password','2021-02-24 14:16:15.266759'),(23,'topic','0001_initial','2021-02-25 10:29:19.809976'),(24,'register_and_login','0001_initial','2021-02-25 16:52:56.358924'),(25,'register_and_login','0002_auto_20210205_2308','2021-02-25 16:52:56.481024'),(26,'register_and_login','0003_user_info','2021-02-25 16:52:56.817575'),(27,'register_and_login','0004_auto_20210215_1426','2021-02-25 16:52:57.518389'),(28,'novel1','0001_initial','2021-02-25 16:52:59.778572'),(29,'novel1','0002_auto_20210225_1634','2021-02-25 16:53:05.550026'),(30,'novel1','0003_auto_20210225_1652','2021-02-25 16:53:08.905748'),(31,'ranks','0006_delete_chapter','2021-02-25 16:53:09.073261'),(32,'ranks','0007_chapter','2021-02-25 16:53:09.459299'),(33,'ranks','0008_user_info','2021-02-25 16:53:10.412588'),(34,'register_and_login','0005_auto_20210225_1652','2021-02-25 16:53:11.981413'),(35,'topic','0002_auto_20210225_1058','2021-02-25 16:53:15.623869'),(36,'topic','0003_delete_chapter','2021-02-25 16:53:15.790976'),(37,'user_info','0001_initial','2021-02-25 16:53:17.978856'),(38,'user_info','0002_auto_20210215_1430','2021-02-25 16:53:25.105674');
/*!40000 ALTER TABLE `django_migrations` ENABLE KEYS */;
UNLOCK TABLES;

--
-- Table structure for table `django_session`
--

DROP TABLE IF EXISTS `django_session`;
/*!40101 SET @saved_cs_client     = @@character_set_client */;
/*!40101 SET character_set_client = utf8 */;
CREATE TABLE `django_session` (
  `session_key` varchar(40) NOT NULL,
  `session_data` longtext NOT NULL,
  `expire_date` datetime(6) NOT NULL,
  PRIMARY KEY (`session_key`),
  KEY `django_session_expire_date_a5c62663` (`expire_date`)
) ENGINE=InnoDB DEFAULT CHARSET=utf8;
/*!40101 SET character_set_client = @saved_cs_client */;

--
-- Dumping data for table `django_session`
--

LOCK TABLES `django_session` WRITE;
/*!40000 ALTER TABLE `django_session` DISABLE KEYS */;
INSERT INTO `django_session` VALUES ('6j5co5wsa1kqmqtbqbjt3dy2d3d3qs7n','Mzg5MTM3ZTAyZWUyZTljNDI1YTM2MmM1Yzg3ZTRjYmY2YmY2ZjZlNzp7Il9hdXRoX3VzZXJfaWQiOiIxIiwiX2F1dGhfdXNlcl9iYWNrZW5kIjoiZGphbmdvLmNvbnRyaWIuYXV0aC5iYWNrZW5kcy5Nb2RlbEJhY2tlbmQiLCJfYXV0aF91c2VyX2hhc2giOiJlM2I1MjI4YTc2MDhlNGE5MzQ2M2JiMDU3MmQ2OTJmNTE0YzRkNzUwIn0=','2021-03-11 15:18:18.333128'),('blcjpafvp61urd5ssbkixsv7jvgzq82q','Mzg5MTM3ZTAyZWUyZTljNDI1YTM2MmM1Yzg3ZTRjYmY2YmY2ZjZlNzp7Il9hdXRoX3VzZXJfaWQiOiIxIiwiX2F1dGhfdXNlcl9iYWNrZW5kIjoiZGphbmdvLmNvbnRyaWIuYXV0aC5iYWNrZW5kcy5Nb2RlbEJhY2tlbmQiLCJfYXV0aF91c2VyX2hhc2giOiJlM2I1MjI4YTc2MDhlNGE5MzQ2M2JiMDU3MmQ2OTJmNTE0YzRkNzUwIn0=','2021-03-09 09:32:16.246930');
/*!40000 ALTER TABLE `django_session` ENABLE KEYS */;
UNLOCK TABLES;

--
-- Table structure for table `ranks_chapter`
--

DROP TABLE IF EXISTS `ranks_chapter`;
/*!40101 SET @saved_cs_client     = @@character_set_client */;
/*!40101 SET character_set_client = utf8 */;
CREATE TABLE `ranks_chapter` (
  `id` int(11) NOT NULL AUTO_INCREMENT,
  `chapter` varchar(100) NOT NULL,
  `content` longtext NOT NULL,
  `topic_id` int(11) NOT NULL,
  PRIMARY KEY (`id`),
  KEY `ranks_chapter_topic_id_d68a41c7_fk_ranks_novel_id` (`topic_id`),
  CONSTRAINT `ranks_chapter_topic_id_d68a41c7_fk_ranks_novel_id` FOREIGN KEY (`topic_id`) REFERENCES `ranks_novel` (`id`)
) ENGINE=InnoDB AUTO_INCREMENT=43 DEFAULT CHARSET=utf8;
/*!40101 SET character_set_client = @saved_cs_client */;

--
-- Dumping data for table `ranks_chapter`
--

LOCK TABLES `ranks_chapter` WRITE;
/*!40000 ALTER TABLE `ranks_chapter` DISABLE KEYS */;
INSERT INTO `ranks_chapter` VALUES (1,'第一章 我要减肥！','炎炎夏日，位于联邦东部的池云雨林，云雾弥漫，好似一层薄纱环绕，一棵棵参天古树，纵横交错，繁茂的树冠中，时而有几只飞鸟腾空而起，嘶鸣着翱翔于天际间。\r\n\r\n    天空上，那仿佛可以永恒存在的太阳，已然不再是人们记忆里的样子，而是在多年前，被一把庞大到难以形容的青铜古剑，直接刺穿，露出小半个剑尖！\r\n\r\n    这古剑似经历万古岁月，自星空而来，透出无尽沧桑，更有一股强烈的威压，形成光晕，笼罩苍穹，仿佛能镇压大地，让众生膜拜！\r\n\r\n    远远看去，这一幕剑阳雨林，好似一副画卷，直至远处传来嗡嗡之声，才被打破。一艘红色的大热气球船，正于雨林上方缓缓飞来。\r\n\r\n    这热气球船舱很大，足以容纳数百人，能看到很多少年男女，在甲板上三五成群，时而传出欢声笑语。\r\n\r\n    他们，是来自凤凰城中，这一届考入联邦四大道院之一，缥缈道院的学子，正乘坐这属于缥缈道院的飞艇，跨越万里，前往缥缈道院求学。\r\n\r\n    或许是对求学的期待，旅程对于这些少年男女来说并不枯燥，男女之间，更有一些朦胧的吸引，使得这万里之旅，别有一些乐趣。\r\n\r\n    又因路途遥远，所以在这飞艇上，配备了食馆，修灵室、医务室等区域。\r\n\r\n    此刻，飞艇的食馆中，学子不少，其中一处饭桌旁，坐着一个挺着肚皮的小胖子。\r\n\r\n    这小胖子约莫十七八岁，穿着蓝色的宽大长袍，圆圆的小脸勉强也算眉清目秀，正一边拍着肚子，发出啪啪的声音，一边追悔莫及的望着面前七八个空空的盘子。\r\n\r\n    “这一顿吃下去又要涨三斤，我怎么就没忍住呢，想要成为联邦总统，我不能英年早逝啊。”小胖子愁眉苦脸，懊悔不已时，打了个饱嗝。\r\n\r\n    这小胖子叫王宝乐，也是这一次考入缥缈道院的学子，他这一生的梦想，就是当官，把成为联邦总统，当成了自己的毕生追求，之所以有这样伟大的理想，与他的童年经历密不可分。\r\n\r\n    他的记忆里，小的时候父亲经常语重心长的拍着他的头，感慨唏嘘。\r\n\r\n    “宝乐，还是当官好啊，你要记得，钱虽然可以解决一切，但还是会被人欺负，想要不被人欺负，只有当官，成为人上人。”\r\n\r\n    开始的时候王宝乐不懂，直至他小学时，因为没有按时交作业，被班长喝斥，在他送了两块糖后，又被班长记名，向老师打小报告，这一切，在他幼小的心灵中，留下了不可磨灭的烙印。\r\n\r\n    于是从那一刻起，他就想当班长，不是去欺负人，而是为了自己能不被别人欺负。\r\n\r\n    可随着长大，他发现能欺负班长的还有好多，于是觉得成为最大的官，也就是联邦总统，就真的没人敢欺负自己了。之所以削尖脑袋考入缥缈道院，也是因为联邦所有高官，都是在四大道院毕业的。\r\n\r\n    只是他命不太好，家族血脉很是奇葩，他至今还记得一年前的那天夜里，枯瘦如柴的父亲在家族的祠堂，给他看了一眼族谱。\r\n\r\n    那是王宝乐第一次看到族谱，他清晰的看到，一代代祖先，但凡体重超过二百斤的，无不英年早逝，活不过三十五。\r\n\r\n    那一夜，王宝乐做了一个梦……他还没等成为联邦总统，就与那些胖爷爷们，团聚了。\r\n\r\n    之后的一年，对他来说，减肥这种事情，已经上升到了一定的高度，可哪怕联邦步入灵元纪后，随着灵气的浓郁，随着古武的复起，减肥的办法也都五花八门，但王宝乐几乎尝试了所有，体重依旧稳中有进。\r\n\r\n    记忆的浮现，让王宝乐狠狠一咬牙，下定决心明天再减肥。\r\n\r\n    有了这样的决定后，王宝乐顿时觉得压力小了很多，一边剔着牙，一边哼着小曲，抬头望着远处窗外蓝天，脑子也开始活泛了起来。\r\n\r\n    “也不知道送给卢医师的礼物，他喜欢不喜欢，那可是我从家里顺出来的古董，那老家伙应该会喜欢吧。”王宝乐安慰自己，琢磨着只要傍上了卢医师，以后自己在道院里，也算有了个小靠山。\r\n\r\n    “老师权力有限，不过以后也要送点礼物，但这卢医师大把年纪，必定人脉不小，我这一步，应该是走对了。”想到这里，王宝乐美滋滋的，只觉自己向联邦总统的位置，又近了一步。\r\n\r\n    他对自己能成为联邦总统，很有信心，这信心主要是来自于他从小到大钻研的所有高官自传，甚至还总结出了几招当官杀手锏。\r\n\r\n    此刻身心愉悦，王宝乐看向窗外的蓝天，也都觉得格外美好。\r\n\r\n    可很快的，他就眼睛突地睁大，注意到远处天空，有一片黑色的云层凝聚，弥漫如欲遮天，其内有雷电，闪烁出一道道电光，正缓缓靠近，这一幕也引起不少学子的注意，传出惊呼。\r\n\r\n    “是雷磁暴！”\r\n\r\n    王宝乐也吃了一惊，实在是联邦踏入灵元纪后，因灵气的出现，导致天地间滋生了不少惊人的气象，曾经的飞行物难以安全，这才有了依靠灵石驱动的热气球飞艇的诞生。\r\n\r\n    随着不断地惊呼，轰隆隆的雷鸣突然传来，巨响惊天，能看到远处雷磁黑云飞速壮大，其内闪电已经蔓延开来，如同黑色的大网，闪烁天际，耀目惊心，让人心跳不由加快，原本行驶中的飞艇，此刻也慢慢减速。\r\n\r\n    就在这众人心神不宁时，食馆大门被人推开，仿佛有风呼啸，走进一个身穿白色道袍的老者，这老者满脸皱纹，可却仙风道骨，面容端正，尤其是双目精光闪耀，一身正气散及四方，刚一到来，他威严的声音，就传遍整个食馆。\r\n\r\n    “所有人，立刻于修灵室报道，穿上你们的磁灵服，半柱香后，我们将进入雷磁区！”\r\n\r\n    话语一出，食馆的众学子纷纷敬畏，赶紧站好。\r\n\r\n    王宝乐眼睛一亮，眼前这老者，正是他之前送过礼的卢医师，此刻望着对方那龙行虎步般的气势，王宝乐越发觉得自己之前的投资没错，暗道这老家伙必非常人，而自己更是棋高一手。\r\n\r\n    正美滋滋的得意时，那老医师目光一扫，看到了王宝乐，哼了一声，走了过来，从怀里拿出半块黑色的面具，扔在了王宝乐身上。\r\n\r\n    “小小年纪，心思不要放在一些乱七八糟的地方上，你还没入道院呢，就学会了送礼，老夫也是见多识广的人，你这面具，还是自己留着吧。”老医师神色肃然，一副清廉刚正的模样，仿佛恨铁不成钢一般训斥道。\r\n\r\n    王宝乐接过面具，心底咯噔一声，看出老医师这是生气了，有些着急，刚想去解释，可忽然想到自己在那些高官自传上总结的杀手锏，其中一条就是在上司面前，厚着脸皮第一时间承认错误，往往可大事化小。\r\n\r\n    于是深吸口气，赶紧摆出一副悔悟的模样，承认错误。\r\n\r\n    “老师说的对，我错了！”\r\n\r\n    老医师有些诧异，原本要训斥的话语，因对方如此痛快的认错，有些说不下去了。\r\n\r\n    王宝乐看到老医师的表情，松了口气，又有一些得意，暗道这高官自传，的确有用啊。\r\n\r\n    老医师哼了一声，抬头扫向整个食馆所有学子，右手一指众人。\r\n\r\n    “还有你们，你们都是我缥缈道院未来的学子啊，看看你们这些天是什么样子，你们要永远记得，我辈武者，当先立身，再立言，而后立行！”\r\n\r\n    老医师深恶痛绝，这番话语回荡食馆，让所有人听到后，都不由低头，有些惭愧，而王宝乐这里，则眼睛猛地一亮，觉得表现自己的时候到了。\r\n\r\n    于是飞速从怀里拿出一个小本，在上面记录起来，不时抬头看向老医师，露出聆听的表情，还时而认真的点头，仿佛要记住对方说的每一个字，这一招，也是他在高官自传上总结出的杀手锏。\r\n\r\n    其他同学看到这一幕，如看神人一般望着王宝乐。\r\n\r\n    老医师在看到后，也瞬间呆了一下，一种前所未有的怪异之感，不由浮上心头，实在是他迎来送往这么多届学生，这还是第一次遇到如此奇葩之人，不由多看了几眼，但却渐渐冷笑起来。\r\n\r\n    “小家伙，老夫的马屁可不是那么好拍的，你要感谢这雷磁暴，不然的话，老夫能一口气训上三天三夜，我看你能不能都写在小本上！”\r\n\r\n    老医师话语一出，气势顿时不同，一股强者的气息，从其身上散出，好似化作威压，笼罩整个食馆，众学子无不惊呆，只觉着这场斗法，还是老医师道高一尺。\r\n\r\n    王宝乐眨了眨眼，摸了摸口袋里的录音玉简，权衡了好久，又看了看不断逼近的雷磁暴，还是放弃了拿出的念头，他觉得在上司面前怂，不丢人。\r\n\r\n    眼看众人神情，老医师内心得意，又慷慨激昂的说了几句。\r\n\r\n    “你们记得，要把心思放在修炼上，日后做人，不能贪婪，不能无义，更别总想着找什么女伴，须知色字头上一把刀，这些天，你们卿卿我我的实在太不像话！”\r\n\r\n    正说到这里，突然的，一个娇滴滴的声音，从老医师的传音镯内飘出。\r\n\r\n    “医师老爷爷，你在哪里啊，人家不会系这个磁灵服，你快来帮帮我。”\r\n\r\n    这声音娇媚，老医师一听，身子不由自主的抖了一下，勉强干咳一声，严肃的瞪了一眼众人，这才心急火燎的转身离去，同时冲着传灵镯激动的开口。\r\n\r\n    “喔，来了来了，小宝贝不急，我这就过来帮你。”\r\n\r\n    这一幕逆转太快，反差太大，众人全部傻眼，就连王宝乐也都愣了一下，好半晌才倒吸口气，随着众人忍不住的哗然，王宝乐咬牙切齿，也骂了几句。\r\n\r\n    “无耻！这老色鬼，之前说的那些都是屁话！女同学就只有这么多，我们都不够分，他这么大把年纪，还来和我们抢资源，不就凭着大小是个官么！”王宝乐越想越气愤，与四周同学议论中，心底对自己当官的梦想，更加坚定了。\r\n\r\n    随着警报声的加剧，众人这才结束了议论，一个个心底愤愤的去了修灵室。\r\n\r\n    修灵室，处于飞艇核心区域，顾名思义，是给这些学子修炼的场所，同时也是飞艇在路过特殊区域的过程中，保护最严密的地方。\r\n\r\n    此刻在这修灵室内，随着众人汇聚，在缥缈道院随船的老师安排下，所有人端坐数排，穿上缥缈道院发放的飞艇专用磁灵服。\r\n\r\n    刚刚穿好磁灵服，王宝乐正沉浸在对卢医师的不忿中，随意抬头看了看四周，本就郁闷的情绪，因远处一道目光，顿时更为恶劣，不自觉的眉头皱起，露出嫌弃的样子。\r\n\r\n    他目光之处，坐着一个双腿修长的女生，很是动人，可眼下也是蹙眉，露出厌恶的模样，显然在他们相互的目光里，对方都是熟悉且极为厌恶的。\r\n\r\n    “晦气！”二人都心底嘀咕，赶紧避开目光，仿佛就连彼此看一眼，都觉得辣眼睛。\r\n\r\n    “在哪里都能遇到这个平板杜敏，烦死了！”王宝乐嘀咕一声，实在是他与这个叫做杜敏的女生，从小到大，都是在一个班级里，尤其对方平日里趾高气扬，凭着班长身份，不断地刁难自己，当年那两块糖，就是送她的……\r\n\r\n    “有什么了不起的，不就是个破班长么，等到了道院，凭着我的官场杀手锏，老子也能混个一官半职！”王宝乐哼了一声。\r\n\r\n    很快的，在众人都穿戴完毕，缥缈道院随船的老师一一检查后，他们交代了一番注意事项，更是严厉告诫众人，飞艇进入雷磁区后，存在危险，有一定可能出现生死危机。\r\n\r\n    待看到众人都神色变化，这些随船的老师才肃然的离去，修灵室的大门，也直接密封起来，灯光也渐渐暗下。\r\n\r\n    此刻的修灵室，虽还是有低声交谈，可随着时间的流逝，紧张感越发的强烈，渐渐无人说话，陷入彻底的安静。\r\n\r\n    在这仿佛可以听到自己心跳的寂静中，哪怕还处于不忿中的王宝乐，也都不由得紧张起来，直至半柱香后，整个飞艇猛地一震，进入雷磁区域！\r\n\r\n    从外面看去，整个雷磁黑云磅礴无比，好似一张大口，将与其比较，很是渺小的热气球飞艇，直接吞噬。\r\n\r\n    这种气象，似蕴含了毁灭之力，能横扫一切，或许只有苍穹上，那一轮触目惊心的剑阳，才可以无视所有，仿佛俯视人间三十七年不够，还要更久。\r\n\r\n    这一年，是灵元三十七年。\r\n\r\n    公元三零二九年，地球科技发展飞速，没有了国界，实现了地球大一统，进入了联邦时代，也正是在这个时候，一把大剑从星空飞来，穿透太阳，世界轰动。\r\n\r\n    这大剑的剑柄，或许是因本就残破，在这剧烈的震动中破裂大量碎片，洒遍星空，其中有一部分落在了地球各地。\r\n\r\n    随着青铜大剑的到来，随着碎片的落下，地球上突然多出了一种似乎弥漫天地间，源源不绝的新能源，后被命名为……灵气！\r\n\r\n    灵气如空气，有的地方浓郁，有的地方稀薄，又因那些洒落的碎片被联邦以及各方势力获得，在上面找到了有关修炼以及炼器，炼丹，还有炼灵石的种种功法，其上文字充满古意，导致人们接触古文，成为潮流。\r\n\r\n    而灵气的出现，也迅速淘汰了原有的能源，改变了人们的生活，不但形成了灵网，也改变了地球文明的进程，使得整个地球，开启了修行文明。\r\n\r\n    从此古武兴起，世界大变革，全民修仙的时代，因而开启。\r\n\r\n    史称，灵元纪。\r\n\r\n    而此刻，在雷磁黑云内，那艘缓缓行驶的红色热气球飞艇，其四周闪电无数，不断地轰击而来，好在有柔和光幕扩散防护左右，使得飞艇安稳无比。\r\n\r\n    至于船舱核心区域的修灵室内，此刻所有学子包括王宝乐在内，都已不知不觉的沉睡，好似有一股奇异的力量，引导他们进入梦境。\r\n\r\n    唯独在船首的主阁中，此刻有七八个老师，有的喝茶，有的含笑，正相互轻松的交谈，与他们之前吓唬学生们的样子，截然不同。\r\n\r\n    为首之人是个老者，满脸皱纹，拿着烟枪，正一口口抽着，若是王宝乐在这里，必定一眼认出，这老者，正是之前无耻的卢老医师。\r\n\r\n    “掌院，已经都准备好了，咱们缥缈道院这一届的分区试炼，是不是可以开始了？”随着一位中年老师的开口，那抽着烟的老医师，微微一笑。\r\n\r\n    “开始！”\r\n\r\n    -----\r\n\r\n    虽然只是一更，可近5000字，小哥哥小姐姐们，求鼓励，求收藏，求推荐票啊！！\r\n\r\n    新书幼苗，需要关爱，急需守护~~~',1),(2,'第二章 王宝乐，你干了什么！','午夜，月明星稀。\r\n\r\n    依旧是池云雨林，只不过夜晚的这里多了一些阴凉，偶尔还能看到一些雨水汇聚的河流，于月光下明媚，但时而传来的鸟兽戾鸣，却让人忍不住升起不安。\r\n\r\n    此刻，在这雨林的一角，一处河流旁，月光下能看到两个虽有狼狈，可却清纯的少女，高挑可爱，春兰秋菊。其中那高挑之女紧张警惕左右，至于可爱娇娥则解下内衣，露出雪白的肌肤，正蹙眉清洗腋下的擦伤，眉目中带着迷茫，轻声低语。\r\n\r\n    “杜敏，都三天了，也不知道什么时候救援的人能来，咱们营地里的食物也快不够了。”\r\n\r\n    被唤做杜敏的高挑女生，闻言沉默，对于她们来说，这三天整个人生都转变了，三天前还是缥缈道院的学子，三天后却失陷在了此地，到处隐藏着危机。\r\n\r\n    这池云雨林看似美好，可实际上地面潮湿腐烂，时而露出兽骨，还有很多一尺多长的蜈蚣以及花花绿绿的小蛇出没，让人头皮发麻。除此之外，更有灵元纪以来，与人类一样飞速蜕变的各种凶兽，力大无穷，极为凶残，使得荒野成为了人们的禁区。\r\n\r\n    只是此刻，在二女苦涩时，于她们不远的一颗大树下，正有一个小胖子，正满是不忿的站在那里，抬头尿尿。\r\n\r\n    这小胖子正是王宝乐，他没有注意到正在清洗伤口的二女，也没有去看脚下地面上的一朵原本亭亭玉立般的小花，正在被水流压制的凌乱摇晃……\r\n\r\n    “该死的，我王宝乐枉称察言观色，能看透世间万般人心……居然没有想到，竟被缥缈道院给算计了！”\r\n\r\n    “这缥缈道院太贼了，演的跟真的一样，为了让我们相信，居然让所有人都看到飞船爆开！”王宝乐心底愤愤，实在是这三天，对他而言也是惊魂不已。\r\n\r\n    三天前，他与同学们在修灵室内不知不觉睡着，被一声巨大的轰鸣惊醒，来不及思索太多，身体就被一股冲击力直接推出飞艇，好在修灵服本身就有缓冲与避雷的作用，这才勉强落在了雨林内，可却亲眼目睹飞艇在雷磁暴中崩溃爆开。\r\n\r\n    之后的三天，王宝乐与众人分散在丛林中，食物的缺少，野兽的凶残，对未来的迷茫与恐惧，使得所有学子在这大变下，都或多或少的露出了一些性格里的本性，有人抱团，有人独行，有人果断，有人懦弱。\r\n\r\n    虽说弱肉强食这项法则，对于他们这些刚刚考入缥缈道院的学子而言，太突然了，可在这大变下，仿佛萌芽被激发，无论是贪婪还是凶残，无论是无私还是善良，都被凭空放大。\r\n\r\n    “无耻！”王宝乐心底嘀咕了一句，他三天前还真的以为这一切都是真实的，吓得他哪怕又遇到了死对头杜敏，也都强忍着，留在了对方所在的营地里。\r\n\r\n    直至如今三天过去，在吃不饱的状态下，他通过自己传音戒的体测功能，发现自己的体重竟然奇迹般的掉了六七斤的样子后，他震惊中狐疑起来。\r\n\r\n    实在是王宝乐的经历与众不同，他曾经为了减肥，一个个月几乎不吃不喝，疯狂运动，可也不知怎么回事，体重不但没减少，反而增加了三斤！\r\n\r\n    如今三天的时间，就掉了六七斤，这对他而言，根本就不可能！\r\n\r\n    尤其是他回忆起自己曾经在一些高官的自传里，看到有人唏嘘道院生涯时，曾隐晦的提起，似乎道院每隔一段时间，都会有所谓的新生考核。\r\n\r\n    若不是王宝乐钻研的彻底，也很难注意到这一点，如今这么一联想，眼前这一切，他虽不知缥缈道院如何做到如此逼真，但极有可能是百密一疏，以正常人的代谢来作为构建标准，而自己显然不是正常人……\r\n\r\n    他有五分把握，眼前这一切，应该是虚幻的。\r\n\r\n    而让他真正完全确定自己判断的证据，则是怀里那曾经被老医师退回来的……半块黑色面具！\r\n\r\n    想到这里，正在尿尿的王宝乐，不由得低头看了看自己的胸口，心底升起一丝说不出的怪异感。\r\n\r\n    实在是他清楚地记得在踏入修灵室前，他把这半块黑色面具随意的放在了怀里，之后遇险，也没空去理会，直至不久前，他无意中发现这面具虽看似如常，可实际上竟然伸手就能穿透，仿佛永远无法触及。\r\n\r\n    就好似这可以模拟万物的虚幻世界，难以解析其结构，重塑实质。\r\n\r\n    甚至随着时间的流逝，就连其外在形状，也都开始虚幻起来，同时浮现出一些模糊看不清的字迹。\r\n\r\n    虽难以看清，可这面具的变化，让王宝乐原本五成的把握，变成了十成！\r\n\r\n    而按照这样的思路去分析，如果这是一场以虚假的灾难形成的考核，就不难猜出其考核的方向。\r\n\r\n    “不可能是看谁强谁弱，毕竟大家都还没接触古武，那么这一次考核的目的，就只能是考察危机时刻的心性，或许还有考察对道院的信心？”王宝乐一边尿尿，一边脑子不断地转动，不时还打几个尿颤。\r\n\r\n    他面前的小花，越发凌乱时，王宝乐呼吸微微有些急促，他觉得自己很有必要抓住眼下这个机会，去给自己加分。\r\n\r\n    “就这么干了！”想到这里，王宝乐用力的抖了抖，刚要提上裤子，可忽然的，他看到了不远处的小河。\r\n\r\n    月光下，杜敏虽然站在那里，可王宝乐的目光里已经没有了她，只有一个正在清洗伤口的可爱少女，以及其胸前那亭亭玉立的……小白兔。\r\n\r\n    “居然有人形凶兽！”王宝乐眼睛猛地睁大，倒吸口气，心跳加速，可刚看了一眼，正在警惕四周的杜敏，似有所察觉，看去时，与王宝乐目光不由得就对望在了一起，一愣之后，神色大变，可还没等她尖叫，王宝乐就眼睛一瞪，一边提起裤子，一边抢先大吼。\r\n\r\n    “你看什么看，没见过男人尿尿啊！”\r\n\r\n    他话语一出，杜敏只觉得自己所有的话，都被王宝乐这一句，全部噎了回去，气的浑身发抖，她长这么大，只见过王宝乐一个如此厚颜无耻之人，不由得怒骂起来。\r\n\r\n    “死胖子，你也算男人！”\r\n\r\n    这句话一出，王宝乐险些气胖了一圈，他从小到大与这嘴毒的杜敏都是死对头，相互看对方不顺眼，偏偏二人又都在一个班级，如今又一起考入到了缥缈道院，此刻王宝乐深吸口气，哼了一声。\r\n\r\n    “死平板，胸都没我大，你也算女人！”\r\n\r\n    杜敏一听这话，差点喷出一口鲜血，额头青筋鼓起，正要冲过来时，王宝乐长叹一声。\r\n\r\n    “我这清白身躯，被你们看的清清楚楚，我以后怎么做人啊。”他一脸生无可恋，提着裤子，转身就跑，心底则是怦怦加速跳动，背后全是冷汗，暗道还好自己反应快，不然就危险了。\r\n\r\n    眼看王宝乐要逃，杜敏杏目怒张，飞速追来，其后小河里的可爱娇娥，则是在听到了二人的恶毒对骂后，一脸茫然，浑然不觉自己被王宝乐占了便宜，看到杜敏追出，她这才穿上衣服，脸红的迅速追来。\r\n\r\n    此刻随着杜敏的怒斥声，雨林的平静被打破，前方丛林内他们这一处临时营地的方向，立刻就有人群闻声快速赶来，堵住了王宝乐的路。\r\n\r\n    当首之人，是一个穿着白衣的青年，这青年拿着火把，身体高大，剑眉星目，于人群中很是显眼，四周更有不少学子将其簇拥，显然是以他为首。\r\n\r\n    此人正是王宝乐所在的这一处抱团的营地内，于这三天里，团结众人，展现出个人魅力的柳道斌。\r\n\r\n    “王宝乐，你干了什么！”柳道斌一眼就看到杜敏二女从远处带着怒气追来，而被她们追着的王宝乐，则是边走边系裤子……这诡异的一幕，让柳道斌愣了一下，他对杜敏早就有心思，此刻本能的对王宝乐就厌恶起来。\r\n\r\n    “我只是尿了个尿……”王宝乐话语还没等说完，忽然的从远处正跑来的杜敏二人那里，传出一声强烈的尖叫声。\r\n\r\n    在这声音出现的刹那，一股腥气眨眼间就弥漫此地，更有沙沙的声音好似潮水一般，急速如风暴的扩散开来。\r\n\r\n    王宝乐猛地转头，与此同时柳道斌以及其他学子神色一变，他们的目中看到在远处杜敏以及可爱少女的四周，丛林的地面上，树枝上，竟在这一刻，涌现出了数不清的蛇！\r\n\r\n    那些蛇花花绿绿，看起来充满毒性，且数量实在太多，远远一看如同蛇海，将杜敏二人死死的围困在内。\r\n\r\n    看着四周有那些数不清的毒蛇，二女神色大变，尤其是它们已然张开了满是毒牙的蛇口，毒液流下，发出嘶嘶的声音，腥气令人作呕。\r\n\r\n    柳道斌身体一震，没工夫理会王宝乐，直接就冲向杜敏，其后也有一些学子，眼睛赤红，飞快上前要去救援。\r\n\r\n    这一切发生的太快，就在众人欲上前救助的瞬间，突然的，远处的丛林地面上，传来一声震慑心神的婴啼，有一条手臂粗细的红线，哪怕是在黑夜，也依旧清晰无比，展开惊人的速度，正直奔此地。\r\n\r\n    时而飞跃出的身体，露出苍白的头颅，那已经不像是蛇头了，分明就是一个婴儿的面孔，只是目中露出的是让所有人都内心咯噔的狂暴。\r\n\r\n    “红骨白婴蛇！！”学子中有人认出，心神惶乱，失声惊呼，齐齐后退。\r\n\r\n    柳道斌更是头皮要炸开，汗毛耸立，心底狂颤，实在是这红骨白婴蛇名气太大，列入联邦灵元纪的千凶之列，此蛇身体虽脆弱，速度也并非极致，可它的毒性之大，沾染一丝就会瞬间化作血水，只留下一具红色的骨头，因而得名。\r\n\r\n    哪怕他心底爱慕杜敏，可若因此丧命，他本能觉得得不偿失，下意识后退，远远避开，生怕那红骨白婴蛇杀的兴起，将他们也一同葬身其口。\r\n\r\n    王宝乐这里，看到这一幕后，先吸了口气，但随即立刻意识到这一切实际上都是虚假的，顿时就轻松起来，眼睛一亮，暗道自己在老师面前表现的时机，出现了。\r\n\r\n    “反正都是假的，老子怕个鸟。”想到这里，王宝乐顿时挺起胸膛，望着那些逃回来的同学，目中露出深深的鄙视。\r\n\r\n    “虽然杜敏这个平板妹牙尖嘴利，长得又难看，总是利用职权刁难我，可我王宝乐是一个高尚的人，一个正直的人，一个不害怕牺牲的人，一个脱离了庸俗的人，一个有益于同学的人！”\r\n\r\n    “如此危险的环境，我王宝乐岂能后退，别人怕死不敢去，但……为了我的同学，我敢！”\r\n\r\n    这无耻的胖子，此刻都快被自己的言辞所感动，难道他真的忘了这里是虚假的世界了么？可他偏偏好像自己都忘记的样子，在那里陶醉起来，仿佛只有这里是真实的，才可以配得上他的英勇。\r\n\r\n    “板儿，今天就让你看看，什么叫男人！”\r\n\r\n    在这众人因恐惧倒退的瞬间，王宝乐非但没有后退，反倒是发出了一声大吼，他抿着嘴唇，抬起下巴，仿佛这一刻那圆圆的小脸，有一种如刀刻般的锐利，充满了男性的气息，龙行虎步，势如破竹一般冲入蛇群。\r\n\r\n    气势如虹，威武非凡的身影，好似代表了正义，直奔杜敏二女而去！\r\n\r\n    这一幕，顿时就让杜敏呆了一下，哪怕身处蛇群，也依旧有种强烈的不适应，但她身边的可爱娇娥，已经忍不住激动起来。\r\n\r\n    至于其他人，也都被王宝乐的大吼以及气势震慑，眼看着王宝乐在那红骨白婴蛇靠近杜敏二女的一瞬，蓦然临近，仿佛天神降临，一把抓住那人人敬畏的红骨白婴蛇，狠狠的扔向远处。\r\n\r\n    这一刻的他，浑身上下散发出威武霸气，如同圣人附体，一身正气散及八方，随后他没有半点停顿，一把抱住了激动的可爱娇娥，又一把将愣着的杜敏夹在腋下，直奔人群飞奔而回。\r\n\r\n    只是这四周蛇群太多，他在来回的过程里，屁股上还是被咬了好几口，当赶回来时，他的面色已经发黑，可咬牙支撑，直至将杜敏二女安全送回，这才脚下踉跄，失去了力量，倒了下来。\r\n\r\n    “好像有点冲动了……屁股好痛，证明真男人好辛苦啊。”王宝乐心底哀忿，眼看杜敏此刻依旧是傻了一样的望着自己，至于可爱娇娥则是双目都带着异样与感激，还有四周众人那一个个如见了鬼一般的神情，他虽眼皮有些沉，可心底还是升起一些得意。\r\n\r\n    只是此刻屁股的伤口由痛转麻，王宝乐赶紧一把抓住杜敏的小手。\r\n\r\n    “杜敏，我对你有救命之恩，我现在已经感觉不到屁股的存在了，我听说蛇毒如果被吸出来，是可以得救的，你帮帮我……”没等说完，王宝乐实在忍不住眩晕，脑袋一歪，眼看就要枕在杜敏的胸前，可他突然意识到了什么，强向改变方向，落在了可爱娇娥的小白兔上。\r\n\r\n    眼看这一幕，四周众人都神色古怪，杜敏更是在看到王宝乐就连昏迷，也都露出那嫌弃的样子，面色顿时黑了。\r\n\r\n    此时此刻，在联邦境内，远离池云雨林，距离缥缈道院越来越近的天空上，一艘红色的飞艇中，修灵室内，数百学子安静的沉睡其中，王宝乐也在里面，似有美梦，歪着脑袋，嘴角带着享受的笑容。\r\n\r\n    而在飞艇的主阁里，包括老医师在内，所有的老师，一个个都目瞪口呆，睁大眼睛，看着他们面前浮现的诸多水晶画面里的其中一个。\r\n\r\n    那画面内，正是池云雨林内，救下了杜敏后，昏迷的王宝乐。\r\n\r\n    “这小胖子叫什么名字！”\r\n\r\n    “虽是梦境迷阵，可却与真实完全一样，他在里面的表现，就是他真正的心性！”\r\n\r\n    “如此勇敢，如此为了救同学的无畏之意，这孩子是个百年难遇的好苗子啊！是我们道院最渴望获得的优秀学子！！”\r\n\r\n    好半晌，众老师纷纷惊呼，看向王宝乐时纷纷赞赏不已，更有一些老师已经心动，在考虑要不要直接将王宝乐拉拢过来，加入自己的学系内。\r\n\r\n    就连缥缈道院的掌院，那位老医师，也都有些傻眼，他心底迟疑，隐隐觉得有些不对头。\r\n\r\n    “难道我真的看走了眼？”沉吟间，他索性从学子档案里取出了王宝乐的那一份，低头看了起来。\r\n\r\n    -----------\r\n\r\n    又是5000字大章！\r\n\r\n    陪伴是最长情的告白，诸位大大们，能否守护三寸人间，让她从檐上的三寸雪，成为人间惊鸿客！',1),(3,'第三章 好同学，一切有我！','当王宝乐醒来的时候，在这梦境迷阵内，已经过去了一天的时间，蛇群的毒没有众人想象中那么剧烈，随行的同学中有人擅长治疗蛇毒，也就使得王宝乐的美好愿望落空。\r\n\r\n    好在随着他的苏醒，名叫周小雅的小白兔对他照顾无微不至，杜敏也罕见的没有与他针锋相对，这就让王宝乐心底舒坦，心里又开始琢磨自己的救人表现，必然会被老师们看到，想来自己这一次考核，应该能加分不少。\r\n\r\n    他唯独郁闷的，就是在之后的几天里，团队众人穿梭丛林，寻找其他同学的路上，柳道斌也不知道吃错了什么药，也许是因为之前的事情愧疚，所以一路上遇到一些小危机，总是抢着带人出手，迅速化解，使得本就虚弱的王宝乐，没有丝毫表现的机会。\r\n\r\n    偏偏又没有出现如蛇群那般大的事件，这就让王宝乐觉得自己一身通天的本领，却没有用武之地，满是郁闷中，只能看着柳道斌在那里不断刷考核分。\r\n\r\n    “这柳道斌再这么下去，说不定隐藏的考核分，就比我高了！”到了最后，王宝乐都焦急了，不过这种情绪没有持续太久，第二天深夜时，在一处一线天的山体下扎营的他们，听到了一声声凄厉的狼嚎。\r\n\r\n    那声音仿佛可以穿透山石，让所有人都耳骨刺痛，蓦然惊醒，纷纷望去时，立刻看到在他们的前方，那无尽的丛林内亮起了一双双血红色的眼睛。\r\n\r\n    月光下数不尽的凶狼，成扇形包围而来，这些狼群有的在地面飞奔，有的则是跳跃在树枝上，口中发出的狼嚎，目中露出的嗜血，让人望之色变！\r\n\r\n    这一幕，仿佛形成了压抑的狂风，直接就让柳道斌等人面色大变，冷汗淋漓，头皮发麻。\r\n\r\n    “快跑，有狼群！”\r\n\r\n    “是幽骨狼，数不清的幽骨狼！”。\r\n\r\n    一旁的杜敏在经历了蛇群事件后，仿佛一下子就成长了不少，立刻就高呼，让众人进入一线天，利用那里的山堑阻挡狼群。\r\n\r\n    柳道斌脸色变幻不定，最后狠狠一咬牙，面对群狼，并没有立刻撤退，而是召唤同学阻挡拖延时间。\r\n\r\n    小白兔慌乱中扶着王宝乐，身体虽发抖，可却拉着他随人群跑向一线天，只是王宝乐这里，此刻早已急了。\r\n\r\n    在王宝乐看来，之前一些小分让给柳道斌也就罢了，现在好不容易遇到这么大的机会，他岂能让柳道斌抢走，眼睛里瞬间好似有圣火点燃，他身体一下子重新威武，脚步猛地一顿。\r\n\r\n    “小雅学妹，你先走！”\r\n\r\n    王宝乐说完，径直朝着柳道斌那里飞奔，一把抓住柳道斌，在对方还楞怔时，直接就将其扔去一线天的方向，口中还大吼。\r\n\r\n    “兄弟，你先撤，这里有我！”\r\n\r\n    柳道斌整个人彻底懵了，没等反应过来，就看到王宝乐义无反顾的冲向狼群。\r\n\r\n    “大家快走，我来掩护！”这一刻的王宝乐，那种正义与神圣，再次爆发出来，远处的小白兔看向王宝乐时，心神再次被颤动。\r\n\r\n    也有一些男同学，本已经进入一线天，可被王宝乐这里鼓舞，热血上涌，纷纷掉头，正要追随他的脚步，可却被红着眼的王宝乐一脚一个，全部踹了回去。\r\n\r\n    “好兄弟们，你们先走！”王宝乐正义凛然，大吼一声，可心底却在警惕，生怕别人和他抢分！\r\n\r\n    在他看来，这些狼群，哪怕样子再狰狞，可却都是考核分啊。\r\n\r\n    至于那些被他踹回一线天的学子们，此刻一个个身体狂震，目中露出感动，实在是在他们看来，这一刻的王宝乐，那舍身为人的身影，高大威猛，不由得，有那么几人，浑身热血沸腾，竟又冲了上去。\r\n\r\n    王宝乐顿时急了，赶紧上去又一个个推了回去，他生怕那几人再上来，索性一咬牙，直接在一线天的入口处，抬起双手，按在了岩壁上，用自己的身体形成了一面人肉之墙，口中更是焦急狂吼。\r\n\r\n    “我身中蛇毒，注定跑不掉了，不要管我，你们快走。”\r\n\r\n    这句话王宝乐说的真情流露，让那几人身躯震颤不已，也正是在这个时候，狼群忽然加速冲来，成群成片，嘶嚎慑神，嗜血之意弥漫八方，疯狂扑临，直奔王宝乐。\r\n\r\n    这一幕，顿时就让一线天内正在后撤的众人，身心俱为震撼。\r\n\r\n    “王宝乐，你快回来！”\r\n\r\n    “天啊，他为了不成为我们的累赘，去用血肉阻挡狼群啊！”小白兔，杜敏以及所有一线天内的众学子，无不强烈触动，只觉得这一刻的王宝乐，那圆圆的身躯好似一座雄伟的大山，成为他们记忆里永恒的画面。\r\n\r\n    柳道斌同样被打动，呼吸急促，他之前原本还对王宝乐有些不忿，可如今这不忿彻底消散，留下的只是深深的震撼。\r\n\r\n    实在是这一刻的王宝乐，他举起双手支撑岩壁，化作人墙的身影，好似擎天！\r\n\r\n    这个动作做完后，王宝乐自己都被感动了，他觉得自己如果是老师，看到这一切后，必定也都会深有触动。可他还想着加更多的分，于是暗中拍起了学院的马屁，决然开口。\r\n\r\n    “能考入缥缈道院，是我的荣幸，即便死在这里，可我王宝乐生是道院的人，死是道院的魂！”\r\n\r\n    王宝乐心底得意，对自己这句话非常满意，不信那些老师们不动容！\r\n\r\n    只是这得意没有持续太久，想着在考核里表现加分的王宝乐，他不知觉的忽略了一点，那就是……痛！\r\n\r\n    此地虽是虚幻梦境形成，可痛觉却是与真实没有丝毫区别，随着那些狼群的呼啸临近，随着狼口的疯狂撕咬，眨眼间在远处众人的目中，王宝乐的身影就已经被十多条凶狼淹没。\r\n\r\n    “痛啊！”王宝乐全身一颤，呼吸粗重，眼前看到的都是狼口，闻到的都是血腥，而那狼牙撕咬在血肉中的剧烈疼痛，更是使得他险些忘记了这里是虚假。\r\n\r\n    可他的内心坚定，没有半点退意！\r\n\r\n    哪怕剧痛极致，哪怕全身上下血肉模糊，很多地方见白骨，哪怕他的意识也都模糊，耳边传来的撕咬声，狼嚎声，交杂在一起，好似死亡的丧钟。不过王宝乐从小到大，虽有不少缺点，可也有一样极为显明的特质！\r\n\r\n    那就是……执着！\r\n\r\n    “好不容易遇到这种大分，不能浪费，我要一次性，将考核分加到爆！”王宝乐内心咆哮，正要多坚持一会，可就在这时，忽然的从远处正在哭泣撤退的学子身后，丛林内，有一道红色的身影，以惊人的速度，迎风而来！\r\n\r\n    那红衣身影是个十七八岁的短发少年，面容俊朗，眉目中更有一抹寒意，他穿着红色的劲装，背着一把大弓，身体好似老猿一般在树木间飞跃，在来临的过程中更是拿下大弓，连珠一般骤然射箭。\r\n\r\n    瞬间九箭！\r\n\r\n    箭矢速度太快，发出尖锐的破空声，飞跃众人，穿梭在一线天内，直接就从王宝乐的头顶，腋下等处，呼啸而过，在凄厉的狼叫下，射中了九只凶狼！\r\n\r\n    箭无虚发，其内蕴含的巨大冲击更是将那九只凶狼的身体，狠狠地抛出！\r\n\r\n    这突如其来的变故，使得那些正在后退的学子全部一愣，就连王宝乐也都呆了一下，实在是那九只箭几乎是从其身体贴着飞过，吓了他一大跳。\r\n\r\n    还没等他反应过来，在众人的目中，那红衣少年速度更快，仿佛身体内有惊人的爆发力，此刻人随箭走，冲入一线天，一个跳跃在了王宝乐的头顶半空，再射九箭！\r\n\r\n    砰砰之声惊人，随着九只凶狼的惨叫，四周其他狼群也都受惊，本能的后退了一下，借助这个机会，那红衣少年身体落下，直接扛住王宝乐的身体，急速后退。\r\n\r\n    王宝乐身体一个激灵，顾不得疼痛，此刻眼中都是那逐渐拉远距离的狼群，顿时急了。\r\n\r\n    “兄弟，放我下来，我还可以再坚持一会啊！”\r\n\r\n    听到王宝乐的话，红衣少年哪怕性格冷漠，可也为之动容，实在是这一刻的王宝乐血肉模糊，仿佛快要支离破碎。\r\n\r\n    “你已经做得很好了，之后的事情，交给我了！”\r\n\r\n    听到这句话，王宝乐更急了，他感觉对方似乎抢走了自己的台词，正要开口，可那少年深吸口气，右手猛地抬起，能看到其右手的肌肉，居然在这一瞬膨胀起来，直接就庞大了数圈，触目惊心中将其手中的大弓，狠狠地抽在一旁的岩壁上，速度飞快，一连抽去十多下。\r\n\r\n    这力量实在太大，轰鸣中山石出现裂缝，直接就崩溃坍塌了小半，化作无数碎石脱落，轰隆隆中将这一线天生生堵死！\r\n\r\n    王宝乐眼睛瞪大，看了看少年那粗壮的手臂，将之前要开口的话语，全部收了回去。\r\n\r\n    这一切发生太快，都是电光石火间，此刻随着一线天坍塌，红衣少年一晃之下，就扶着王宝乐回归人群。\r\n\r\n    眼看这一幕，不远处的众学子，全部心神狂震，柳道斌更是倒吸口气，失声开口。\r\n\r\n    “古武境第二层，封身！”\r\n\r\n    “还没到封身，我只是第一层大圆满。”红衣少年看了柳道斌一眼，把王宝乐放下，解释了一句。\r\n\r\n    “没到封身，也已有封身之威，这位同学，多谢救命之恩！”柳道斌赶紧上前抱拳一拜，其他同学也都纷纷如此，甚至有不少女生，看向红衣少年时都露出了崇敬，一时之间，红衣少年被众人簇拥。\r\n\r\n    至于王宝乐，此刻躺在地上，郁闷的看着这一切，他知道对方救自己是好意，可还是觉得加分的机会失去了，不过也明白此事没有办法。\r\n\r\n    “古武境啊……”王宝乐心底感慨，联邦进入灵元纪后，虽说修行的时代到来，可对于绝大多数的民众而言，也只是能学到一门叫做养气诀的初始功法。\r\n\r\n    此法能让人吸收灵气延年益寿，同时更能以自身为媒介，凝聚出灵石出售，所以广泛传播。\r\n\r\n    至于真正的修行，门槛还是很高，难以直接踏入，这就需要一个基础，于是古武因此复苏。\r\n\r\n    在经过整个联邦的归纳与推衍后，形成了三层古武境！\r\n\r\n    气血，封身，补脉！\r\n\r\n    只有达到第三层补脉圆满，才算是有资格，去争夺那鱼跃龙门般的道缘！\r\n\r\n    不过古武境的修炼之法，大都掌握在联邦各势力手中，对于绝大多数人来说，最正统的获得办法，就是考入四大道院，除此之外，就只能是投效各大势力或是世家。\r\n\r\n    “他和我差不多的年纪，十有八九，是个世家子……”王宝乐叹了口气，有种风头被人抢走的感觉，此刻身体的疼痛也强烈的浮现出来，忍不住惨哼了几声，引起了众人的关注，不少人都连忙过来。\r\n\r\n    王宝乐眼看自己还是受重视的，心里好过了不少，不过他觉得自己太痛了，分数也差不多了，还是死了算了……于是深吸口气，声音带着颤抖传了出去。\r\n\r\n    “我要不行了，同学们，你们未来成为我缥缈道院的学子后，一定要……”王宝乐的情绪已经酝酿好了，随着话语的说出，正要慷慨激昂的爆发。\r\n\r\n    可就在这时，那位红衣少年神色肃然，一步走到王宝乐身边，从怀里取出一个丹瓶，给王宝乐喂了下去。\r\n\r\n    “甘愿为道院牺牲之人，我陈子恒绝不会让他这么死去！好同学，你可以休息了，一切有我！”陈子恒的话语斩钉截铁，配合其战力，顿时就形成了强烈的感染力，让人信服。\r\n\r\n    在这众人纷纷感激时，王宝乐傻了，呆呆的张着嘴望着陈子恒，他再次有种感觉，眼前这个家伙，抢走了自己的台词。\r\n\r\n    有心去补救一番，可随着药效的扩散，王宝乐只觉得眼前一黑，虚弱的连话都说不出来了，只能悲愤的躺在那里，看着正在明亮的天空，心底只有一个念头。\r\n\r\n    “他一定和我一样，作弊了！”',1),(4,'第一章 孟川和云青萍','大周王朝，吴州，东宁府。\r\n\r\n    东宁府城八大道院之一的‘镜湖道院’正门，一名腰间佩刀的少年从道院中走出。\r\n\r\n    “孟师兄。”\r\n\r\n    “孟师兄好。”\r\n\r\n    “见过孟师兄。”\r\n\r\n    周围的其他同门们都颇为热情。\r\n\r\n    少年孟川向这些师弟师妹们微微点头，其实这些‘师弟师妹们’很多都比他年龄更大，不过镜湖道院的规矩是达者为先，他早在两年前就已经进入镜湖道院‘山水楼’，山水楼二十二位弟子，也是镜湖道院最强的二十二位，受众多师弟师妹们仰慕向往。而其中‘孟师兄’尤为受推崇，是因为孟师兄偶尔会会指点他们，其他山水楼师兄师姐却懒得浪费时间在他人身上。\r\n\r\n    “公子，公子。”忽然一道熟悉的声音从旁边传来。\r\n\r\n    从一旁跑出来一名绿衣少女，孟川见状笑了：“绿竹，你怎么来了？”\r\n\r\n    “我家小姐想要请公子一起去东山游玩，昨夜刚刚一场大雪，雪后的东山可美得很。”绿衣少女笑道。\r\n\r\n    “去东山游玩？”孟川眉头一凝，说道，“东山太远了，去一趟怕是要在东山过夜了，等明日才能回来。”\r\n\r\n    绿衣少女笑道：“我云家在东山恰好有一处别院，可以在那过夜。”\r\n\r\n    孟川摇头道：“回去告诉青萍，就说一个多月后就是玉阳宫斩妖盛会，我需潜心修行以做准备，无法陪她过去。”\r\n\r\n    “这……”绿衣少女犹豫。\r\n\r\n    “你回去直接说就是了。”孟川吩咐道，“还有，让青萍多花点时间修行，别总是想着出去游玩。”\r\n\r\n    “是。”绿衣少女只能乖乖应着，回去禀报。\r\n\r\n    孟川微微摇头。\r\n\r\n    对于从小定下婚约的‘云青萍’他也有些头疼。\r\n\r\n    ……\r\n\r\n    镜湖道院是建造在镜湖东岸，在镜湖西岸还有许多府宅，其中就有一座‘孟府’。\r\n\r\n    “少爷。”府门口有两名守卫，看到孟川便颇为恭敬。\r\n\r\n    “我爹在府里么？”孟川问道。\r\n\r\n    “刚刚祖宅那边派人来，老爷便立即赶去了。”守卫说道。\r\n\r\n    孟川若有所思点点头，便进入府中。\r\n\r\n    “咻咻咻！！！”很快便依稀听到箭矢的声音，孟川循声来到了练武场。\r\n\r\n    练武场正有一名红衣少女在弯弓射箭，一根根箭矢，瞬间穿过数十丈接连射在靶子上，且后一箭都射在前一箭箭杆上。\r\n\r\n    孟川在一旁看着对方练箭。\r\n\r\n    她叫柳七月，是自己父亲的生死兄弟‘柳夜白’的独女。\r\n\r\n    自己八岁那年……\r\n\r\n    柳夜白带着女儿来到了孟府，从此便住下。\r\n\r\n    七月和自己很像，都是很小就没了母亲。从小，七月就和自己一同修炼，一直修炼至今，感情极深。\r\n\r\n    “阿川，你回来了。”红衣少女看到孟川眼睛一亮，“射这些靶子真没意思，来来来，赶紧给我当靶子。如果不是为了等你，我早去道院练箭了，道院的弓箭场可比这大多了。”\r\n\r\n    “好，给你当靶子。”\r\n\r\n    孟川笑着走到练武场中央。\r\n\r\n    红衣少女换了一箭囊，箭矢也都是没有箭头的，她眼睛放光看着孟川：“阿川，你可得小心了，别又被我揍得鼻青脸肿。”\r\n\r\n    “你也小心，我这次定要破了你的七星连珠箭。”孟川凝神以待。\r\n\r\n    红衣少女嘻嘻一笑，跟着手指犹如幻影，瞬间拉弓射箭，似乎都不需要瞄准。\r\n\r\n    咻咻咻！！！一箭又一箭，接连射出。每一次从背后箭囊取箭拉弓射箭，再取箭拉弓射箭……就仿佛正常人呼吸一般自然，一根根箭矢也快得惊人，威力同样极大。\r\n\r\n    “噗噗噗。”孟川腰间的刀已经出鞘。\r\n\r\n    刀走弧线，在面前隐隐形成一片领域，凡是箭矢射来都会被阻挡下。\r\n\r\n    “阿川你的刀法是越加厉害了，还是得施展七星连珠箭啊。”红衣少女射箭的同时还笑眯眯说着，显然如此射箭非常轻松。\r\n\r\n    “咻！”\r\n\r\n    话音刚落，红衣少女新射出的一箭，箭破空带着刺耳的尖啸。\r\n\r\n    “来了！”孟川也越加郑重。\r\n\r\n    “噗。”“噗。”\r\n\r\n    孟川刀走弧线，犹如圆球一般阻挡住一根根箭矢。可七星连珠箭是消耗真气极大的杀招，箭矢速度会越来越快。\r\n\r\n    仅仅第六箭，孟川的刀就阻挡了空，跟着就感觉胸口一疼，整个人情不自禁一个踉跄，胸口怕是要青紫一块了。\r\n\r\n    “还是没能挡住。”孟川摇头无奈道。\r\n\r\n    “我修炼成的五大杀招，你已经能挡住四大杀招了，只剩下‘七星连珠箭’罢了。”红衣少女笑道，“已经很厉害了，在道院的时候，洗髓境层次都没谁挡住我的‘三重幻影箭’，可是你却能挡住。”\r\n\r\n    “我从小就挡你的弓箭，当然要比你们道院的强些。”孟川摇头，“你这还是没箭头的，若是加上箭头，箭的速度会更快。你的五大杀招……怕是大半我都挡不住。”\r\n\r\n    “阿川，难道你没听说？在同一境界，没谁能抗住神箭手的狂攻。”红衣少女得意道。\r\n\r\n    “七月……真生死搏杀，我早就第一时间冲到你面前了。”孟川哼声道。\r\n\r\n    “神箭手都是有护卫的。”红衣少女撇嘴道，“我护卫会挡住你，然后你就成了我的靶子。说不定将来你就是我的护卫呢！”\r\n\r\n    孟川笑了。\r\n\r\n    他很清楚神箭手的可怕，在任何一方势力，顶尖神箭手地位都极高，都会被保护的极好。\r\n\r\n    自己这位七月妹妹，在弓箭上就非常有天赋。\r\n\r\n    “阿川，今天你们院长召你们过去，是说玉阳宫斩妖盛会？”柳七月询问道。\r\n\r\n    “嗯，你们烈阳道院也说了吧。”孟川问道。\r\n\r\n    “说了！我烈阳道院洗髓境十大弟子中就我一个神箭手，院长直接定下一个名额给我。”柳七月说道，“在玉阳宫斩妖盛会对付妖怪，我神箭手是最擅长的。”\r\n\r\n    孟川笑道：“我们镜湖道院洗髓境一共三个名额，我虽然是洗髓境十大弟子之一，但是还得争夺名额，若是得不到名额，都没资格去。”\r\n\r\n    “那你就慢慢拼吧。”柳七月嘿嘿笑道。\r\n\r\n    “别大意，玉阳宫斩妖盛会上，你面对妖怪，千万别被妖怪给近身了。”孟川说着，“我们先练练。”\r\n\r\n    说着孟川陡然飞扑过去。\r\n\r\n    “有本事追上我。”\r\n\r\n    柳七月立即飞窜闪开，甚至还返身射出一箭。\r\n\r\n    ……\r\n\r\n    另一处，东宁府五大神魔家族之一的‘云家’。\r\n\r\n    云青萍正在给她父亲‘云符安’泡茶。\r\n\r\n    “爹，你尝尝。”云青萍讨好地将一杯茶水放到父亲面前，忽然她瞥见远处回来的侍女绿竹，不由眼睛一亮，连喊道，“绿竹！”\r\n\r\n    绿竹只能乖乖过去。\r\n\r\n    “怎么样，孟川怎么说？”云青萍连问道。\r\n\r\n    “孟公子说了，说是一个多月后就是玉阳宫斩妖盛会，他要潜心修行以做准备，没法陪小姐你去东山游玩。”绿竹低声道。\r\n\r\n    “又不去？”\r\n\r\n    云青萍有些恼怒，“就知道修炼修炼修炼。”\r\n\r\n    “孟公子还让我告诉小姐，多花点时间修行，别总是想着出去游玩。”绿竹又道。\r\n\r\n    “他还管我？”\r\n\r\n    云青萍越加气恼。\r\n\r\n    “我看，孟川说的很对。”坐在那的云符安美滋滋喝茶，说道，“你这丫头就该好好修炼，别老是贪玩。”\r\n\r\n    “爹，这孟川就跟木头一样。”云青萍看着云符安，忍不住道，“在我刚满月时，你们就给我和孟川定下娃娃亲！可是我俩性子完全不同。我喜欢玩，喜欢请许多好友一起玩。他却喜欢修炼、画画，喜欢安静。我和他说话，也是话不投机。以后想到和他成亲，我都快疯了。”\r\n\r\n    “你就是太闹腾，刚好有一个能治你的，是好事。”云符安笑道。\r\n\r\n    云青萍连到父亲身旁，抱着父亲胳膊撒娇道：“爹，我求求你了，去和孟家说说，找孟伯伯说一说，解除了婚约吧。”\r\n\r\n    “你想都别想！”云符安喝着茶，直接否掉。\r\n\r\n    “爹！”\r\n\r\n    云青萍气道，“你们为什么非要逼我嫁给他？当年，我刚刚满月什么都不懂，就给我定下亲事。你们怎么知道，孟川长大后会是什么样？你们完全不知道，就硬要我嫁给他。你们根本就没在意过我的想法。你不觉得很过分吗？”\r\n\r\n    “孟川还是不错的。”云符安说道，“东宁府五大神魔家族年轻一代，他算是很好了。”\r\n\r\n    “他再好又怎样，我不喜欢！”云青萍怒道，“我不想嫁给一个说话都说不到一起的所谓天才。”\r\n\r\n    云符安轻轻放下茶杯，眼皮一掀，冷冷看了眼女儿。\r\n\r\n    云青萍心头一颤。\r\n\r\n    可心中的傲气让她昂着头，盯着父亲！\r\n\r\n    “最近半年，你已经和我说过六次解除婚约了。”云符安冰冷道，“看来是爹太宠你了，今天话就和你说清楚。”\r\n\r\n    云青萍盯着父亲。\r\n\r\n    云符安继续道：“你和孟川的亲事，不单单是你们俩的事。也是我们云家和孟家的事！我们云家虽是五大神魔家族之一，可定居东宁府也仅仅数十年，族人也仅仅数十位，根基尚浅。而孟家是扎根在东宁上千年的神魔家族，族人过万！孟川父亲‘孟大江’将是下一任孟家族长。你是我们云家第三代唯一的女孩，你和孟川成亲，我们云家和孟家关系自然可以更进一大步。这对我云家也有大大益处。”\r\n\r\n    “祖父他都修炼成神魔了。”云青萍反驳道，“有祖父在，谁都动摇不了我云家！既然如此，为何不能让我过得更自在些呢？”\r\n\r\n    “自在？自在就是你想要和谁成亲，就和谁成亲？”云符安冷声道。\r\n\r\n    “怎么，不行么？”云青萍昂头道，“为了家族，就一定牺牲我？爹，你们不觉得羞愧么？”\r\n\r\n    “闭嘴！”\r\n\r\n    云符安气得站起来，怒指着女儿，喝道，“云青萍，你想要出去游玩，护卫仆从成群。你大冬天想要吃火龙鱼，自有人拼掉命去帮你寻。你修炼不用心，也有大量宝物用在你身上，让你今年也达到了洗髓境。我请高手一对一指点你，你实力弱，我请三名脱胎境护卫一直暗中保护你，请三名脱胎境护卫一月就要五百两银子，还有其他种种宝物赐予……”\r\n\r\n    “为了你所谓的逍遥自在，你知道家族付出了多少？”云符安盯着女儿。\r\n\r\n    云青萍愣住了。\r\n\r\n    她不傻。\r\n\r\n    她略一算，就知道维持如此生活，家族在她身上付出何等惊人。\r\n\r\n    “你享受了家族的种种好处，就得承担你该承担的！”云符安怒喝道，“只管享受好处，什么都不做？想得美！”\r\n\r\n    “还有，我知道你们道院的有一个小家伙，叫张冲，最近对你挺殷勤的吧？”云符安冷笑，“他一个张家旁支的小子，也配娶我云符安的女儿，也不照照镜子，看看自己是哪根葱！”\r\n\r\n    “爹，我和张师兄并没有……”云青萍连要解释。\r\n\r\n    “只要我发现你们有一丝逾规，污了我云家和孟家的脸面。不但他得死，连你！我都会清理门户！”云符安冷冰冰看着有些吓着的女儿，“到时候别怪当爹的无情。”\r\n\r\n    云青萍感到心底发寒。\r\n\r\n    她从来没见过父亲这么冰冷的一面，她今年也才十五岁而已。\r\n\r\n    “女儿啊。”云符安面色缓下来，“家族联姻就是如此，他就是再丑再无能，你也得嫁。你爹我当初娶你娘，也是你祖父亲自定下，都没得选！而且说起来，孟川人品很不错，你该庆幸了。”\r\n\r\n    说完，云符安又瞥了眼在女儿身后战战兢兢的侍女绿竹，吩咐一句：“绿竹，给我看好你家小姐，别让她犯了错。”\r\n\r\n    “是。”绿竹连忙应道。\r\n\r\n    云符安随即负手离去。\r\n\r\n    云青萍站在那，愣愣看着父亲离去的身影，想到那句“连你，我都会清理门户。到时候别怪当爹的无情。”，这句话对云青萍刺激的确有些大。\r\n\r\n    她觉得，这世界和她这么多年想的不一样。',2),(5,'第二章 学其上，仅得其中','清晨。\r\n\r\n    镜湖孟府的练武场，柳七月在练着箭，而孟川在角落练着刀法。\r\n\r\n    “呼呼。”\r\n\r\n    刀法飘忽，诡异难以捉摸。\r\n\r\n    并且速度极快，这是凡俗当中能够学到的最顶尖的一门快刀刀法，名叫《落叶刀》。\r\n\r\n    他六岁孩童时就经过家族考验，确定了在快刀上最有天赋，他也最喜欢修炼快刀，因为……够快！\r\n\r\n    在家练了两年基础刀法后，八岁那年，父亲孟大江就送他进了东宁府八大道院之一的镜湖道院！镜湖道院院长‘葛钰’人品虽一般，却是整个东宁府境内第一快刀！\r\n\r\n    九岁，孟川基础刀法就修炼到圆满，根基扎实，得以传授上等刀法《追风刀》。\r\n\r\n    十一岁，《追风刀》修炼圆满，院长亲自传授他最擅长的顶尖刀法《落叶刀》\r\n\r\n    十三岁，《落叶刀》就修炼到大成，成为镜湖道院山水楼中的一员。山水楼……是整个镜湖道院数千名弟子中最优秀的才能进入，即便是现如今，山水楼也一共才二十二名弟子。\r\n\r\n    如今十五岁了。\r\n\r\n    “可惜，我的落叶刀依旧只是大成，未曾圆满。”孟川停下来，看着手中的刀，微微皱眉，“到底怎么才能悟出落叶刀法的秘技，达到刀法的第一重的大境界‘合一境’呢？”\r\n\r\n    刀法剑法枪法等等……\r\n\r\n    一切技艺。\r\n\r\n    第一个大境界，便是‘合一境’，指的是身、心、技三者合一，可发挥出匪夷所思的威力。\r\n\r\n    第二个大境界，被称作‘势’，天地有大势！山有山势，水有水势。施展刀法的就该像天地、山水、风火一般，有刀势。用剑的，该有剑势！那将是更高的一个大境界。\r\n\r\n    然而孟川这么多年依旧是打基础阶段，当然他已经基础浑厚到极致，刀法离‘合一境’只差最后临门一脚。\r\n\r\n    可就是这临门一脚……却是最难的！\r\n\r\n    “即便在整个东宁府，刀法剑法等技艺，能达到合一境的都少之又少。”孟川很清楚这点，“只有达到合一境，才能算是真正的高手。否则只是庸手。”\r\n\r\n    那些庸手，即便真气雄浑，也只是力量大些速度快些的靶子。\r\n\r\n    在真正的高手面前，一个照面就被击杀。\r\n\r\n    “按照落叶刀的描述，落叶刀分为八十一式，只要将八十一式修炼到出神入化之境，便会自然而然掌握秘技‘三秋叶’，那时候便达到刀法的第一个大境界‘合一境’。”孟川有些无奈，因为整本书籍关于合一境，就这么一小段话。\r\n\r\n    没有更多的描述，连招数是什么样都没有记载。\r\n\r\n    ‘便会自然而然掌握秘技’，说的太玄乎，自己的《落叶刀》刀法大成两年了，每天都苦修，怎么就一直没有‘自然而然’悟出秘技呢？\r\n\r\n    “凡俗修炼分为五个阶段，筑基、内炼、洗髓、脱胎、无漏。脱胎境想要达到无漏境……必须得刀法剑法技艺达到合一境，唯有‘身心技三者合一’，真正统合脱胎境所有力量，才能一举突破到无漏境。”孟川暗想着，“在大家族，有足够丹药宝物提供，成为脱胎境不难。可成为无漏境的却少之又少！”\r\n\r\n    孟川六岁开始筑基。\r\n\r\n    九岁踏入内炼境，十二岁洗髓境，按照孟川的预估，今年六月左右就应该能洗髓境圆满踏入‘脱胎境’。这种速度在神魔家族核心子弟当中算是正常水准。像云青萍那等修为懒散之辈，在服用许多丹药宝物后，也在十五岁达到洗髓境，这算是比较落后了。\r\n\r\n    凡俗修炼五重大境界：筑基、内炼、洗髓、脱胎、无漏。\r\n\r\n    再往上就是‘神魔’。\r\n\r\n    无漏境到神魔，堪称天堑！\r\n\r\n    成神魔非常难，东宁府上百年时间成神魔的就寥寥数人罢了。\r\n\r\n    “我在娘的墓前发过誓，今生一定要成为神魔，斩杀妖怪，给娘报仇。”孟川停下刀法，看着手中的刀，孩童时还不太懂，如今他才明白，要成为神魔得多难，可再难他也不会放弃，“我必须尽快掌握刀法第一重大境界‘合一境’，将来还需掌握第二重大境界‘势’，如此才有些许希望成神魔。”\r\n\r\n    忽然——\r\n\r\n    “川儿。”一道胖胖身影从练武场院门走进来。\r\n\r\n    孟川转头看去：“爹。”\r\n\r\n    眼前这位面带笑容的肥胖中年人，就是他的父亲孟大江，是个开酒楼的！当然开的是东宁府第一酒楼。同时也是孟家定下的下一任族长。\r\n\r\n    孟大江实力非凡，是神魔下最强的一小撮，也是修炼刀法的，并且是掌握‘刀势’的无漏境强者，可已经四十七岁的他，成为神魔的希望也越来越渺茫！\r\n\r\n    “孟伯伯。”柳七月也走了过来。\r\n\r\n    “三月初三，就是玉阳宫斩妖盛会了吧，七月是神箭手，烈阳道宫肯定会给你一个名额。”孟大江说着，柳七月也美滋滋点头，孟大江看向自己儿子，“川儿，你呢，你们镜湖道院洗髓境弟子只有三个名额，你有把握去吗？”\r\n\r\n    “没把握。”孟川很有自知之明，说道，“我们镜湖道院的洗髓境十大弟子，彼此差距不大。我有些希望能争一争，但也可能失败。若是我能够悟出落叶刀秘技，那就肯定有把握了。可惜我一直悟不出。爹，修炼秘技你有什么特殊诀窍吗？”\r\n\r\n    “哈哈，你们院长是东宁府第一快刀，该教的他也会教你。”孟大江笑道，“至于秘技，我觉得就是多练，练多了，或许就悟出了。”\r\n\r\n    孟川暗暗无奈。\r\n\r\n    没法取巧。\r\n\r\n    “别想太多，整个东宁府你们年青一代的洗髓境，就没有谁能悟出秘技的。”孟大江笑道，“你爹我是孟家这一辈最优秀的，也是十九岁才悟出秘技。”\r\n\r\n    “可张家老祖，传说中十三岁就掌握秘技，剑法达到合一境了。”孟川感慨道。\r\n\r\n    “张家老祖，那是我东宁府上百年来唯一一个能拜入元初山的，张家也因此成为我东宁府五大神魔家族之首。”孟大江说道，“你也别着急，我孟家的五百年前的余山老祖，当年是十八岁悟出秘技，到八十岁不也成为神魔？大器晚成，照样能成神魔。”\r\n\r\n    孟川当然知道。\r\n\r\n    小时候，母亲会将很多神魔的成长故事讲给自己听，自己也会缠着母亲，缠着父亲听故事！\r\n\r\n    除了画画，听故事是儿时自己最喜欢的。\r\n\r\n    父母都买了许多历史上名气很大的神魔的传记，专门读给自己听。\r\n\r\n    “娘，总有一天，我也会成为神魔的。”孟川默默道。\r\n\r\n    ……\r\n\r\n    当天午后，孟川来到了镜湖道院，因为有一堂院长亲自教导的刀法课。以院长的身份，五天才授一次课。\r\n\r\n    一个时辰的刀法课结束。\r\n\r\n    “还是没法突破。”\r\n\r\n    “真不知道，我什么时候刀法能达到合一境。”孟川行走在道院中，这两年来他几乎每一天都在苦思‘落叶刀秘技’，都快疯魔了。\r\n\r\n    在路过一处空地时，听到了怒斥声。\r\n\r\n    孟川看过去。\r\n\r\n    道院的马教谕，正在唾沫横飞怒斥着一群少年。\r\n\r\n    “学其上，仅得其中；学其中，斯为下矣。你们听明白了吗？”马教谕怒斥道，“我是让你们要跟好的学，而不是跟坏的学。跟坏的学……只会越学越混账！你们若是修炼不到洗髓境，一辈子也没出息。若是能到洗髓境，二十岁都必须服兵役，去和妖怪厮杀。现在不流汗，到时候你们就流血，就要丢性命。去服兵役能活着回来的，也就勉强一半！你们是希望死在战场上，还是活着回来风风光光？”\r\n\r\n    “看，那是孟家的孟川，人家十三岁就落叶刀大成，进了我镜湖道院山水楼，院长亲自教！刀法大成，没有别的捷径，只有苦学，我听说孟川在家每天都苦修数个时辰，你们呢，看看你们自己？”\r\n\r\n    “学其上，仅得其中，让你们学的就是孟川，懂了吗？”\r\n\r\n    马教谕怒吼声下，一群少年们大气都不敢喘。\r\n\r\n    一边吼着，马教谕还朝不远处路过的孟川笑了笑，孟川也微笑点头，可孟川的眼睛却亮了起来，连加快步伐赶往家中。\r\n\r\n    ……\r\n\r\n    回到府内，孟川立即去书房。\r\n\r\n    “学其上，仅得其中；学其中，斯为下矣。要学，就该和最好的学！”孟川喃喃自语，眼睛越来越亮，也越加激动，“要学，就和最强的神魔学！和历史上最强大的存在去学。这才是学其上！”\r\n\r\n    “能在历史上留名的无敌强者，许多早就尘归尘土归土，可是却有他们传记在流传，流传了千年万年！”\r\n\r\n    “他们的传记，就有他们的记载。”\r\n\r\n    孟川抬头看着书籍上的书籍，“爹娘，在我小的时候，就给我读过很多神魔传记故事。买了很多书。”\r\n\r\n    说着随手拿下一本。\r\n\r\n    翻开来看。\r\n\r\n    这是讲述一位横行一个时代的神魔‘邓风’，传记中记载，邓风从小居住在深山当中没有名师教导，唯一的亲人刚教了他一招‘拔刀式’就死了。他孤独一人生活在深山内，仅仅一个拔刀……每天耗费四个时辰，拔刀万次，他没学过其他刀法招数。\r\n\r\n    可他在深山孤独一人，每天四个时辰，拔刀万次，拔刀二十年。\r\n\r\n    等他离开深山时，懵懵懂懂进入人世间，以洗髓境实力，一招拔刀式……就斩杀了无漏境强者，他的刀法已经到了匪夷所思的层次。消息传开，立即被传说中的‘元初山’主动招揽，成为元初山弟子，自此踏上神魔之路。\r\n\r\n    ……\r\n\r\n    书籍挺长，记载了邓风成为神魔后的诸多事迹，让后人敬仰。\r\n\r\n    关于修炼的很少，只有所谓的‘每天四个时辰，拔刀万次，拔刀二十年’。\r\n\r\n    对孟川而言，这本书籍最重要的就这么一句话。\r\n\r\n    “一名高手，就算施展刀法慢点，一个时辰也足以拔刀万次了。”孟川皱眉道，“他却是每天四个时辰，说明每一刀都蓄势，都很用心，而后拔出一刀！一刀再一刀……每一刀都蓄势再爆发，如此上万次，才需四个时辰。”\r\n\r\n    “用心？练同一招？次数极多？”\r\n\r\n    孟川在书桌前拿着毛笔记录下，而后又去翻看另一本神魔传记。\r\n\r\n    他需要从一本本神魔传记中，尽量找到神魔们强大的‘共同点’。\r\n\r\n    学其上，仅得其中；学其中，斯为下矣。\r\n\r\n    要学……就学最强的！\r\n\r\n    学那些，在历史上都无敌的神魔！\r\n\r\n    “钱叔。”孟川忽然对外喊道。\r\n\r\n    “少爷。”外面传来声音。\r\n\r\n    “你带两个人出去，把市面上的神魔传记！还有一些强大神魔家族的家训，都给买一份回来，要快！”孟川说道。\r\n\r\n    “好，我这就去。”钱叔连应道。',2),(6,'第一章 沈家','“咳咳”、“咳咳”……\r\n\r\n    沈落在一阵下意识急促咳嗽声中，骤然间从床上醒了过来，忙张大嘴巴深吸了几口气，就飞快从枕头下面掏出一个小瓶，倒出一颗豆粒大小黄色丸子吞下。\r\n\r\n    他在床上动也不动地静坐好一会儿后，感受着胸口气闷和阴寒渐渐消退下去，这才长舒一口气。\r\n\r\n    沈落苦笑一声后，将旁边椅子上叠得整整齐齐的衣服缓缓穿上，然后习惯性扫了一眼角落里的书桌。\r\n\r\n    在桌子上静静放着一本淡黄色的破旧书册，表面写有“春华异闻志”五个整整齐齐的黑色小字。\r\n\r\n    沈落眉头皱了一皱，就收回目光，慢慢开门走出了屋子。\r\n\r\n    “大公子。”\r\n\r\n    门外有一名十二三岁模样的青衣小厮守在那里，一见沈落出来，忙上前见礼。\r\n\r\n    远处隐约大片连绵的成群宅院，红瓦白墙，各种大小房屋加起来足有四五十间的样子。\r\n\r\n    “我昨天晚上总共咳嗽了几次？有没有其他动静？”沈落看了小厮一眼，淡淡问道。\r\n\r\n    “大公子，你昨晚咳嗽了十三次，并没有其他声响。”小厮顶着有些发黑的眼袋，喏喏回道，面对沈落隐约有些畏惧。\r\n\r\n    沈落点点头，没有再问什么，直越过小厮向前而去。\r\n\r\n    青衣小厮则识趣地紧跟其后。\r\n\r\n    沈落穿过数条长长走廊和一座占地亩许的花园后，走到一座主厅模样的建筑前。\r\n\r\n    厅前站立的两名仆妇见了，慌忙上前行礼，神色间同样对沈落颇有畏惧。\r\n\r\n    “落儿，你来了。昨晚休息得怎么样？快些进来喝点参汤吧。我让下人刚刚给为你煮好的。”大厅内传出一个男子关切的声音。\r\n\r\n    “有劳父亲挂念，孩儿昨晚休息得很好。”沈落神色微动，回了一声，就走进了大厅。\r\n\r\n    只见大厅内摆放着一张放满佳肴饭菜的圆桌，周围正坐着数人，主位上是一名四十多岁模样的中年男子，头发微微有些灰白，有几分未老先衰的模样。\r\n\r\n    中年人正是沈落之父沈元阁，此刻高兴地望着沈落。\r\n\r\n    “落哥儿起来了啊！小翠，快些上参汤，没听到老爷的吩咐吗？”沈元阁旁边一名满头珠翠的美貌妇人，见到沈落勉强露出一丝笑容。\r\n\r\n    “有劳二娘了。”\r\n\r\n    沈落不冷不热地冲妇人点点头。\r\n\r\n    “大哥。”\r\n\r\n    “大哥。”\r\n\r\n    紧挨妇人的一名少年和一名少女也各自起身冲沈落问好了一声，二人十四五岁左右年纪，面容和沈落有三四分相似，正是他同父异母的弟妹，一个叫沈辞，一个叫沈沐沐。\r\n\r\n    二人是一胎所生，但此刻面对沈落却反应大不相同。\r\n\r\n    弟弟沈辞看向沈落的目光躲躲闪闪，竟和那些下人神色有些相似。\r\n\r\n    而妹妹沈沐沐在问好后，却一副坐卧不宁的好奇宝宝模样，似乎想开口问沈落这位大哥些什么，但看了看一旁的沈元阁，又有些迟疑。\r\n\r\n    沈落入座，喝完丫鬟捧上的参汤，再吃了几口饭菜后，就眉头一皱，放下筷子不再进食了。\r\n\r\n    “落儿，既然吃完了，跟我到书房来吧，我有些生意上的事情交代你。”沈元阁见此，更加忧心，口中却如此说道。\r\n\r\n    沈落点点头，淡淡向妇人告退一声，就跟着沈元阁离开了大厅。\r\n\r\n    妇人目睹此景，脸色有些难看。\r\n\r\n    沈辞同样难掩脸上的羡慕，倒是沈沐沐却嘟起了红彤彤小嘴，非常不满父亲和沈落这位“大哥”这般快就吃完离开了。\r\n\r\n    ……\r\n\r\n    “落儿，昨晚真的没事吗?”沈元阁方在书房中方一坐下，就关心地向沈落询问道。\r\n\r\n    “父亲安心，昨晚真的无事，并没有再出现那‘事’，只是我的身体更加糟糕了，纵然有我亲自配制的‘金香玉’，恐怕也撑不了几年，这身体根本不是普通药石可以调理好的。”沈落摇摇头回道。\r\n\r\n    “哎，落儿你也真是多病多灾，原本你母亲怀你时动了胎气，让你从小就体弱多病，偏偏去年又碰到了邪祟缠身，这才落下了如此严重的病根。若真有个万一，我如何去见你九泉之下的亲娘。当初我可亲口答应过你娘，一定会好好照顾你的。”沈元阁长叹了一声，脸上浮现一丝苦楚。\r\n\r\n    “父亲要往好处想想。我若不是久病成医，配制出‘金香玉’等几种药丸，沈家怎能创出这般大的家业来。咱家也算是因祸得福了。”沈落微笑着说道。\r\n\r\n    “这倒是，现在春华县内提起沈家医馆和沈家药铺，谁人不知谁人不晓。就算县令王大人，现在也对我们沈家高看一眼。”沈元阁听了这话，精神微振。\r\n\r\n    “那也是父亲大人会做人，将那金香玉送给王大人一瓶，治好了他独子的痨病。否则以我们沈家现在的财富，早就会碰到一些麻烦了。”沈落不动声色地奉承了自己父亲两句。\r\n\r\n    “哈哈，那也是你我父子同心，才能给沈家创下如此大的家业。可惜的是，你不愿意扬名，我只好将这几种药丸的调配之功，归于无意中发现的古方上。此事只有你我二人知道，甚至连你二娘和弟妹我都未曾透漏过半分。所以，若是二娘平常有什么得罪的地方，我还希望看在为父的面子上，不要太放在心上。你二娘毕竟是小户人家出身，头发长见识短。”沈元阁先是高兴地哈哈几声，接着又想起什么，迟疑地说道。\r\n\r\n    “父亲，我怎会将二娘的事放在心上！况且我若不在了，沈家还要二弟来支撑。我现在最大的愿望，就是能驱除身上的邪祟。否则不用等到几年后，我恐怕就一命呜呼了。”沈落沉默了片刻后，不禁苦笑了起来。\r\n\r\n    “你这样说，我也就安心了。不管怎么说，家和万事兴。你现在身体如何了，我记得你上一次发作是七天前的事吧。”沈元阁闻言神色一松，但马上又担忧地追问起来。\r\n\r\n    “是的，上一次发作，我可差点将那位黄大仙给掐死了。去年，那自称金身罗汉下凡的金光和尚，也被我发作后揍个半死。他们根本一点法术没有，完全是些江湖骗子。”沈落恨恨回道，脸色阴沉了下来。\r\n\r\n    “可是黄大仙和金光和尚，已经是附近几县最出名的驱魔人了。其他人更是招摇撞骗之辈。要不，为父再派人去州城找找看。”沈元阁听了，也有些无奈。\r\n\r\n    “不用。州城一来太远，二来人生地不熟的如何去找驱魔人。就算找到了，十有八九也是黄大仙之流的骗子。我现在一次比一次发作得快，根本等不了如此之久了。”沈落毫不犹豫地拒绝道。\r\n\r\n    “那落儿的意思是……”对自己这位大儿子颇为了解的沈元阁，有些讶然了。',3),(7,'第二章 罗道人','“我最近找到了一本本地的地方志古籍，上面记载了春华县数百年来发生过的一些古古怪怪的事情。根据我派人去做的调查，这些记载竟然大都确有其事，不过不知什么缘故，这些怪事现在很少被普通人知道。而这些怪事中，多次提及一个叫春秋观的地方，按照书中记载，这个道观就在春华县内，里面道士应该懂得真正的驱魔之术。”沈落双目微微发亮地回道。\r\n\r\n    “有这种事情!这个春秋观在何处，为父这就派人去请。”沈元阁闻言，激动得“砰”一声站起身来。\r\n\r\n    “父亲安心，我早就花重金派人去请了。若是没有意外，按照回信所说的话，春秋观的人今天就会到了。”沈落微微一笑回道。\r\n\r\n    “太好了，那我赶紧让下人去做些准备，别到时候招待不周，出什么乱子。”沈元阁对自己大儿子的自作主张毫不在意，反而搓着双手欣慰地说道。\r\n\r\n    就在这时，书房外面突然传来沈元阁贴身小厮恭敬的传话声：\r\n\r\n    “老爷！大公子！外面有个姓罗的道人登门，说是和大公子约好的。”\r\n\r\n    父子二人听了后，顿时又惊又喜地互望一眼。\r\n\r\n    “父亲，你先在这里喝茶，我去亲自见见这位春秋观的道人。”沈落果断说道。\r\n\r\n    “事关你的生死，为父哪有心思在这里喝什么茶，一起去见见这位罗道长吧。”沈元阁一摆手，人就匆匆地向门口小跑去了。\r\n\r\n    沈落见了，脸上不禁露出些许笑容来。\r\n\r\n    沈家偏厅内。\r\n\r\n    沈落仔细打量着面前站立的这位自称“罗道人”的中年道士。\r\n\r\n    枣红色的面孔，满脸的风霜，淡青色的道袍，背后斜插一把木剑，腰间挂着一个白色小布袋，除了身形仿佛长枪般的笔直，其他的就实在看不出有何异常之处。\r\n\r\n    “道长，先请入座吧，来人上好茶。”沈元阁一见中年道士，就满脸笑容说道。\r\n\r\n    “喝茶就先不用了。沈公子，是你派人用信物请本观人过来驱邪的吧？”姓罗的红脸道士根本不理睬分外热情的沈元阁，反冲沈落肃然问道。\r\n\r\n    “道长，认得我？”沈落讶然反问了一句。\r\n\r\n    “嘿嘿，贫道来之前，自然也要先略微打听一下沈公子的事情，才会正式登门的。不过本观已经封观多年，沈公子如何知道本观，又从哪里拿到的信物？”罗道人盯着沈落，不客气问道，似乎大有一言不合，就要翻脸的模样。\r\n\r\n    “道长是来问罪的？”沈元阁听到这里，脸色笑容顿时少了几分，心中有些不高兴了。\r\n\r\n    “沈家主莫怪，本门信物虽然不算多珍稀，但流传在外的好像并没有任何一枚和沈家有关，既然沈公子派人持信物找上观中，本道自然先要问个清楚。”罗道人这才转首冲沈元阁淡淡说道。\r\n\r\n    “封观多年？那就难怪本县如今少有人知道贵观了。道长放心，春秋观的事情，我是从这本书上得知的。至于信物，也是从一个落户子弟手中花重金收购下的。”沈落反而有些恍然，从袖中掏出一物递了过去。\r\n\r\n    正是那本先前放在书桌上的《春华异闻志》。\r\n\r\n    沈元阁见此，也不禁多看了这残破书册两眼。\r\n\r\n    “原来如此。”\r\n\r\n    罗道人微微一怔的接过书册，仔细翻阅了几页后，神色大缓下来。\r\n\r\n    “这本书记载了昔年本门的一些驱鬼降妖的事情，而且记录如此详细，多半是当年真和本观接触过的某人撰写的。公子可否将本书送给贫道，贫道想带回观中，让其他人也看上一看。至于信物一事，只要沈公子所说属实，是他人自愿转让的，本门也不会在意的。”红脸道士看完书册，眼珠微微一转后，就将此物不客气地往怀中一揣，面不改色说道。\r\n\r\n    沈元阁见此，眉头微微一皱。\r\n\r\n    沈落却不以为意，轻笑了两声问道：\r\n\r\n    “罗道长喜欢就行，现在可否先要休息一二，吃点东西，做些什么准备，再施法驱除在下身上的邪祟？”\r\n\r\n    “休息和准备都不用了。至于公子身上的邪祟，嘿嘿……”红脸道士深深望了沈落一眼后，突然身形一闪，竟然直接欺到了近前处，“啪”的一声，单手五指紧紧抓住了沈落一侧臂膀。\r\n\r\n    “你要干什么，快来人！”沈元阁见此一愣，忙退后两步，厉声叫道。\r\n\r\n    厅外瞬间涌进来七八膀大腰圆的男仆，就要在自家老爷惊怒吩咐下，扑向道士。\r\n\r\n    “都住手！父亲放心，罗道长并没有伤害我，是在施法为我驱除邪祟！”\r\n\r\n    沈落却在这时开口了。\r\n\r\n    他此刻感到滚滚热流从被抓臂膀处涌入体内，所过之处体内常驻的那股寒意纷纷消融化解，浑身上下舒泰无比。\r\n\r\n    沈元阁闻言，仔细打量了沈落神色两眼，才心中一松，冲下人们摆摆手，让他们再次退出了偏厅。\r\n\r\n    “嗖”的一声。\r\n\r\n    一缕淡淡的灰气从沈落胸口喷射而出，一个盘旋后，又直奔附近的沈元阁飞去。\r\n\r\n    “哼，给我回来。”红脸道士似乎早有所预料，大袖子冲着灰气只是一抖，一枚黄色符箓闪电射中了灰上。\r\n\r\n    “噗”\r\n\r\n    符箓瞬间化为一团拳头火球，将灰气死死包裹在了其中。\r\n\r\n    灰气仿佛活物般的在火焰中拼命辗转扭动，但没一会儿工夫，就在吱吱燃烧声中化为了乌有。\r\n\r\n    火球也在片刻后，一闪地消散不见，只在大厅中留下一点点灼热的焦糊气息。\r\n\r\n    沈元阁看得目瞪口呆。\r\n\r\n    “沈公子体内阴气已经被拔除干净了，剩下的只需要再调理身体了。如此话，贫道就先告辞了。”红脸道士这时才放开沈落的臂膀，神色平静地说道。\r\n\r\n    “阴气？落儿难道不是邪祟上身吗？”沈元阁总算回过神来，下意识问道。\r\n\r\n    “若是真正邪祟，哪是这般容易可以驱除的，就是贫道遇见了也要如临大敌般。贵公子应该是去了不干净的地方，被些许阴气入体，才会变得这般模样的。”罗道人不以为然地回道。\r\n\r\n    “可是道长，我每隔一段时间就会面孔发青，力气变得非常大，就是三五个健壮家丁都近不了身，事后又一点记忆没有，这又是怎么回事？另外道长，刚才灌注我身体里的又是什么？”沈落体验着身体中仍然少许的暖意，惊喜地问道。',3),(8,'第一章 故事会','儋州港在庆国的东面，虽然靠着大海，但由于最近南方的几个港口已经建设起来了，预计中的往西方去的海路也早已经联通，所以国家的贸易重心已经移往了南方。这个港口就渐渐显出了颓败，往rì热闹的港口早在几年前就变得安静了起来。\r\n\r\n    海鸥自在地飞翔着，不再有那些可恶的水手来sāo扰。\r\n\r\n    而原本就居住在儋州港的居民并没有觉得生活有太大的变化，虽然收入减少了一些，但皇帝陛下早就免了这里的几年税收，所以rì子过的还可以，而且这个海港很美丽，如今又变得安静了，自然更加适合人们居住。\r\n\r\n    所以偶尔也会有些大人物会选择在这里建造庄园。\r\n\r\n    但由于离京都的距离太过遥远，所以真正留下来的官员并不多，勉强能算得上的，应该是城西那家院子里的老太太。\r\n\r\n    听说老太太是京城里司南伯爵的母亲，选择来这里养老。城里的居民们都知道司南伯爵似乎很受皇帝陛下的赏识，一直没有依照法例外派，而是留在京城的财政部里做事，所以大都对那个院子表示了足够的礼貌和敬畏。\r\n\r\n    但小孩子是不懂这些的。\r\n\r\n    这一天风和rì丽，大人们坐在酒馆里享受海风所携来的咸味和湿气，享受盐渍的梅子和杯子里的那些酒水。\r\n\r\n    也有一堆十几岁的少年正围在城西司南伯爵别府的后门石阶外，密密麻麻的，不知道正在做什么。\r\n\r\n    往近处看，才发现是个十分有趣的场景，原来这些少年都是在听一个只有四五岁的小孩子讲话。\r\n\r\n    小男生长的很漂亮，眉毛如画，双眼清亮无比，声音却还是nǎi气未褪，但说话的语气却是老气横秋的厉害。\r\n\r\n    只听他叹了口气，小小的胳膊比划道：“话说那楚门走到墙边，发现那里有个梯子，所以一步一步地走了上去，找到了门，所以推门而出……”\r\n\r\n    “然后呢？”\r\n\r\n    “然后？然后……自然就是回到人世间咯。”小男生嘟着嘴，似乎很不耐烦旁边比自己大的少年们居然会问出这样弱智的问题。\r\n\r\n    “不会吧？难道不会去把那个什么什么哈尼……”\r\n\r\n    “哈尼死。”另外一个少年接话。\r\n\r\n    “对，难道楚门不去把那个哈尼死打一顿出气吗？就这样被关了好多年。”\r\n\r\n    小男生耸了耸肩：“没有哎。”\r\n\r\n    “嘁！真没劲，范闲少爷，今天这故事可没有前几天的故事好听。”\r\n\r\n    “那你们喜欢听什么？”\r\n\r\n    “缥邈之旅。”\r\n\r\n    “风姿物语。”\r\n\r\n    “嘁！”叫范闲的小男孩，对着四周比自己大的孩子们比了个中指，“打打杀杀不健康，四处挖宝不环保！”\r\n\r\n    院里忽然传来一个极为愤怒的声音：“少爷！你又到哪儿去了？”\r\n\r\n    围成一圈的孩子学他模样也比了个中指，只不过人数多，所以显得壮观许多，同声发道：“嘁！”然后笑嘻嘻地散了。\r\n\r\n    叫范闲的小男孩儿从石阶上站起身来，拍拍屁股上的灰尘，一转头就跑进了院子，只是关门之前，那双机灵劲儿十足的眼睛，瞄了瞄对面杂货铺里那个年青的瞎子老板，脸上浮现出与他年纪完全不相符的复杂情绪，然后轻轻地关上了木门。\r\n\r\n    ―――――――――――――――――――――――\r\n\r\n    这是范慎来到这个世界上第四年。这些年里，他终于明白自己不是在做梦，自己是真的来到了一个未知的世界，这个世界与自己记忆中的那个世界似乎是一样的，但又似乎有很多不一样。\r\n\r\n    通过偷听伯爵别府里下人的说话，他终于明白了自己的身份，原来自己是京都司南伯爵的私生子。\r\n\r\n    就像一般的豪门恩怨剧一样，私生子的身份很容易遭致大姨妈、二姨nǎi之流的毒手什么，而自己那个便宜老爹似乎又只有自己这一个儿子，为了延续伯爵的血脉，所以自己被送到离京都十分遥远的儋州港来了。\r\n\r\n    这些年来，他渐渐地习惯了自己的身份。虽然说一个成年人的灵魂被困在一个幼儿的身体里，不论是生理还是心理上都要经受完全不一样的体验，如果换成一个正常人，只怕会发疯――但很凑巧的是，范慎前世的时候，就是个重症肌无力患者，在病床上已经躺了很多年，现在只是有些行动不便而已，与前世的凄惨情形比较起来，也就不算什么，所以他现在寄居在这个小儿身体之中，并没有太多的不适应。\r\n\r\n    最不适应的其实是现在的名字，在他一岁的时候，京都的伯爵大人寄了封信来，将他的名字取成：范闲，字安之。\r\n\r\n    这名字不好，听上去很像他原来家乡里骂人的话――“犯嫌”。\r\n\r\n    但他的外表只是个小孩子，所以根本不可能用言语表示反对。\r\n\r\n    前世在医院里治病的时候，前期还可以扭动头部，所以经常央求那个可爱的小护士给自己买些盗版影碟和书籍来看。\r\n\r\n    在伯爵府中住久了，虽然老夫人外冷心热，骨子里很疼爱自己，府里的丫环下人也没有因为自己私生子的身份而另眼看待，但是无处与人交流的痛苦还是让他有些不爽。\r\n\r\n    难道能和丫环去说自己是另一个世界来的人？难道能告诉教书先生，自己其实能认得这书上所有的字？\r\n\r\n    所以他经常偷偷溜出伯爵府侧门，和街上那些平民的孩子一起玩，更多地是在给他们讲故事，讲自己那个世界里的电影小说。\r\n\r\n    似乎他想以此来提醒自己些什么，提醒自己是不属于这个世界的人，自己的那个世界里有电影有网络，有yy小说。\r\n\r\n    直到今天，不知道为什么，他讲述了楚门的世界这部电影。这电影的剧情本就有些木然，又没有金凯瑞在那里扮可爱，所以他应该很清楚，这些儋州港十几岁的少年们根本不可能喜欢。\r\n\r\n    但他还是讲了。\r\n\r\n    因为他的内心深处总是有一种荒谬感，自己明明是要死的人，为什么会忽然在这个躯体里重生？不免会想到那部电影……也许，眼前的这些人这些街道，天上飞翔的这些海鸥，都是被人安排的？\r\n\r\n    就像楚门一样。\r\n\r\n    楚门最后发现了他身处世界的虚假，所以毅然地坐船而行，找到了出口。\r\n\r\n    但范慎，不，应该是范闲……知道自己不是楚门，这个世界确实是真实存在的，并不是一个大的摄影棚。\r\n\r\n    所以他发现自己天天讲故事提醒自己是另外一个世界的人，这本身就是很荒谬的一个举动。',4),(9,'第二章 无名黄书','重生之后唯一的好处，大概就是现在四肢灵活，可以活蹦乱跳，这个认识让范闲感到很欣慰，没有得过他那种疾病的人们，大概是很难感觉到这种快乐的――他安慰自己，这或许是上天对自己的恩赐。\r\n\r\n    用了整整四年，他才想清楚这个问题，既然有重新再活一次的机会，那自己为什么不好好活一场呢？既然老天爷赐了自己新生，自己如果不好好过，岂不是太不给老天爷面子？比如既然自己现在能动了，那为什么不多动动？\r\n\r\n    所以整个伯爵府的下人们，都知道这位庶出的小少爷是个闲不下来的角sè。\r\n\r\n    “少爷，求您了，快下来吧。”\r\n\r\n    这个时候，范闲正坐在院子里假山的最高头，看着远方海平线，微笑着。\r\n\r\n    但在丫环的眼中，一个四岁的小孩子居然爬到那么高的地方，还有着那样成熟到爆掉的微笑，很明显小家伙是患了失心疯。\r\n\r\n    渐渐的，假山下的人越聚越多，七八个下人围着假山着急。\r\n\r\n    司南伯爵虽然受皇帝陛下赏识，但毕竟爵位不高，官也不大，明面上的收入也不会太多，就算收入多，也不可能全部用到自己的母亲和私生子的身上，所以伯爵别府内的下人并不太多。\r\n\r\n    范闲看着假山下的那些人着急的脸sè，不由叹口气，老老实实地爬了下来：“只是运动运动，着什么急呢？”\r\n\r\n    下人们早就习惯了自家这位小少爷有学大人说话口气的怪癖，见怪不怪，一把抱过他，便去洗澡。\r\n\r\n    等范闲被洗的口红齿白体香肤嫩之后出来时，丫环又抱起来了，笑眯眯地摸了摸他的脸蛋，取笑道：“少爷生的像别家的小姐一样，将来不知道让哪家的小姐享福呢。”\r\n\r\n    范闲傻乎乎地没有接话，他还不至于用四岁小孩子的嘴巴去调戏十几岁的丫环姐姐，这种没品的事情他是不屑做的――等到自己六岁再开始这项伟大而又有挑战xìng的工作吧。\r\n\r\n    “该睡午觉了，小祖宗。”\r\n\r\n    丫环拍拍小家伙的屁股，她们一直很奇怪，伯爵别府里这位小少爷年纪虽小，xìng情已经开始显出顽劣的开端，但在某些方面却一直保持着一种成年人的自律与刻苦。\r\n\r\n    比如睡午觉。\r\n\r\n    但凡有过正常童年的人们，总是会记得自己当初在明媚的午间阳光中，是如何地与那些逼迫自己睡觉的大恶魔们拼命斗争的伟大事迹。\r\n\r\n    那些恶魔们有的叫爸爸，有的叫妈妈，还有的叫老师。\r\n\r\n    但范闲少爷是个从来不需要人来逼自己睡午觉的人，每到中午十二点的时候，他就会堆出最可爱的纯真笑脸，乖乖地回到自己的卧房开始睡觉，而且中途连一点声音都不会发出来。\r\n\r\n    老夫人最开始不信，喊丫环们盯着小家伙，以为他是借睡觉之名，在床上胡闹，但盯了大半年，发现这孩子每次是真的睡的死死的，甚至喊都很难喊醒他。\r\n\r\n    从那以后，丫环们就不再注意这件事情了，当他睡觉的时候，一般都在外面守着。\r\n\r\n    这时候是夏天，丫环们自然乏的厉害，斜歪着身子，手中的小罗扇有一下无一下地轻轻摇着，偶有飞萤在扇风中轻舞。\r\n\r\n    ……\r\n\r\n    ……\r\n\r\n    回到卧室之中，范闲爬上了床，掀开上面铺着的席子，小心翼翼地从下面自己掏的暗格中取出一本书来。\r\n\r\n    那本书的封面微黄，看上去有些年头了，但上面一个字也没有，但边角之上绣着一些不知道代表什么含义的纹饰，每一笔画的最后都勾卷了起来，像流云一般，又像是颇有上古之韵的广袖一角。\r\n\r\n    他轻轻翻开这本书，翻到第七页，那上面画着一个**的男子，在身体上有些红sè的线条似隐非隐，不知道是用什么涂料画成的，竟然让观看的人产生了一种视觉上的错觉，似乎这些线条正在依循着某种方向缓缓流动。\r\n\r\n    范慎叹了口气，自己的外表只有四岁，所以一向不敢太过表露本xìng，好在还有这么一本书可以让自己打发一下无聊至极的时间。\r\n\r\n    这本书是自己很小的时候，那个叫做五竹的瞎子少年留给自己的。\r\n\r\n    范慎一直记得那位瞎子少年，自己这个世界母亲的仆人。\r\n\r\n    当年他被困在小小婴儿的身体中时，就曾经在那个少年的怀中呆过。从京都一路到海边的这个港口，也许对方认为自己年龄太小，根本不会记住什么。但范慎的灵魂却不是个懵懂无知的婴儿，一路同行，早就能看出瞎子少年对于自己这个婴儿的关怀乃是发自内心，根本作不得假。\r\n\r\n    但不知道为什么，瞎子少年将自己送到司南伯爵府后，便离府而去，任由老夫人如何挽留，也没有留下来。\r\n\r\n    在他离开之前，便是将这本书放在了婴儿的身体旁边。\r\n\r\n    范慎一直对这件事情有些疑惑，难道这位仆人就不怕自己瞎练？转念一想，便知道了原因，自己是个小孩子，根本不可能认识书上那些字，自然也就不怕练出问题来了。\r\n\r\n    但范慎恰巧认识这个世界上的字，恰巧经历了这次重生大变之后，他连鬼魂神仙这种事情都深信不疑，更加确信眼前这本很像香港无线电视剧里道具的书籍，就是某种真气的修炼心法。\r\n\r\n    只是可惜没有名字，不然自己就可以去找街上的那些孩子们打听打听，这门真气修练心法，究竟厉不厉害。\r\n\r\n    想到这里，范慎又呵呵傻笑了起来，既然这贼老天让自己重活一次，自己更要珍惜啊，这内功可是自己那个世界里没有的好东西，就算眼前这无名心法不咋嘀，但也禁不住自己从一岁开始练。\r\n\r\n    要知道这可是比打娘胎里开始练，也低不了几个境界。\r\n\r\n    要知道这全天下所有的人，包括那些百姓们奉若神祗的几大宗师，就算他们再天才，也不可能和范慎一样，从刚出生的时候，就开始练内家真气。\r\n\r\n    这叫什么？这叫早起的鸟儿有虫吃，这叫笨鸟先飞。\r\n\r\n    更何况自己不会比那些初窥武道的少年们还要笨吧？\r\n\r\n    范慎这样想着，已经有明显气感的真气流开始缓缓循着那些书上描绘的线条，在他的身上流动起来，那种感觉十分舒服，就像某种温暖的水流正在洗刷着他体内的每一寸内脏。\r\n\r\n    渐渐地，他进入了冥想状态，很舒服地在床上睡着了。',4),(10,'第三章 练功与读书','（月内每天更新一到两章，看书的大爷大娘，记得投推荐票，最近才发现，原来那玩意儿很重要嘀。）\r\n\r\n    其实范闲并不知道，自己修练的是一门极其高深的内功心法，如果换成一般的武者，一定会小心翼翼，无比谨慎地修行，而且一定会请师长或者是值得信任的朋友帮忙看护。\r\n\r\n    这门功法最艰险的便是在入门处，要积功入丹田雪山之时，修行者的身体与心灵的反应速度便会产生极大的差异，最直接的后果，就是修行者的身体机能会变得像一个无法动弹的植物人一样。\r\n\r\n    如果此时修行者如果没有经验，很容易误以为自己走火入魔，强行要收纳真气入府――如果运气好，实力异常强悍的修行者可能将体内乱窜的真气归入经络之中，但也就等于练功没有半点作用。如果是初学者，则可能被这种惊慌，导致真正的心魔入侵。\r\n\r\n    而像范闲这样的初学者，不但没有走火入魔，反而比那些强者们更容易体会到那种玄妙的感觉，则要归功于他的身世和运气。\r\n\r\n    因为当他开始修炼这种无名真气的时候，寄居的身体还是个婴儿，从母体之中带来的先天之气还没有完全赠还给天地万物，还停留在他的体内，所以修练起来事半功倍，甚至还奇妙无比地将先天真气屯留了大部分在自己的经脉之中。\r\n\r\n    而修行者最容易遇到的心魔一关，对于范闲来说，也不怎么困难。\r\n\r\n    不要忘记，在前世的时候，范闲曾经缠mian病榻长达数年之久，早就习惯了自己的大脑不能指挥自己的身体，所以第一次遇到这种情况便没有惊慌，反而有一种找到过去残留记忆的温暖。\r\n\r\n    所以第一次修练时，气感刚刚感觉到，便开始乱窜，让他身体无法动弹的时候，他并没有十分害怕。\r\n\r\n    正因为无所畏惧，所以心无杂念，反而让他轻轻松松地迈过了最艰难的一关。\r\n\r\n    从那以后，修练便变得简单了起来，只要默念功诀，便自然而然地进入了冥想状态――所以对于范闲来说，每天的午睡，那是十分香甜，雷打不醒的。\r\n\r\n    一般的修行者极难进入冥想状态，因为那需要机缘巧合，像这孩子一般天天用午睡当冥想的做法，真是奢侈到了无法形容的地步。\r\n\r\n    上天是真的很眷顾他。\r\n\r\n    ……\r\n\r\n    ……\r\n\r\n    一觉睡醒，凑着那张清新可爱的小脸在丫环姐姐手上的毛巾里打了个滚，就算是把脸洗了。\r\n\r\n    下午的时候，便开始在书房里跟着伯爵府专门从东海郡请过来的教书先生学习。这位教书先生年纪并不大，约摸三十多岁，但身上的感觉却是老腐味十足。\r\n\r\n    庆国早在十年前便兴起了一场改良，以文书阁大人胡先生的一篇改良刍议为发端，如今的文场之上，正是古文与今文大战的沙场。\r\n\r\n    所谓古文便是范闲记忆中的文言文，而今文，则有些像白话文，只是用辞要雅训一些。\r\n\r\n    范闲的教书先生，是古文派的粉丝，所以天天教范闲看的便是些什么经书，这些经书虽然与范闲那个世界的四书五经不大一样，但很妙的是，居然很多内容意旨相差并不太大，也有儒墨法道之分。\r\n\r\n    以至于范闲第一次听课的时候，便开始怀疑自己究竟是在哪里。\r\n\r\n    夏rì热闷，书房里也是热气蒸腾，教书先生将南面的窗子推开，窗外蝉声透了起来，和着清风，极是清美。先生回头一看，自己的小学生正趴在桌上发呆，正想出言训斥，但看着那张清美的小脸蛋儿，不知怎的却心头一软。\r\n\r\n    教书先生其实很欣赏自己这个小学生，小小年纪，居然谈吐清楚，对于书上所载的前人微言大义也能明白一二，对于一个四岁顽童来说，实在是很不容易。\r\n\r\n    教书先生自己也有疑问，心想司南伯爵未免也太心急了些，给自己的信中要求太高，逼不得已之下，只好现在便开始教四岁黄口小儿经文。如果在寻常人家，这个年纪，也不过就是学些字，背背童蒙之学罢了。\r\n\r\n    等教书完毕，范闲极有礼貌地向先生行了一礼，然后恭敬地等先生先离开书房，这才脱了已经被汗湿了的外衣，往书房外跑去，急得身后的丫环一路嚷着小心一路跟着。\r\n\r\n    等进了正院，范闲马上停了下来，脸上堆出天真可爱的纯纯笑容，像小大人一样摇摇晃晃地走了进去，看见正zhōng yāng坐着的那位老夫人，开口nǎi声nǎi气喊道：“nǎinǎi。”\r\n\r\n    老夫人面容和蔼慈祥，深深的皱纹里全是岁月的痕迹，只有偶尔眼神里露出的某些神情，才让别人知道，这位老夫人其实相当不简单――据说司南伯爵能有今天，与老夫人在京都里的关系分不开。\r\n\r\n    “今天学了些什么？”\r\n\r\n    范闲很老实地站在椅子前，将先生教的东西说完了，然后行礼完毕，去偏院和妹妹一起吃饭。\r\n\r\n    老夫人和孙子之间，似乎很陌生。不知道是不是因为范闲是个私生子的原因，老夫人虽然没有虐待他，但总是对他要求特别高，因此感觉上总显得有几丝生疏。\r\n\r\n    范闲还记得自己只有一岁的时候，眼前这位老夫人曾经在深夜里抱着自己哭泣，老夫人自然想不到一个一岁的婴儿能听懂她的话，更将她的话一直默默记了下来。\r\n\r\n    “孩子，要怪就怪你父亲吧，可怜的小家伙，刚生下来妈妈就没了。”\r\n\r\n    ……\r\n\r\n    ……\r\n\r\n    身世？这是范闲心头一个极大的疑问，刚到这个世界时便遭遇到了一场狙杀，虽然现在知道自己的父亲是从来没有见过面的京都高官司南伯爵，但自己的母亲是谁？当年司南伯爵还在跟随皇帝陛下西征的大军中，那些杀手自然是针对自己的母亲来的。\r\n\r\n    但他体内是属于另外一个世界的灵魂，所以自然不可能会对没有见面的司南伯爵有什么父子之情，只是偶尔还会想到那个已经离开这个世界的女子，那位自己名义上的妈妈。',4),(11,'第一章 人称789','系统正在重启！\r\n\r\n    引擎启动！\r\n\r\n    系统充能成功！\r\n\r\n    开始穿梭！\r\n\r\n    ……\r\n\r\n    “嗡！”\r\n\r\n    忽地，脑子里一片空白，身躯不断下坠，就像是要被撕裂一般，在一阵天旋地转之中，我猛然从梦境中醒来。\r\n\r\n    脑袋里一阵昏沉沉的感觉，仿佛从一段往昔岁月里苏醒了一样，明明之前看到的画面还是一口恢弘巨渊，以及林立于天穹之上的一个个巨大身影，可转眼间，却又回到了现实。\r\n\r\n    “终于醒了啊……”\r\n\r\n    茫然躺在床上，真是疯了，连梦境里都是游戏画面了……我这是怎么了，难道是从游戏里穿梭时空来到现实了？不对不对……脑海里的记忆一点点复苏，明明前一天晚上我跟死党阿飞喝得醺醺大醉来着，而且，这里不就是阿飞家吗？\r\n\r\n    “嗯？”\r\n\r\n    正思索着，忽地，鼻间飘来一股浓浓的香水味。\r\n\r\n    “怎么回事，我的房间怎么会有香水味？”\r\n\r\n    嗅了嗅鼻子，伸手在枕边轻轻一捞，却抓到了一件柔滑的三角形状丝帛。\r\n\r\n    “咦？”\r\n\r\n    一瞬间，如遭雷击，这是一条……女人的衣物？顿时胸中怒火中烧起来，我的房间里怎么会有女人的东西？\r\n\r\n    “阿飞！”\r\n\r\n    “阿飞，滚出来！”\r\n\r\n    连续怒吼两声之后，一名男子推门而入，用擦着湿漉漉的头发，看到我手里拎着丝帛，一脸兴师问罪的模样，顿时讪笑：“阿……阿离，你怎么醒啦？啊哈哈哈，我还以为你要睡到下午了呢！”\r\n\r\n    “这东西，怎么回事！？”\r\n\r\n    “这个……这个……”\r\n\r\n    他脸都憋红了，突然愤慨说道：“靠，你小子也太不讲义气了，是不是喝醉了连昨天发生了什么事情都忘了？要不是因为你被甩了，哥们能跟你去酒吧喝得烂醉如泥吗？”\r\n\r\n    “嗯？我被甩了？”\r\n\r\n    我一头雾水，什么都想不起来了。\r\n\r\n    “这就已经忘了？”他走上前，搂着我的肩膀，笑道：“你能从失恋的阴影中走出来，我也为你感到欣慰，看来昨天晚上这顿酒没有白喝！”\r\n\r\n    “别岔开话题，这东西怎么回事？”我依旧瞪着手里的东西。\r\n\r\n    “哈哈……”\r\n\r\n    他习惯性的尴尬一笑，说：“昨天晚上我不是后来把那个叫Ca\r\n\r\n    a的妞给带回来了嘛……然后看你醉成狗了，所以就在你旁边开辟了战场……”\r\n\r\n    “我淦！”\r\n\r\n    我直接把砸在他脸上：“你特么就在我旁边把事办了？”\r\n\r\n    “反正你喝醉了，什么都不知道。”\r\n\r\n    “滚啊！”\r\n\r\n    我一脚把他踹出房间。\r\n\r\n    “哈哈哈哈~~~”\r\n\r\n    房间里传来阿飞浪荡的笑声，说道：“对了阿离，你别把正事给忘了，下午三点幻月开服，你我二人，太湖传奇，创造一段辉煌史诗，要纵横天下的事情可别忘了啊！”\r\n\r\n    “幻月今天开服？”我讶然。\r\n\r\n    “我靠，你小子不会一觉睡过来把自己给睡傻了吧？”\r\n\r\n    他瞪着我：“等等，你还记得王诗雨是谁吗？”\r\n\r\n    “王诗雨……”我陷入沉思。\r\n\r\n    “靠！”\r\n\r\n    他一脸无语：“你前天才刚刚跟她分的手啊，怎么今天就好像忘了她似的，你这境界高啊，在下佩服，嘿嘿！”\r\n\r\n    我摸摸后脑勺：“我也不知道，喝醉之后做了个梦，好像就看淡了。”\r\n\r\n    “什么梦？”\r\n\r\n    “忘了……”\r\n\r\n    “佩服佩服！”\r\n\r\n    他咧咧嘴：“反正你现在也被公司辞退了，就安心住在我这里吧，凭咱俩的游戏能力，绝对能在《幻月》里呼风唤雨、纵横天下的，没错吧？”\r\n\r\n    “哼哼……”\r\n\r\n    我悻悻然：“你自己的游戏水准有多少，你没有一点数啊？你确实该好好提升一下游戏操作了，否则别说纵横天下了，连狗窝都纵横不了……”\r\n\r\n    “啊哈哈哈，大局观！主要是大局观比较好……”\r\n\r\n    他忽然仿佛想起了什么，道：“对了，游戏头盔你到底准备好了没有啊，没有的话，马上下楼去直销点，一万块一个，对了，你小子堂堂的天命集团首席数据分析师，年薪上千万的人，怎么穷到来投奔我了？”\r\n\r\n    我有点尴尬：“我银行卡被老爸冻结了，现在身无分文……”\r\n\r\n    “靠，不肖子，哈哈哈哈~~~”\r\n\r\n    “滚滚滚！我去检查一下头盔。”\r\n\r\n    “行。”\r\n\r\n    ……\r\n\r\n    从床底拖出沉重的行李箱，里面装的基本上都是一些我个人的文件，就在行李箱的一角，摆放着一个金色、红色花纹相间的头盔，正是天命集团最新游戏《幻月》的专属头盔，而且据说是最先进的一个类型的头盔，是求了老姐好久之后才弄到手的。\r\n\r\n    “靠！”\r\n\r\n    当阿飞的目光触及头盔的一瞬间，整个人都被石化了一样，喃喃道：“这特么的……是尊荣头盔啊？！金红相间，尊荣头盔，是不是？限量款的啊！据说都是给超一线的职业玩家定制的啊，整个国服，也就李逍遥、方歌阙、苍曈、问剑等顶尖的二三十个人有资格拥有了。”\r\n\r\n    “嗯。”\r\n\r\n    我点点头：“这确实是一个尊荣头盔。”\r\n\r\n    “你怎么有的？”\r\n\r\n    他见了鬼一样，疯狂的在头盔上摸来摸去，口水都快要掉下来了：“靠啊，你小子的技术虽然还凑合，但是……但是还远没有资格拥有尊荣头盔啊！”\r\n\r\n    “你别忘了我的身份，我曾经是天命集团的首席数据分析师，通过个人渠道搞一个尊荣头盔，有这么难吗？”\r\n\r\n    他竖起了大拇指：“你这牛吹得，我差点以为你是天命集团大老板的儿子！”\r\n\r\n    “那你又怎么知道不是呢？哈哈哈哈~~~”\r\n\r\n    “滚啊，人家姓欧阳，你姓陆，你个狗儿子倒是想，但是没门，哈哈哈哈~~”\r\n\r\n    “滚，CNNN！”\r\n\r\n    “口吐粗鄙之语！李奶奶哪里得罪你了……”\r\n\r\n    他哈哈大笑，话锋一转，笑道：“既然头盔都有了，那么万事俱备只欠东风了，既然你银行卡也被冻了，你就乖乖留在我家给我当小弟吧，哥带你在《幻月》的世界里吃香的喝辣的，咱们太湖传奇组合一定要创造一段传奇啊！”\r\n\r\n    “哼……谁是小弟还不一定呢！”\r\n\r\n    “走，下楼吃饭，楼下馆子的酸菜鱼烧得不错，服务员妹子也漂亮。”\r\n\r\n    “稍等一下，我洗漱一下就出发！”\r\n\r\n    “OK！”\r\n\r\n    阿飞转身而去。\r\n\r\n    看着他的背影，我不禁一笑，在我最落魄的时候居然还有一个好兄弟肯收留我，这么看起来我似乎也没有那么惨。\r\n\r\n    阿飞是苏州本地人，名叫史上飞。\r\n\r\n    他的名字颇有由来，传说他妈妈在生他的前一个晚上梦到金色大鹏一飞冲天，奶奶觉得这个孩子以后一定峥嵘上进、扶摇飞天，会为老史家光耀门楣，所以取名史上飞，但同班同学基本上都叫他“苍蝇”，为这事他没少发飙过。\r\n\r\n    阿飞是个情场浪子，浪到什么地步呢？浪到我下楼买包方便面都能遇到几个跟他有过一腿的女孩，浪到他开车去上班短短的几公里的路程里，手机能自动连上十几个WIFI。\r\n\r\n    不过，浪归浪，做兄弟却没的说。\r\n\r\n    ……\r\n\r\n    午后。\r\n\r\n    客厅沙发里，我和阿飞一人一边，戴上游戏头盔，等待下午三点的游戏开启，当我戴上尊荣头盔的一瞬间，“哗”的一声，金色涟漪在眼前绽放开来，眼前出现了一片苍茫大地，无数身穿金甲的人族骑兵驰骋而去，聚集在一片高地上方。\r\n\r\n    视角忽地俯瞰，顿时高地下方的盆地里出现了无数亡灵军团，手握战斧的魔化牛头人，张开血盆大口的死灵生物，以及一个个手握法杖，高声吟唱着死亡魔法的亡灵法师，大地在颤抖，无数亡灵生物破土而出，仿佛潮水般的涌向了人族军队。\r\n\r\n    画面骤然一转，空中一轮银月高悬，散发着无比妖冶的气息。\r\n\r\n    耳边，传开了悦耳的开场女声——\r\n\r\n    “银月升起时，众多元素相继觉醒，魔法力量降临大陆，大陆上生灵繁衍，最终出现了人族、蛮荒族、龙族、精灵、海族五大族群，五千年前，五大种族的国王在人族的凡书城签订了传说中的“凡书契约”，史称五族盟约。”\r\n\r\n    “多年后，位于大陆北方的炽焰之门被强行打开，实力强横的亡灵大军横扫大陆北方，先后灭掉了人族、精灵、蛮荒族的一共六大王国，将五大族群的生存之地向南推移，当银月再次升起时，人族开始了对魔法力量与古武的研究，从此，光明与黑暗、正义与邪恶之间展开了一场无比漫长的战争。”\r\n\r\n    无数光华雨落，在天际凝聚成了龙飞凤舞的“幻月”两个大字，紧接着游戏开服倒计时就出现在了眼前。\r\n\r\n    “呼……”\r\n\r\n    我深吸了口气，身为天命集团的数据分析师兼研发人员，我是无法进入游戏的，但这次不同了，已经离职的我可以正式以玩家的身份进入这款号称全新引擎、继承上一款《天命》核心数据的游戏了。\r\n\r\n    ……\r\n\r\n    耳边，仿佛传来了故人的声音。\r\n\r\n    “阿离，等你能进天命的时候，以你的悟性，肯定是个高手，这一点我相当肯定，哈哈哈哈~~~”\r\n\r\n    是韩一笑的声音。\r\n\r\n    我心头怅然，韩一笑和我，以及阿飞，都毕业于同一所高中，我们少年时一起玩游戏，我用的ID叫七月流火，阿飞用的叫八月未央，韩一笑用的则是九月授衣，三个人天天一起在游戏里厮混，人称789，在当时的游戏里也算是小有名气。\r\n\r\n    可惜，一切都已经过去了。\r\n\r\n    看着远方的幻月图案，我深吸了一口气。\r\n\r\n    “老韩，我一定会找到真相，找到你，放心吧！”\r\n\r\n    ……\r\n\r\n    时间一点一滴的流逝，距离游戏开服越来越近了。\r\n\r\n    不得不说，我和阿飞这两个小团体“太湖传奇”组队相对比较仓促，大部分带着雄心壮志进入《幻月》的团队都组建了相应的“工作室”，而我们则几乎是在半个月内做出了这个决定，不过仓促归仓促，我依旧相当自信，以我的能力，肯定能在这款幻月中纵横天下，这一点不必怀疑。',5),(12,'第二章 林不易','下午三点，激动人心的时刻终于来临！\r\n\r\n    “唰！”\r\n\r\n    我的身躯瞬间就被一缕圣光包裹，卷入了一方一座殿堂之中，这是一座鸟语花香、圣气缭绕的**所在，一根根盘龙明柱冲天而起，撑起整个大殿的重量，身后出现一尊尊古代英雄的雕像，天边，依旧悬挂着一轮银月。\r\n\r\n    风中，一缕身影凝聚，化为一个长着透明翅翼的精灵天使，只有巴掌大，拍打着翅膀飞舞在我面前，笑道：“来自异世界的主人，欢迎你降临幻月大陆，我是你的系统精灵，接下来，我将引导你完成账号的创建，可以吗？”\r\n\r\n    “嗯。”\r\n\r\n    我点点头，笑着看她：“精灵，你可真是美爆了……”\r\n\r\n    她霞飞双颊：“主人，谢谢你的夸赞，首先，请为我命名，我将会伴随主人度过所有的《幻月》游戏时光，一直都在。”\r\n\r\n    “好的。”\r\n\r\n    我看着她的模样，忽地脑海里跳出了“换装”界面，居然可以给系统精灵换装，装扮的种类有弓箭手、制服、重铠战士、神族等等，于是，我直接点选了一套工作装，外加手里抱着一叠文件的换装，跟公司前台美女差不多，于是确认完毕，输入“小秘书”三个字。\r\n\r\n    “命名完毕。”\r\n\r\n    她俏脸上一片酡红，道：“从今以后，我的名字就叫做‘小秘书’了，谢谢主人！”\r\n\r\n    我老脸一红，说：“应该的，以后我就叫你小书吧？”\r\n\r\n    “好的。”\r\n\r\n    她点点头：“小书听从差遣，那么主人，请开始创建人物阶段，您需要调整个人容貌吗？”\r\n\r\n    “不需要。”\r\n\r\n    我摇摇头，对于相貌其实还是挺自信的，虽然谈不上有多帅，但肯定不丑，下一秒，系统扫描数据完成，我身穿四角裤的模样就出现在了眼前，五官几乎与本人一模一样。\r\n\r\n    小秘书笑道：“人物创建完成，接下来，请主人为自己命名。”\r\n\r\n    “七月流火。”\r\n\r\n    我想也不想，直接输入我一贯用的名字，居然没有被抢注，直接就申请完成了。\r\n\r\n    “账号创建成功！”\r\n\r\n    小秘书梨涡浅笑：“请主人选择当地新手村，确认之后进入游戏。”\r\n\r\n    “好。”\r\n\r\n    顿时，眼前出现了密密麻麻的小村庄的列表，都是新手村的名字，于是我直接对外界说道：“阿飞，你人物创建完毕之后先别急着进入游戏，选择跟我一样的新手村吧，咱俩先进游戏，练到10级之后去就职。”\r\n\r\n    “什么叫就职？”\r\n\r\n    “选择职业！你不看前期攻略的吗，混蛋！？”\r\n\r\n    “忘了看了，不是有你嘛，哈哈哈哈~~~”\r\n\r\n    我扫了一眼，苏州乃至整个江苏区域的玩家，可供选择的新手村有三百多个，于是选择了其中一个名字较为好听的新手村——秋月村，春花秋月何时了，多么诗情画意的名字啊，这里就是我们的启程点了，于是对外面说道：“阿飞，选秋月村，然后就可以进入游戏了。”\r\n\r\n    “OK，秋月村，是吧？”\r\n\r\n    “嗯。”\r\n\r\n    “确认，开始了开始了！”\r\n\r\n    “好。”\r\n\r\n    下一秒，我也确认秋月村，随后进入了游戏。\r\n\r\n    ……\r\n\r\n    “唰~~~”\r\n\r\n    眼前一片光雨绚丽的画面，紧接着穿着四角裤的人物就出现在了一座桃花盛开的小村庄里，四周围“刷刷刷”的光点雨落，无数玩家降生在这座村庄里！\r\n\r\n    “阿离！”\r\n\r\n    不远处，一个穿着四角裤的男子冲我直招手，正是阿飞！\r\n\r\n    我哈哈一笑走了过去：“阿飞，你可真特娘像是一个基佬……”\r\n\r\n    他抠着鼻子：“说得好像你不像一样，现在怎么办，要买装备、买药水出门练级吗？”\r\n\r\n    “买个P，你有钱吗？”\r\n\r\n    “5铜币……干！什么都买不了啊……”\r\n\r\n    “嗯？”\r\n\r\n    我打开了包裹，扫了一眼自己的包裹里，却发现除了一件新手布衣之外，居然还有三个物品，一个漆黑的手镯，一张深红色的纸，还有一本金灿灿的宝典，这都什么啊？！\r\n\r\n    目光一一扫过，首先是那充满古老韵味的手镯，目光触碰处，属性跳跃了出来——\r\n\r\n    【古老手镯】（未知）\r\n\r\n    特性：未绑定\r\n\r\n    不知道是什么东西，再看那红色的纸张，一样的充满神秘感。\r\n\r\n    【修罗秘典】（归墟级宝物）\r\n\r\n    用途：使用之后，获得隐藏种族“修罗”，以及相应的隐藏职业\r\n\r\n    靠！\r\n\r\n    我脑海里瞬间炸开了，这可是好宝贝啊！？\r\n\r\n    不行，先冷静一下，再看第三件物品，那金灿灿的宝典，看起来无比圣洁。\r\n\r\n    【全成就手册】（归墟级宝物）\r\n\r\n    介绍：开启之后，获得全成就系统\r\n\r\n    嗡！\r\n\r\n    脑子里再次一片空白，这次好像是出大事了！\r\n\r\n    ……\r\n\r\n    “阿飞？”我心头一沉。\r\n\r\n    “嗯？怎么了？”\r\n\r\n    “你包裹里降生时给了什么？”\r\n\r\n    “一件新手布衣啊，还有5铜币，然后就没了，怎么了？”\r\n\r\n    “就这些？”\r\n\r\n    “对呀，到底怎么啦？”\r\n\r\n    一瞬间，我狂喜不已，难道只有我是这样的？新手包裹里比别的玩家凭空多出了三件宝贝，我该不会是个主角吧？\r\n\r\n    整个人快要开心到窒息了，沉声道：“阿飞，我好像触发了隐藏职业了，这样吧，你自己出门练级去，熬到10级就能就职了，选法师，自己一个人就能练级，我先去把我的隐藏职业搞定，然后再回来跟你一起练级好了。”\r\n\r\n    “卧槽？”\r\n\r\n    他震惊无比：“那……那还犹豫什么的，赶紧去搞定隐藏职业吧，哈哈哈哈哈，我们以后吃香的喝辣的可能就要靠你了！”\r\n\r\n    “嗯。”\r\n\r\n    ……\r\n\r\n    我努力的让自己冷静下来，然后从包裹里取出了修罗秘典，确认使用之后，“唰”的一道血色光芒从地底升起，直接将我全身包裹，瞬间就消失在了众人的眼前，甚至让他们连我们的名字都没有看到就凭空消失了。\r\n\r\n    下一刻，身躯传来了沉甸甸的感觉，整个人仿佛被什么东西压住了一样，连呼吸都变得十分困难。\r\n\r\n    “叮！”\r\n\r\n    系统提示：恭喜你，获得隐藏种族——修罗！\r\n\r\n    “叮！”\r\n\r\n    系统提示：请注意，目前你正处于修罗血脉初步觉醒状态，伴随着你的修炼，体魄将会不断增强！\r\n\r\n    “呜呜……”\r\n\r\n    我哪里管得了这么多，奋然挥动双臂，不断往上爬，脱离那些压着自己的东西，终于“啪嗒”一声，整个人从泥土中钻了出来，出现在了一个十分昏暗的岩洞之中。\r\n\r\n    “嗯？”\r\n\r\n    周围的环境说不出的诡异，一缕缕鬼火漂浮在岩洞内，而就在我的旁边，赫然是一个个鼓起来的坟堆，而我自己正是从其中的一个坟堆里钻出来的，低头一看，赫然发现双手消失了，取而代之的是一双白骨森森的手臂，衣物残破，裤衩子都已经完全烂了，露出了性-感的盆骨。\r\n\r\n    “靠……”\r\n\r\n    我微微一怔，这算什么，不是说好给我修罗血脉的吗？怎么修罗血脉初阶居然是一只骷髅啊？这也反差太大了吧，不是说修罗是接近于神的存在吗？怎么会是这个鬼样子！？\r\n\r\n    同时，右下角出现了人物界面，于是挥手打开，个人界面出现在了眼前——\r\n\r\n    【七月流火】（亡灵侍者）\r\n\r\n    等级：未拥有\r\n\r\n    攻击：5-10\r\n\r\n    防御：6\r\n\r\n    气血：100\r\n\r\n    暴击：0\r\n\r\n    悟性：94\r\n\r\n    魅力：0\r\n\r\n    魂星：0\r\n\r\n    贡献度：0\r\n\r\n    战斗力：23\r\n\r\n    ……\r\n\r\n    惨不忍睹的数据，基本上除了悟性一栏，其余的都不用看了，不过这个悟性……是怎么测出来的？测试玩家智商，还是隐藏种族血脉带来的东西？\r\n\r\n    于是，我对着外界问道：“阿飞，你的个人面板里，悟性多少？”\r\n\r\n    “25点，怎么啦？”\r\n\r\n    “没事了，好好练级吧。”\r\n\r\n    “好嘞！”\r\n\r\n    可怜的阿飞，已经茫然无知的在新手村奋战起来了。\r\n\r\n    我深吸了口气，扫视岩洞里的一切，到处都是栖息地，其中有几个坟堆松动了，有亡灵即将破土而出，鼻间则飘着浓烈的腥臭气息，让人无法忍受，不过我现在也身为亡灵的一员，没什么好说的了，不能嫌弃同类。\r\n\r\n    接下来，要搞清楚怎么在这种地方“发育”，这是重中之重。\r\n\r\n    就在这时，前方一个许久都蓦然不动的身影缓缓转身，一双空洞的眸子看着我，那是一种怎样的眼神，让人难以言喻。\r\n\r\n    他，也是一个骷髅，但却与众不同，长袍习习，一头银丝束成发髻，单手负于身后，有种说不出的仙风道骨，浑身都有一种超然的气韵，就这么淡淡的看着我，道：“小家伙，你终于醒了，这片充满死寂的领域之中，终于迎来了一些新的气息。”\r\n\r\n    “你是……”\r\n\r\n    “别管我是谁。”\r\n\r\n    他“目光”凝重的看着我，道：“你可知道这是哪里？”\r\n\r\n    “不知道……”我摇摇头。\r\n\r\n    “这里是黑色城堡，是死亡与重生的交界地，是众生蝼蚁苟延残喘、搏击天意之地，我们都是一群亡者，但改天换命、看破生死的夙愿永不放弃，你能降生于这里，是被命数所选择的人，能否突破桎梏，成就超然的宿命，全在于你自己的选择。”\r\n\r\n    我神色凝重了起来，忍不住道：“那么……我应该叫您一声前辈了，我刚刚来到这里，凡事都不懂，还请前辈多多照顾。”\r\n\r\n    他淡淡一笑，抬手拾起了身边的一柄斑驳骨剑，道：“不必，小家伙，如今异世界之门已经开启，无数勇士闯入这片世界，幻月大陆即将乱了，恰逢这种天下大乱，也是一种天大的机缘，你身拥不凡血脉，只要勇往直前，就必然能在这大争之世中有一方立足之地，成就一番不凡的功名！”\r\n\r\n    我越发的觉得他的身形伟岸起来，于是跟着他来到了岩洞的洞口处，道：“前辈，你叫什么？”\r\n\r\n    “我说了，不必叫前辈。”\r\n\r\n    他目光幽然的看着我，道：“如果你我投缘，你大可以叫我一声老哥。”\r\n\r\n    “好的，老哥！”\r\n\r\n    我重重的点头：“老哥，你叫什么名字？”\r\n\r\n    “我名林不易！”\r\n\r\n    说完，他迈步走出了岩洞。\r\n\r\n    ……\r\n\r\n    “蓬！”\r\n\r\n    巨变陡生，忽地一道巨大黑影从天而降，赫然是一只巨大的脚掌，氤氲着死亡气息，就这么从天而降的踩在了我刚认的老哥身上，随即拔地而起。\r\n\r\n    地上，竟只剩下一堆被碾碎成齑粉的碎骨，老哥没了！',5),(13,'第一章 慎重海军，绝不出头','东海，153支部管辖海域。\r\n\r\n    暴风雨所激荡的大海上，飘荡着一艘军舰。\r\n\r\n    “库洛曹长，前方发现一艘海贼船！”\r\n\r\n    舱室内，一名大胡子海军对着面前之人报告。\r\n\r\n    大胡子对面的人，一身标准的海军制服，没带帽子的脑袋显露一头黑色的头发，刘海自额头分开，眼神中满是懒散，单看相貌也就二十三四。\r\n\r\n    库洛挠了挠脑袋，将手中报纸放下，掐灭了香烟，郑重道：“卡斯军曹，我说多少遍了，遇见海贼船，那就先打探清楚对面的悬赏金，高于三百万的，我们一律不接，不是，一律要慎重。低于三百万的，能炮击就炮击，尽量不要接舷战，以击沉对方船只为主。”\r\n\r\n    “是！”\r\n\r\n    卡斯军曹敬了个礼，转身出去。\r\n\r\n    这个大胡子什么都好，就是太一本正经了，干什么都要找他汇报，不管说多少遍都没用。\r\n\r\n    轰轰轰！\r\n\r\n    外面，传来了炮声。\r\n\r\n    库洛无奈的叹了口气。\r\n\r\n    “为什么，为什么我会出生在海贼王...”\r\n\r\n    这里，海贼王世界，正值大海贼时代。\r\n\r\n    大海风起云涌，强者顶天立地各自厮杀，实在是让人...\r\n\r\n    提不起劲！\r\n\r\n    我，鲁西鲁·库洛，二十四岁，最大的梦想——\r\n\r\n    安全的过完这一生！\r\n\r\n    海贼王世界啊，那个人人都会‘生命归还’，受伤了吃一顿修养两天就生龙活虎的生命力旺盛的世界啊。\r\n\r\n    鬼才会在这个世界里兴奋。\r\n\r\n    反正库洛不会。\r\n\r\n    穿越到这个世界二十多年，他就明白一件事情，没有足够的实力，他打死不出山。\r\n\r\n    所幸的是，他出生时候自带了一个外挂，来自鬼眼狂刀的【无明神风流】，经过他二十几年来不断的修炼，这门剑道已经被他完全掌握。\r\n\r\n    比壬生京四郎还要能掌握的那种掌握。\r\n\r\n    但是在这世界够吗？\r\n\r\n    大将、四皇、七武海、GM军的一些强者，还有那些稀奇古怪的变态，似乎有些不够。\r\n\r\n    他需要慎重。\r\n\r\n    所以他加入了海军。\r\n\r\n    在这个世界当海贼？\r\n\r\n    他叫鲁西鲁·库洛，不叫王库洛，没那个资质。\r\n\r\n    当海贼猎人？太能搞事，容易被针对。\r\n\r\n    思来想去，最安全的就是当海军了。\r\n\r\n    而且这里是东海，最弱之海，能力者几乎被当成传说的地方，平均赏金三百万，非常安全。\r\n\r\n    库洛十四岁入伍，历经十年，小心翼翼的成为了一名曹长。\r\n\r\n    不过就算是东海，那也不能大意，他也不想暴露实力，万一引来强者的瞩目那就不好了。\r\n\r\n    他是玩剑的，最明显的就是有个世界第一大剑豪鹰眼在那里，万一出名了被他盯上那还得了。\r\n\r\n    所以库洛有个原则，三百万以上的海贼不抓。\r\n\r\n    超越赏金平均线了，鬼知道那些海贼有没有什么奇怪的招式和能力，万一翻车了呢。\r\n\r\n    轰轰轰！\r\n\r\n    大炮还在轰击，库洛叼着一根烟，擦着火柴。\r\n\r\n    烟和雪茄可是海军的必备之物，怎么可以不抽。\r\n\r\n    他的身体也是这个世界的人，生命力旺盛，随便抽，不担心。\r\n\r\n    砰！\r\n\r\n    舱室一阵震动，火柴从他手上掉了下来。\r\n\r\n    “杀啊！”\r\n\r\n    下一瞬，震天的喊杀声响起。\r\n\r\n    “翻车了？”\r\n\r\n    库洛面色一变，拎起一旁的制式军刀极快走出舱室。\r\n\r\n    哗啦啦...\r\n\r\n    暴风带着雨倾盆而下，军舰在这暴风雨下摇摆不定。\r\n\r\n    几乎就在军舰脸上的位置，一艘破破烂烂的海贼船与军舰脸贴脸，甲板上已经有一群歪瓜裂枣的海贼拿着武器和海军战作一团。\r\n\r\n    “曹长！”\r\n\r\n    卡斯左手拿刀右手拿枪，一枪干掉一个海贼，大叫道：“是【巨斧海贼团】！”\r\n\r\n    他眼睛不瞎，看得见。\r\n\r\n    那些海贼中，一个身高至少二米五的大汉拿着一柄少说两米的双面大斧一下子放翻一群海军，是个人都能看到。\r\n\r\n    “小的们，杀光他们，把船抢了！”\r\n\r\n    大汉一斧子将一群海军砸飞，大声吼着。\r\n\r\n    巨斧海贼团船长科尔莫，悬赏金六百万贝利。\r\n\r\n    超越库洛标准两倍了。\r\n\r\n    库洛看了眼天，骂道：“该死的天气。”\r\n\r\n    对面的船并且是遭遇了黑吃黑后突入暴风雨快要散架了，这才会来抢海军的船，不然一般碰到这种，不是那种特别凶残的话，随便打两炮人家就跑了。\r\n\r\n    “现在还不是我出手的时候，对面人数不如我方，不一定要我出手。万一他们能把这群海贼擒获，我就不用引人注意了。”\r\n\r\n    库洛手肘撑着腰间刀柄，心中暗道。\r\n\r\n    他鲁西鲁·库洛行走世界，全靠两个字——\r\n\r\n    怂...不是，是慎重！\r\n\r\n    砰砰砰！\r\n\r\n    海军拿着遂发枪不停朝着科尔莫射击。\r\n\r\n    不得不提除了极少个别有狙击天赋的，其他的不管是海贼还是海军，都只会善良枪法和善良炮法。\r\n\r\n    歪到没边。\r\n\r\n    那些子弹全都打在了科尔莫周边的地板上，偶尔有那么几颗运气的子弹，也被科尔莫用斧头挡住。\r\n\r\n    而且，明明是遂发枪，明明在下雨，为什么可以射击。\r\n\r\n    牛顿没有出生在这个世界？\r\n\r\n    “都去死！”\r\n\r\n    科尔莫宛如一头蛮牛，以大斧做盾，撞翻了射击的海军。\r\n\r\n    库洛眼皮子直跳，因为科尔莫的关系，让海贼们士气大振，打的海军节节败退。\r\n\r\n    “曹长，小心！”\r\n\r\n    卡斯军曹的声音传来。\r\n\r\n    咚咚咚！\r\n\r\n    只见科尔莫瞄准着库洛直冲，一把大斧子自上而下猛力顺劈。\r\n\r\n    没办法，老规矩，演他。\r\n\r\n    库洛装作一副悲愤之相，拔出军刀，大吼一声：“正义必胜！”冲了过去。\r\n\r\n    不过似乎是甲板因为雨比较滑的原因，库洛一个趔趄，很‘不小心’滑了一下，极为‘巧合’的躲过了科尔莫的攻击。\r\n\r\n    砰！\r\n\r\n    科尔莫顺势一拳砸在了库洛身上，库洛就飞了出去，不过他飞的有点远，好巧不巧的撞到了一名海贼身上，又刚巧不巧的那把军刀刺入了海贼的胸膛。\r\n\r\n    “咳咳，果然很强，但是身为海军，我不会屈服的！”\r\n\r\n    库洛看都没看那倒下去的海贼，咳嗽了几声，握着军刀重新冲向科尔莫。\r\n\r\n    “哈哈哈，你个垃圾！”\r\n\r\n    科尔莫放肆的大笑，这次他来突袭还真是突袭对了，这群海军都是垃圾，不是他大斧科尔莫的对手。\r\n\r\n    他举起大斧，准备劈死这个不知天高地厚的海军。\r\n\r\n    然而挥下的那一刻，库洛又很巧的‘滑倒’，躲过了他的攻击，一刀砍了过去。\r\n\r\n    科尔莫战斗经验丰富，一斧子没中，一脚踹出，库洛又被踹飞出去，撞在了一名海贼身上，这次力道不小，库洛手上的军刀都顺势飞出，在空中转了几圈，直直落在了那名的海贼上。\r\n\r\n    噗嗤！\r\n\r\n    “正义必胜！”\r\n\r\n    库洛拔出军刀，第三次冲了过去。',6),(14,'第二章 无明神风流杀人剑','科尔莫继续举起斧子，然而库洛却同样的‘滑倒’，然后被砸飞，接着刀很自然的扎入了一名海贼的身体。\r\n\r\n    往复轮转，库洛继续冲了过去。\r\n\r\n    科尔莫很是愤怒，这个海军小子的运气未免太好了吧，一连三次都躲过了自己的攻击。\r\n\r\n    “这一次，我一定要劈死你！”\r\n\r\n    他改了个轨迹，不再竖劈，而是将大斧子抡圆了横砸了过去。\r\n\r\n    库洛眼眸一凝，瞳孔发出一道锐利光华。\r\n\r\n    “目剑。”\r\n\r\n    科尔莫周身一僵，下意识捂住了自己的心脏，这一刻他觉得自己通体发寒，腿脚一软，斧子顺势就甩了过去，斧柄正好打在了库洛的身上。\r\n\r\n    库洛又飞了出去。\r\n\r\n    “啊！”\r\n\r\n    一名海贼捂着心口倒下。\r\n\r\n    库洛再次从尸体上拔出军刀，脸色凝重：“海贼，我是不会屈服的！”\r\n\r\n    “岂可修！”\r\n\r\n    科尔莫从地上爬起，脸色都气青了。\r\n\r\n    他斧子都不捡了，双臂大张，直奔库洛。\r\n\r\n    然后库洛又飞了出去，又很巧不巧的干掉了一名海贼。\r\n\r\n    科尔莫都快疯了，不管他怎么对付这个海军，他都会‘飞’出去。\r\n\r\n    哪怕他明明抓住对方了，可那一瞬间自己就会通体发寒，跟被剑砍中心脏一样，然后自己就会摔倒，那个海军还是会飞出去。\r\n\r\n    一来二去，本来应该占据上风的海贼，已经躺下了一多半。\r\n\r\n    库洛从地上爬起，顺手拔出扎在海贼身上的军刀，气喘吁吁脸色苍白。\r\n\r\n    “曹长！”\r\n\r\n    卡斯曹长心疼的看着库洛，虽然没什么伤痕血迹，但是那颤动的身躯以及时不时压抑不住的咳嗽声表明着他内伤不轻。\r\n\r\n    就算这样，就算这样...\r\n\r\n    海军也不向海贼投降！\r\n\r\n    “正义必胜，我们不向海贼投降，啊！！！”\r\n\r\n    卡斯热泪盈眶，虎吼一声冲向一名海贼，一刀终结了他。\r\n\r\n    “杀啊！！！”\r\n\r\n    海军的士气肉眼可见的增长，而因为库洛每次很‘凄惨’的撞在海贼上，武器又很‘不巧’的又刺入了海贼身体，来袭的海贼已经不多了，很快就被海军压倒上风，打的丢盔弃甲，到处逃窜。\r\n\r\n    “可恶，可恶！”\r\n\r\n    科尔莫气的在发抖，从刚才对付这个海军开始，他就一直不顺，非常不顺！\r\n\r\n    之前用斧子没什么发觉，可是后来他感觉到不对了，虽然每次都是他在攻击库洛，但是他的拳脚总觉得没有击中，像是打在空气一样，可是库洛又确实飞了出去，看起来也确实受伤不轻。\r\n\r\n    很别扭，很怪异。\r\n\r\n    库洛表情悲愤，心中却暗笑：“非常好，接下来海军合力对抗大海贼科尔莫，大战三百回合，最终将其擒获。不是我一个人打的，是其他海军的功劳，这种事太平常了，我肯定不会被注意到。”\r\n\r\n    “我真的生气了。”\r\n\r\n    就在库洛准备指挥海军一起上的时候，科尔莫声音忽然变得低沉，他微微弯腰，佝偻着背，一双眼睛忽然化为金色竖瞳。\r\n\r\n    “撕碎你们！”\r\n\r\n    科尔莫的身形暴涨一圈，层层鳞片从他背后长出，一双手化为利爪，脑袋的上半部变得狭长。\r\n\r\n    化为了一个蜥蜴人。\r\n\r\n    砰砰砰...\r\n\r\n    子弹打在了科莫的背上，蹭出一团火花。\r\n\r\n    “怪...怪物啊！”\r\n\r\n    一些海军胆寒的大叫。\r\n\r\n    这次库洛脸色是真的难看了。\r\n\r\n    恶魔果实能力者？\r\n\r\n    你吗的，为什么！\r\n\r\n    “海军评估队是干什么吃的，这种人六百万？ZF又不是没钱，给他赏个六千万放进伟大航路去送死不好吗！”库洛心里咆哮开了。\r\n\r\n    “呵呵呵呵...”\r\n\r\n    科尔莫咧嘴狂笑，“我是吃了‘蜥蜴果实’的蜥蜴人，本来不想用这个能力的，但你们真的惹怒我了，尤其是你！”\r\n\r\n    他一指库洛，咆哮道：“我要把你活生生的撕碎掉！”\r\n\r\n    “才不会让你得逞！库洛曹长您放心吧，我死也会保护你！”\r\n\r\n    卡斯军曹一步站在了库洛跟前，大声喊着。\r\n\r\n    我不要你这个大胡子保护，换个小姐姐来。\r\n\r\n    库洛扯了扯嘴角。\r\n\r\n    “那就从你开始！”\r\n\r\n    嗖！\r\n\r\n    科尔莫身形一摆，迅速从海军中间穿过，利爪直探卡斯，那速度快的，正常人是反应不过来的。\r\n\r\n    等卡斯有所动作的时候，那爪子已经到脸前了，真要抓实了，恐怕脑袋就没了。\r\n\r\n    砰！\r\n\r\n    就在这时，卡斯感觉到一股巨力从旁传来。\r\n\r\n    库洛一脚把卡斯踹走，迎着科尔莫的巨爪，二指并拢成剑指极快往刀身一抹，以一个极轻的声音吟道：\r\n\r\n    “无明神风流杀人剑...”\r\n\r\n    刷！\r\n\r\n    他身躯一侧，刀刃轻轻从科尔莫的腰间划过，人也转到了科尔莫的背后。\r\n\r\n    “蜃。”\r\n\r\n    在在这暴风雨的环境下，科尔莫居然感觉到了一股微风的气息，他下意识抹向自己腰部，发现好像没什么事情，不由转身狞笑：“运气好又躲掉了吗，我看你这次怎么躲！”\r\n\r\n    “保护曹长！”\r\n\r\n    被踹倒的卡斯军曹拿着刀冲了上去，高高跳起一刀劈向科尔莫伸向库洛的手臂。\r\n\r\n    “没用的！”\r\n\r\n    嗤！\r\n\r\n    话音刚落，科尔莫的手臂忽然爆射出一团血液，滴落在甲板，被雨水冲刷。\r\n\r\n    科尔莫愣愣的看着自己的手臂，又看向了同样一脸不可置信的卡斯。\r\n\r\n    “你...”\r\n\r\n    “杀！！”\r\n\r\n    余下海军冲了过来，一名海军一刀捅向科尔莫的背部，那本应该子弹都打不穿的皮肤，刚被武器触碰，就猛然炸出一团血，其冲击力让科尔莫往前一个趔趄。\r\n\r\n    接着，又一名海军提刀便砍，又砍出一道血线来。\r\n\r\n    这个怪物现在受伤了，他们是可以干掉这个怪物的！\r\n\r\n    明白了这一点，海军攻击的更加起劲。\r\n\r\n    科尔莫就跟个风中残烛似的，在身高只有他一半的海军围堵中，不断的爆出血线，那看着根本不像是砍的，而是从身体内部爆裂开的。\r\n\r\n    他凌乱了，他不明白。\r\n\r\n    第一次在海军变身面前，又第一次不被海军的武器所伤害，第一次感受到他们的恐惧。\r\n\r\n    双重源于力量所带来的快乐相互重叠。\r\n\r\n    这双重的快乐又会带来更多更多的喜悦。\r\n\r\n    本应该是享受杀戮海军夺取船只的幸福时光。\r\n\r\n    为什么，为什么会变成这样！\r\n\r\n    “那个海军！”\r\n\r\n    凌乱之中，科尔莫脑中灵光一闪，想到了刚才那拂过腰间的一刀。\r\n\r\n    他看向库洛，却见库洛正将军刀缓缓入鞘，他嘴角噙着笑，对被海军包围的科尔莫轻轻开口。\r\n\r\n    声音很轻，几乎听不见，但科尔莫却读懂了他所说的话语。\r\n\r\n    “你听见了吗...”\r\n\r\n    砰！\r\n\r\n    子弹出膛的声音。\r\n\r\n    铅弹快速临近科尔莫的脑袋。\r\n\r\n    嘭！！！\r\n\r\n    科尔莫的脑袋在子弹到达的区域猛然爆出一个大洞，高大的身躯如栽倒的大树，摔倒在甲板上，脑袋正对着库洛，双目逐渐失神。\r\n\r\n    “神风的轻响声。”\r\n\r\n    刀刃，入鞘。',6),(15,'第三章 弗洛里达的宝藏','科尔莫的死亡，让余下的海贼放弃抵抗，乖乖就擒。\r\n\r\n    办公室内，经过简单包扎的卡斯激动的胡子都化为了波浪。\r\n\r\n    “曹长，六百万的海贼，这可是大功一件啊，您肯定可以再进一步的。”\r\n\r\n    “卡斯军曹，你要记住，这不是我一个人的功劳，这是众多海军的功劳，你也看到了，是你们对科尔莫造成了伤害，是你们杀了科尔莫，我只是做出了一点微不足道的贡献而已。”\r\n\r\n    库洛义正言辞的道。\r\n\r\n    “库洛曹长...”\r\n\r\n    卡斯感动的泪水又要下来了。\r\n\r\n    卡斯是个老海军了，见多了那种剿灭一个海贼团就对自己大夸特夸的，不是什么自己战力无双，就是自己指挥有方的海军上级。\r\n\r\n    而像库洛居然会承认是共同海军功劳的，太过稀少了！\r\n\r\n    这是何等的光辉。\r\n\r\n    这样的海军，绝对不可以止步于此！\r\n\r\n    “我明白了，库洛曹长！”\r\n\r\n    库洛满意的点头：“那就出去吧，去清点一下战利品。”\r\n\r\n    “是！”\r\n\r\n    卡斯出去之后，海军们正在不断从海贼船上搬运战利品，个个喜笑颜开。\r\n\r\n    虽然科尔莫死了，赏金会少三成，但是这笔钱他们也是可以领到的。\r\n\r\n    海贼的悬赏令，并不单纯是为了赏金猎人所设立，一开始设立的目的性，是为了激发海军们的积极性。\r\n\r\n    后来才有了赏金猎人这种职业。\r\n\r\n    “卡斯军曹，好多战利品呢，再加上科尔莫的人头，这次大伙立了大功了！”\r\n\r\n    一名海军咧嘴笑道。\r\n\r\n    “是啊，卡斯军曹，回去的话，我应该能提一级吧，这可是个大海贼！”\r\n\r\n    海军激动的道。\r\n\r\n    他是一名二等兵。\r\n\r\n    “混蛋，不要骄傲自满了！”\r\n\r\n    卡斯怒吼道：“你们以为这一切都是谁做的！是你们吗，不是，是库洛曹长！如果不是库洛曹长身先士卒，你们哪里来的勇气来对付那个怪物！居然让上级一个人犯险，你们这样，还配身为一名海军吗！”\r\n\r\n    海军们面有愧疚之色。\r\n\r\n    “然而就算这样，就算这样...”\r\n\r\n    卡斯泪水喷涌而出，大叫道：“库洛曹长也还是惦记着我们，他说这个功劳是大家的，库洛曹长记得你们每一个人的贡献。明明他受伤最重，付出最多，却还是记得我们，这样的上司，这样的长官...你们还有脸惦记自己的功劳吗，你们身为海军的荣誉呢！”\r\n\r\n    “库洛曹长...”\r\n\r\n    “呜呜呜，库洛曹长真是一个好长官，我一生都要追随库洛曹长！”\r\n\r\n    “对，有曹长这样的好长官，就算是一辈子当二等兵，也甘愿了！”\r\n\r\n    “呜呜呜呜，库洛曹长，我一定会努力的，不会给您丢脸的！”\r\n\r\n    海军们也是泪水如泉涌。\r\n\r\n    “库洛曹长这样拥有光辉的男人，绝对不能只当曹长，我们要让东海都知道库洛曹长的大名！”卡斯严肃道。\r\n\r\n    “让东海知道库洛曹长的大名！！！”\r\n\r\n    甲板登时嘈杂一遍。\r\n\r\n    ……\r\n\r\n    “那群笨蛋又在吵什么。”\r\n\r\n    嚓。\r\n\r\n    库洛擦着一根火柴，点燃香烟，听着外面的嘈杂声，眉头紧皱。\r\n\r\n    海贼世界的人各个都有病，说哭就哭，说闹就闹，极为夸张化。\r\n\r\n    “呼...”\r\n\r\n    他吐了个烟圈，惬意的往后靠了靠。\r\n\r\n    “我演的应该还行，到时候抓捕科尔莫的功劳大家一分，淡化掉我的存在，我就不会引人瞩目了。海贼也抓了，海域也平静了，我也安全了，哎呀，完美。”\r\n\r\n    ‘蜃’，是无明神风流青龙奥义的招式之一，本应和‘蛟’为一招，是为‘蛟龙’。\r\n\r\n    效果是操纵被击中者身体的血液，让其产生幻觉，从身体内部撕裂。\r\n\r\n    以科尔莫那个连枪都打不碎的厚皮，怎么可能是武器能造成伤害的，都是他在操纵血液产生爆裂罢了。\r\n\r\n    你们以为科尔莫的伤害你们造成的？\r\n\r\n    不，是我库洛哒！\r\n\r\n    过了一会儿，卡斯军曹重新敲门。\r\n\r\n    “进来。”\r\n\r\n    “曹长，战利品清点完了，有二十万贝利，还有若干财宝。”\r\n\r\n    库洛点头，“按惯例办。”\r\n\r\n    “是！”\r\n\r\n    海军一般惯例，那当然就是上缴了，不过ZF财大气粗，海军也财大气粗，所有的战利品上缴之后扣除三成还是会分给作战的海军。\r\n\r\n    从来没有失效过。\r\n\r\n    这还省了自己吞掉战利品转卖的功夫。\r\n\r\n    所以当海军也是一件非常舒服的事，尤其是不用拼命的海军。\r\n\r\n    “另外，还有一张藏宝图...”\r\n\r\n    卡斯犹豫片刻，还是将手中的藏宝图放在桌上。\r\n\r\n    “藏宝图？”\r\n\r\n    库洛刚有点兴趣，但一看那张藏宝图，顿时就没意思了。\r\n\r\n    “弗洛里达的宝藏？现在还有人信这个。”\r\n\r\n    那张藏宝图画的非常简陋，隐隐约约可以看出是本地管辖海域，上面分布着几条仿佛简笔画一样的航线，目标直指一座岛。\r\n\r\n    弗洛里达的宝藏，是近几年来流传的一个传说。\r\n\r\n    传说中有一个叫弗洛里达的大海贼，掠夺了一整个王国的宝藏，藏在了某个岛上。\r\n\r\n    这样的藏宝图隔一段时间就出现一次，库洛也不知道见过多少张，而且每次地点都不一样。\r\n\r\n    久而久之，都没什么人信了。\r\n\r\n    但总有些心怀侥幸的人，会收藏这样的藏宝图，妄图找到所谓的‘宝藏’。\r\n\r\n    “我也觉得不可信。”卡斯道：“那曹长，我们返航？”\r\n\r\n    库洛点头，开口道：“那我们就...”\r\n\r\n    “报告！”\r\n\r\n    一名海军突然站在门口，敬了个礼，道：“库洛曹长，卡斯军曹，支部发来传真，说是抓住了罗罗诺亚·索隆。”\r\n\r\n    “嗯？那个有名的海贼猎人？抓他干什么？”卡斯皱眉道。\r\n\r\n    “据说是因为得罪了贝鲁梅伯少爷。”\r\n\r\n    “又是那个贝鲁梅伯！”卡斯恨恨道。\r\n\r\n    “曹长，如果您是上校的话，那该有多好。”\r\n\r\n    他看向库洛，却听库洛干巴巴道：“那我们就前往藏宝图的地点看一看吧。”\r\n\r\n    “？”\r\n\r\n    “库洛曹长？”卡斯有些莫名其妙。\r\n\r\n    库洛言辞灼灼：“卡斯军曹，不要小看这样的藏宝图，弗洛里达的宝藏每一年都会有流传，如果是假的，为什么还有人孜孜不倦的收藏这样的藏宝图呢。\r\n\r\n    我们是海军，做什么事都要认真，假的只是费一些功夫，而真的话，那可是一个王国的财宝，那些人丢失了财物，是不是会过的不好，是不是会吃不饱。海贼的罪恶，需要我们海军来终结，保护平民，这是海军的责任！”\r\n\r\n    “是！库洛曹长，我马上就调转航向！”\r\n\r\n    卡斯脸色一肃，挺直的敬了个军礼。\r\n\r\n    会航海术的都是稀有人才，而在这艘船上，没有人比卡斯更懂航海术。',6),(16,'第一章 鲸落','夏末，夜色渐晚，数辆警车停在万和小区七幢楼下，蓝白色的警用隔离带呈环形围住了七幢门口，两名刑警站在警戒线内，挡住了那些向隔离带内张望的目光。\r\n\r\n    二楼，二零八室，刑事技术室的人员已到齐，刑事照相员摄录现场概况，痕迹检验组检查室内指纹足迹以及其他特殊痕迹，而理化生物检验组负责提取采集血液、尸块组织以及其他生物物证。\r\n\r\n    为了避免破坏潜在证据，警员们在没有足迹的地方，用数十块巴掌大小的快速通过路板，搭建起了临时通道，通往房间客厅地板上的尸体。\r\n\r\n    穿戴着隔离衣物的两名法医就蹲在尸体旁边，一名法医负责检验尸体外表，另一名则负责在人体图标上进行记录，并对口头记录进行录制。\r\n\r\n    “张翠莲，女，67岁，尸长162cm，发育正常，营养一般，肤色暗黄，尸斑呈紫红色，位于头枕部、项、背、腰骶、四肢底下处未受压部位，指压不褪色，腹部形成尸绿....”\r\n\r\n    “喵喵喵”\r\n\r\n    “汪汪”\r\n\r\n    此起彼伏的猫狗叫声，也被一并录进了法医的口头记录当中。\r\n\r\n    张翠莲饲养有三猫四狗，这些猫狗在她死亡后的这两天时间内，对现场痕迹产生了巨大破坏，理化生物检验组的年轻警员们费了不少劲，才将猫猫狗狗关进笼子里——这些猫狗也算是“生物物证”\r\n\r\n    从警二十余年的王警官自动忽略了现场的嘈杂，他站在客厅书架前，轻轻拿起书架上的一个相框。\r\n\r\n    相片上，与丈夫儿子站在一起的张翠莲笑容恬淡，有着一头精心烫过的半白短发，穿着印有花鸟图案的釉蓝色衬衣与直筒九分裤，耳环，项链，戒指一应俱全。\r\n\r\n    很有气质的老太太，可惜不被命运眷顾，丈夫前几年心肌梗死，儿子也出了意外去世，而现在她自己也....\r\n\r\n    王警官放下相框，转过身去，看向客厅。\r\n\r\n    曾经名为“张翠莲”的躯体，呈“大”字形瘫在地上，早已干涸的血迹以尸体为中心，向四周辐射，大半个客厅的地板都被暗红色占据，如同一张拙劣丑陋的水墨画。\r\n\r\n    尸体四肢的肌肉组织大范围缺失，手掌脚掌只余森然白骨，手指脚趾更是全部不翼而飞。\r\n\r\n    更诡异的是，尸体的整个脸庞连同眼珠在内，完全消失了，只剩下额骨、颧骨、下颚骨部分还连着薄薄一层肌肉，只余下黑漆漆的空洞眼眶，盯着天花板。\r\n\r\n    没脸，没皮。\r\n\r\n    王警官吐出一口浊气，眼前的残缺尸体令他想起了一种东西，\r\n\r\n    没啃干净的泡椒凤爪。\r\n\r\n    这种联想令他感到胃液翻涌，他踩着临时板桥走出二零八室，下楼抽烟。\r\n\r\n    万和小区内的居民，大多是因拆迁而被安置过来的老大爷老大妈，他们站在隔离带外，如丝细雨丝毫没有浇灭他们围观的好奇心。\r\n\r\n    “听说，出事的是二层的张大姐吧？”\r\n\r\n    “对啊，她也是可怜，自己一个人住，要不是住对门的邻居忍受不了飘过来的臭味，向物业投诉，恐怕都没人知道她走了....”\r\n\r\n    “唉，这人呐，说没就没，我之前和她一起买菜呢，那时候看她还好好的，怎么突然就走了，也不知道是为什么....”\r\n\r\n    警戒线内，默默倾听着闲谈的王警官低头点燃了一根香烟，忍不住有些失望，\r\n\r\n    死者生前没怎么参加过小区内的老年人活动，社交范围窄，社交频率低，周围群众对于死者的了解并不多。\r\n\r\n    “可能是糖尿病吧。”\r\n\r\n    人群中，一个背着书包、提溜着韭菜盒子的少年轻声说道：“准确的说，是二型糖尿病引起的诸多并发症所致。”\r\n\r\n    嗯？\r\n\r\n    王警官猛地抬起头来，“你是谁？”\r\n\r\n    名为李昂的普通高中生笑了笑，“我是共产主义接班人，祖国娇嫩的花朵，做好事不留名的红领巾。”\r\n\r\n    谁问你这个啊？\r\n\r\n    有点蛋疼的王警官扫了眼李昂，“你认识她？”\r\n\r\n    李昂答道：“不认识，只是之前去小区楼下打羽毛球的时候，看到她遛狗。”\r\n\r\n    “你这么知道她有糖尿病？”\r\n\r\n    “猜的。”\r\n\r\n    李昂随口说道：“那时候我看见她体型发福，面色红润，皮肤干燥，步伐缓慢乏力，下肢腿部和足部肿胀，手指红肿，手臂伤痕溃疡，眼皮下垂且有反复眼睑疥肿的痕迹，\r\n\r\n    就猜她是糖尿病，还建议她注意饮食，按时吃药，坚持运动，尽早入院治疗，可惜啊....”\r\n\r\n    说罢，李昂摇了摇头。\r\n\r\n    周围群众纷纷向李昂投去异样目光，王警官也忍不住嘬了口烟，“小伙子你学医的？”\r\n\r\n    “小时候我便秘过，医生说滴点开塞露就好，但是我把整瓶开塞露都滴在大便上面，还是没好。”\r\n\r\n    李昂平静地说道：“在那之后，我就阅读了一些医学方面的书籍，自学成才。”\r\n\r\n    小伙子你真是骨骼精奇啊，莫不是二货吧？\r\n\r\n    李昂看着王警官身上穿着的警服，有些羡艳地说道：“警官啊，其实我也一直想成为一名光荣的人民警察，为此我经常去漫画店看名侦探柯南锻炼刑侦能力，还在漫画书上用铅笔标注凶手是谁，\r\n\r\n    上一次我在游乐园里面见义勇为抓小偷，与犯罪嫌疑人进行了长达两个多小时的周旋，最终才被游乐园管理员赶下了旋转木马。”\r\n\r\n    王警官眼角抽了抽，虽然槽点很多但是不知从何吐起，只能将烟头掐灭，转身向七幢楼走去。\r\n\r\n    “二楼二零八的窗户，好像都没有打开呢。”李昂抬起头来，随意说道：“也不知道张大妈养得那些猫猫狗狗，两天下来吃什么过活。”\r\n\r\n    嗯？\r\n\r\n    王警官的脚步顿了顿。\r\n\r\n    李昂旁若无人地继续说道：“如果张大妈是因为糖尿病急性并发症而昏厥倒地的话，她所饲养的猫狗察觉到主人的不对，应该会试图通过舔舐死者体表的皮肤来唤醒她。”\r\n\r\n    “很可惜，试图唤醒主人的企图并没有成功，这些猫狗反而因为舔舐破了皮肤、尝到了血腥味而躁动了起来，再加上没有主人投喂食物，宠物们就自发寻找起能够吃的东西。”\r\n\r\n    “比方说....他们的主人。”\r\n\r\n    “一般而言，没有衣物覆盖且柔软无骨的面庞会最先被吃掉，而容易下嘴的手指、脚趾、小臂、小腿部位同样也是目标。”\r\n\r\n    李昂对于旁人投来的异样目光丝毫不以为意，只是微笑着说道，\r\n\r\n    “当鲸鱼在海洋中死去时，它的尸体会不断下沉直至海底，最终为盲鳗、蛤蚌、盲虾之类的海洋生物提供食物。生物学家将这一过程命名为‘鲸落’。这是鲸鱼留给大海最后的温柔。”\r\n\r\n    “天道轮回，生死如常啊.....”',7),(17,'第二章 人面猫','王警官扫视呆若木鸡的人群，却看不见少年的踪影。\r\n\r\n    “这年头的怪事，”\r\n\r\n    提着韭菜盒子转身离去的李昂搓了搓下巴，眯着眼睛嘀咕道：“还真是越来越多啊.....”\r\n\r\n    确实，近几个月以来，各种类型的都市怪谈层出不穷，\r\n\r\n    什么下葬时，乡间病逝老人棺中惊坐而起，家属喜极而泣，当场上演坟头蹦迪一幕；\r\n\r\n    某会所金牌牛郎在家中被碎尸成百余块，警方初步判断排除他杀可能；\r\n\r\n    某考古专家考查大墓之后精神失常直呼见鬼，脱光衣服冲入厕所，于墙边倒立，假装自己是水龙头；\r\n\r\n    这些荒谬不稽甚至还有点恶搞意味的怪谈，一旦广泛传播开来，就会受到大规模的屏蔽删帖，\r\n\r\n    少数幸存下来的怪谈，也因为得不到证实、传播，只能作为闲散网民茶余饭后的谈资。\r\n\r\n    “管他呢，天塌下来也有高个子顶着。”\r\n\r\n    李昂撇了撇嘴，走进了三幢楼门。\r\n\r\n    很不幸，电梯门口放着一张“维修中，暂停使用”牌子，\r\n\r\n    更不幸的是，李昂住二十层。\r\n\r\n    “靠，不会这么倒霉吧？”\r\n\r\n    他哀叹一声，老老实实走向楼梯口。\r\n\r\n    爬楼梯的过程枯燥无味，考虑到家里没有微波炉，而且韭菜盒子快要凉了，李昂果断掰开筷子，边吃边走。\r\n\r\n    能壮阳的韭菜是个好东西，可惜对于单身狗而言，寂寞的夜晚仍需要“传承千百年不能丢的传统手艺”来自给自足。\r\n\r\n    “咯咯咯咯.....”\r\n\r\n    突然，从楼道高处传来一阵含糊不清的呜咽声，像是老人咽喉有痰，咳不出又咽不下去的压抑呼吸。\r\n\r\n    李昂扒拉韭菜盒子的动作顿了顿，他顺着楼梯的缝隙向高处望去。\r\n\r\n    正值夜晚，楼梯间唯一的亮光来源，就是安装在每个楼层的、昏暗老旧的声控感应灯。\r\n\r\n    从声控灯的灯光来看，发出咳嗽声的，应该是十七楼。\r\n\r\n    这座小区是安置房小区，住户大多是因拆迁而搬来的老年人，也许是某个到楼道里放垃圾袋的老人吧....\r\n\r\n    咀嚼，咀嚼。李昂不紧不慢地吃着韭菜盒子，继续向上爬去。\r\n\r\n    数台阶，一级，两级，三级....十二级。爬到八楼。\r\n\r\n    数台阶，一级，两极，三级....十二级。爬到九楼。\r\n\r\n    数台阶，一级，两极，三级....十二级。爬到八楼。\r\n\r\n    李昂的脚步，停下了。\r\n\r\n    他死死盯着涂在楼梯口墙上的红色数字标志，8，八楼。\r\n\r\n    “咯咯咯咯...”\r\n\r\n    那种含糊不清的咳声又从楼道高层处传来，和上次相比，位置好像更近了一些。\r\n\r\n    如果这里是八楼，那么上方声控灯亮起的楼层，应该是十五层。\r\n\r\n    李昂深吸一口气，将韭菜盒子缓缓盖上，身子挪到墙边紧贴墙壁，猛地转头朝楼下狂奔。\r\n\r\n    八楼，七楼，八楼，七楼，八楼，七楼....\r\n\r\n    李昂三步并作两步向楼下狂奔，同时在心中默数所踏过的台阶数目，几分钟的功夫，他向下跑已经远远超出了八层楼的高度。\r\n\r\n    “嘶....”\r\n\r\n    李昂倒吸一口凉气，看向楼梯口贴着的红色数字标志，7楼。\r\n\r\n    他松开了攥紧的拳头，走到楼梯口阳台处，向下望去。\r\n\r\n    只见下方雾蒙蒙一片，看不及远处高楼、街上行人、路边街灯，除了高悬孤月之外天地间再无一丝光亮。\r\n\r\n    “鬼打墙么....”\r\n\r\n    李昂垂下眼帘，在他短暂的十七年生命当中，他一直是个坚定的唯物主义者，无神论者，不信任何仙佛妖怪，嘲笑所有牛鬼蛇神。\r\n\r\n    直到现在，坚硬如铁的灵异现实摆在他面前。\r\n\r\n    李昂强迫自己冷静下来，他拿出筷子，随手将韭菜盒子连塑料袋一起丢下楼去。\r\n\r\n    侧耳倾听，虫鸣鸟啼半点皆无，除了那极为规律的“咯咯咯....”\r\n\r\n    那催命一般的呜咽声愈加响亮，愈加接近，李昂转过身去，眼睁睁看着十四层的声控灯亮起，接着是十三层，十二层....\r\n\r\n    随着距离缩短，那阵阵呜咽声变得逐渐尖利起来，如同猛兽受困笼中挣扎嘶吼，如同手指刮擦黑板，如同钥匙摩擦玻璃，\r\n\r\n    如同....恶鬼索命...\r\n\r\n    “咯咯咯咳咳咳嗬嗬嗬呜呜呜哇哇哇啊啊啊....”\r\n\r\n    直至最后，呜咽声彻底变形，洪亮而尖利，在楼道中反复回荡。\r\n\r\n    李昂暗咬牙关，径直走到楼梯尽头，801室门口，伸手从兜里掏出钥匙串，手指一掰就将钥匙串的铁环扭成铁丝，再将铁丝捅进801室暗红色防盗门的锁芯当中。\r\n\r\n    他的兴趣爱好广泛，特长手艺繁多，撬锁正好是其中之一，公允地说，李昂靠半根方便面就能开遍一小区的门锁。\r\n\r\n    细铁丝深入锁孔，缓慢扭动之后使得内锁芯与外锁芯稍微错开，于销槽中形成支架，同时拨动铁丝，使销子上顶，再借助铁丝扭力，使上销子落入销子槽。\r\n\r\n    李昂身子倚着门，极稳的双手捏着铁丝，拨动之间令所有上销子尽数归位，而下销子留在内锁芯，内外锁芯相互分离，\r\n\r\n    咔嚓，锁开了。\r\n\r\n    门把被李昂稳稳握住，向下掰动的过程没有遇到任何阻碍，然而当李昂将门向外拉的时候，却发现任凭他使出多大力气，整扇防盗门纹丝不动，就跟用胶水黏住一样。\r\n\r\n    李昂沉默着收回铁丝，朝着防盗门猛地一踹。\r\n\r\n    咚！\r\n\r\n    钢制的防盗门发出沉闷响声，那暗红如血的颜色，在昏暗灯光中更显阴沉。\r\n\r\n    短暂的发泄毫无意义，随着声控灯光在十楼亮起，李昂距离呜咽声只差两层楼的距离。\r\n\r\n    “善财童子参善知识，至阎浮提摩竭提国迦毗罗城，见主夜神名曰婆珊婆演底....”\r\n\r\n    病急乱投医，李昂口念《华严经》，左手在胸前猛画十字，右手捏七星诀文，脚踩八卦连环步。\r\n\r\n    可惜，这些近似跳大神的动作丝毫不能阻止嘶吼声接近，借着声控灯的微弱光芒，李昂看见一道庞大阴影从上方楼底口逐渐浮现。\r\n\r\n    “艹！”\r\n\r\n    李昂爆了句粗口，一拍胸膛，对着阴影暴喝道：“批话别整那些有用没用的，老子家住翻斗大街翻斗花园2号楼1001室，我爸叫胡英俊，我妈叫张小丽，老子名叫胡图图，你有种下来看老子干不干你就完事儿了嗷铁子！！！！”\r\n\r\n    霎时间，嘶吼声戛然而止，世间寂静一片。\r\n\r\n    声控灯缓慢熄灭，李昂屏住了呼吸。\r\n\r\n    踏，踏，踏。\r\n\r\n    极细微的脚步声缓慢接近，借着月光，李昂看清楚了缓步走下楼梯的“东西”。\r\n\r\n    那是一只通体漆黑的猫，体态优雅，毛色水润，身上还穿着一件手工编织的黄色小马甲。\r\n\r\n    但这些都不是重点。\r\n\r\n    最关键的地方，是那只黑猫没有脸，或者说，它的脸上盖着一张人的脸皮。\r\n\r\n    发皱的、苍白的、张老太的脸皮。\r\n\r\n    黑猫那粉嫩嫩的舌头，从张老太脸皮的嘴巴部位伸了出来，轻轻舔了一下利爪，却丝毫没有改变脸皮的位置，甚至连一丝皱纹都没有皱起。\r\n\r\n    就好像，那张脸皮，本来生长在猫脸上一样。\r\n\r\n    “嗬嗬嗬....”\r\n\r\n    人面猫，发出了含糊不清地呜咽，李昂眼睁睁看着它抖动身躯，从喉咙中吐出一团浑浊粘液。\r\n\r\n    啪，粘液落在地上，那是一根还连着肉的手指。\r\n\r\n    “.....”李昂沉默不语，手掌在背后紧紧攥住了木质筷子。',7),(18,'第三章 玩家','长着人脸的猫，在呕出手指之后，慵懒地舒展身躯，萌萌地叫了一声，\r\n\r\n    “喵~”\r\n\r\n    声音悦耳轻柔，形体憨态可掬，如果忽略掉那张苍白僵硬脸皮的话，讲不定还能去参加精灵宝可梦的选美竞赛。\r\n\r\n    和众多沙雕网友一样，李昂也喜欢云吸猫，什么清纯田园学生猫，异国风情双色瞳猫，狂野张扬小豹猫，成熟性感金渐层，温柔知性胖加菲....\r\n\r\n    阅尽千猫的丰富经验在这一瞬间尽显无疑，李昂半蹲下去，挤出一丝微笑。\r\n\r\n    不管眼下这完全不合逻辑的现状到底是怎么回事，站着不动恐怕是最糟糕的选项。\r\n\r\n    犹豫，就会败北。\r\n\r\n    “咪咪乖哦.....”\r\n\r\n    李昂朝怪猫缓缓伸手，做出要抚摸揉搓后者的姿态，在月光照耀下，隐约可以看见他的袖口里藏了一根木筷。\r\n\r\n    人面猫完全无视了李昂的示好，只是自顾自地舔着爪子。\r\n\r\n    一点，一点，李昂的手掌慢慢接近，即将贴上怪猫的毛茸茸脑门，同时，他将小臂略微前倾，使得袖口里的木筷顺势下滑。\r\n\r\n    人面猫眯着眼睛，用刚舔完的爪子挠着耳朵，做出梳理的姿态，完全没有察觉到危险的接近。\r\n\r\n    在怪猫绝对看不见的角度，李昂的大拇指稳稳接住了下滑木筷，这个距离只要对方有任何异动，李昂下一秒就能反握木筷，直接捅进它的眼眶。\r\n\r\n    人面猫依旧低着头，保持梳理的姿势，只是不冷不热地轻声叫了一下。\r\n\r\n    “喵~”\r\n\r\n    咔，咔，咔。\r\n\r\n    李昂顿时感觉四肢像是灌了铅一样沉重，骨骼间隙如同注入了水泥一般难以动弹，白白发出咔嚓咔嚓的艰涩声响。\r\n\r\n    只一个呼吸的功夫，李昂就彻底失去了四肢的控制权，宛如一尊雕像，保持着半蹲伸手的姿势。\r\n\r\n    “呼哧呼哧....”\r\n\r\n    黑猫发出了急促的呼吸声，那张老妇人的脸皮因为痛苦而皱成一团，于万籁俱静中显得格外恐怖。\r\n\r\n    半晌，黑猫调理好了呼吸，踉跄着朝李昂走来。\r\n\r\n    李昂眼睁睁地看着黑猫逐渐接近，一跃而起跳到自己的膝盖上，用那带有倒钩的粉嫩舌头，不急不缓地舔着自己的下巴。\r\n\r\n    一下，两下，黑猫舔动的频率越来越快，舌尖倒钩刮过皮肤，留下血痕，带来冰冷刺痛。\r\n\r\n    鸡皮疙瘩瞬间遍布全身，李昂瞬间明白过来，原来张翠莲不是因为糖尿病急性并发症而昏厥猝死，\r\n\r\n    而是像现在的自己一样，被这只怪猫定住身躯，眼睁睁看着自己被吃掉脸皮，啃下手指脚趾.....\r\n\r\n    恶寒如潮水一般浸没心脏，如坠冰窟。\r\n\r\n    李昂咬紧牙关，任凭他竭尽全力绷紧全身肌肉，也只是让僵硬麻木的眼鼻口舌稍微动弹一下而已。\r\n\r\n    像是尝够了血腥味，人面怪猫满意地舔了舔舌头，短暂端详过后，猛地张开嘴巴，朝李昂下巴咬去。\r\n\r\n    呲。\r\n\r\n    怪猫的犬齿刺入皮肤，血水淋漓淌下，顺着李昂的脖颈一路滑落。\r\n\r\n    它已经按耐不住对于血肉的强烈渴望，它需要撕咬，啃噬，咀嚼，吞咽....将往日那些作威作福的两脚兽，统统吞入腹中....\r\n\r\n    怪猫忘我地畅饮着李昂的鲜血，四肢挪动间，挣开了身上那件手工编织小马甲的纽扣。\r\n\r\n    淡黄色的宠物小马甲落在了地上，\r\n\r\n    和体表那些油光水润的毛发不同，怪猫被马甲遮盖起来的毛发，短且稀疏杂乱，如同未经打理的杂草。\r\n\r\n    而在杂乱毛发下方，一道道狰狞丑陋的伤疤肆意蔓延，淤青，针孔，刀痕，烟头烫纹.....\r\n\r\n    那是黑猫的前任主人、那位看似和蔼可亲的老妇人，所留下的珍贵痕迹。\r\n\r\n    像是想起了什么不好的回忆，人面猫撕咬啃噬的动作愈发狂暴，\r\n\r\n    对于这只弑主的“宠物”而言，唯有将暴虐尽数归还给人类，才能缓解怨毒而混沌的心绪。\r\n\r\n    李昂竭力转动眼珠，只能看见下巴下方的一团黑影，以及下颚处传来的剧烈疼痛。\r\n\r\n    “.....”\r\n\r\n    他深吸一口气，张开牙关，顶出舌头，猛地咬下！\r\n\r\n    舌尖被锋利门牙狠狠碾压，鲜血涌出，剧烈的铁腥味遍布口腔，直达脑髓。\r\n\r\n    周身那种被死死束缚的压抑感瞬间减缓，李昂捏住木筷，毫不犹豫直刺下去。\r\n\r\n    呲！\r\n\r\n    木筷的尖头直接捅穿了怪猫的蓬松毛发与柔软皮肤，沿着寰椎右侧翼一路向下，直至将大半根筷身淹没在人面猫的身躯当中。\r\n\r\n    怪猫如遭雷殛，还保持着啃咬动作的嘴巴半张着，杏仁色的瞳孔瞬间黯淡下去。\r\n\r\n    李昂脚猛踏地面，身子向前窜出，同时手握木筷，掼着黑猫，将其狠狠砸在墙壁表面。\r\n\r\n    砰砰砰砰砰！\r\n\r\n    一拳一拳如同狂风骤雨肆意倾泻在怪猫身躯上，\r\n\r\n    额骨、枕骨、顶尖骨、蝶骨、肋骨、额骨、翼骨、肩胛骨、髋骨.....\r\n\r\n    李昂沉默着，将人面猫骨骼全部打碎，碾成一张薄薄的猫饼。\r\n\r\n    腥臭血液，如同泼墨一般挥洒在雪白墙壁，黏糊的淋巴液充当着晕染的作用，至于各种各样的脏器，则尽数飞溅在李昂的脸上身上。\r\n\r\n    滴答，滴答，血浆顺着李昂收起的拳头滴落在地。\r\n\r\n    “呼....”\r\n\r\n    他缓缓松了口气，将那张只剩毛皮、碎骨与烂糊血肉的“猫饼”丢在地上。\r\n\r\n    浓雾散尽，月出皎兮，虫鸣鸟叫从远处传来。\r\n\r\n    鬼打墙，消失了。\r\n\r\n    【检测到玩家BC95***1568已被非玩家消灭，BC95***1568玩家资格已废弃，资质转移程序自启动中】\r\n\r\n    【资质转移程序启动完成，用户初始名：李昂】\r\n\r\n    【用户等级：lv1】\r\n\r\n    【当前经验：0/100】\r\n\r\n    【装备：无】\r\n\r\n    【物品：无】\r\n\r\n    【判定用户为新手玩家，新手引导程序自启动。】\r\n\r\n    【人类历史上所创造出的一切幻想作品，神话、史诗、传说、动画、漫画、电影、游戏....都是其他世界在地球的投影。】\r\n\r\n    【在这浩渺宇宙当中，我们，与无以计量的其他文明共同生存，共同竞争，共同渗透，共同干扰。】\r\n\r\n    【而你，是从芸芸众生当中脱颖而出的幸运儿，能接触超凡，成为超凡。】\r\n\r\n    【你可以站在台前，向世人宣布时代浪潮的到来，也可以隐匿于黑暗，冷眼旁观他人的挣扎求存】\r\n\r\n    【解放你的思想，拥抱你的命运，这是绝对真实的游戏，这是，地球杀场。】',7),(19,'第1章 棋局','幽静的山林鸟语花香，山中溪边清凉的气温也令人倍感舒适。\r\n\r\n    一群人在这里忙碌，嬉闹着搭帐篷建营地。\r\n\r\n    这是一个由公司同事私下组织的野营活动，当然，全都是年轻人，因为要背着帐篷等装备登山远足，年长一些的人体力不够。\r\n\r\n    原本大家是希望公司组织一次野营的，但公司每年都是组团旅游，有导游开大巴的那种，所以今年，很多同事干脆不跟随公司一起，反而是让几个有户外经验的同事领头自己组织，所以也有了这次登山野营。\r\n\r\n    计缘入职这家软件公司才两年，头发都还乌黑满顶，自然是属于年轻人范畴的，所以这回搭完帐篷正和另一个同事联机玩手游呢。\r\n\r\n    “哎哎哎计缘计缘，給大快给大啊！！！！哎！！我死了！”\r\n\r\n    “给你大什么用？套上了两秒就倒，还不如给我自己还能逃掉，现在好了，下路送双杀…”\r\n\r\n    “我的我的…下把你玩射手，我辅助你！”\r\n\r\n    “别别别…我找路人辅助吧…”\r\n\r\n    别看这里貌似处于山中，可远处的山顶还能看到基站，两人端着手机玩得起劲，网速没有多少延迟。\r\n\r\n    中国自然还有信号极差甚至没有的地方，但大部分人早已习惯了到哪都有信号，这就是基建设备完善带来的底气，让人们不知不觉就忘了信号这回事。\r\n\r\n    他们搭建帐篷的位置是在一处地势相对平坦的山丘，边上还有一条清澈的小溪，是野外露营的绝佳地点。\r\n\r\n    来的一共十几个人，一大票人现在都在外头拍照，还有几个在调整自己的帐篷，貌似闲下来的就王刚、计缘和李军。\r\n\r\n    王刚准备用石块搭建烧烤用的土灶，望了望营地，也就计缘和李军有功夫了。\r\n\r\n    “计缘，大军，别玩游戏了，去找点柴火来，一会马上就要生火了，不然中午就吃冷罐头吧！”\r\n\r\n    稍远的位置，有同事朝着两个坐在帐篷口的人喊了一声。\r\n\r\n    “知道了！！！”“好的！”\r\n\r\n    李军和计缘都回了一声，然后相互看了看，反正已经被队友喷成狗了，也就直接退了游戏。\r\n\r\n    两人站起来，朝着边上的林地走去，进入更茂密的树荫范围。\r\n\r\n    山林中不缺柴火，落枝到处都是，李军拖着一根大树枝到处走，时不时还甩来甩去，嘴上还“喝喝哈嘿”的嚷嚷，在计缘眼中像个傻子。\r\n\r\n    为了防止被传染，也怕被李军的“疯魔”棍法扫到误伤，计缘赶忙离这家伙远点。\r\n\r\n    和现代大多数年轻人一样，计缘爷爷辈兄弟姐妹一堆，父辈里计缘老爹是独子，但也有几个计缘的姑姑，到了计缘这一辈则成了独生子女。\r\n\r\n    或许是儿孙少了更宝贝，老计家一些“金花、银花、国兴、翠芬”等简单粗暴的命名模式，到了孙子这辈突然诗意了起来，爷爷还请教曾经当了几十年风水先生的姑丈公一起思考，最后取单名一个“缘”字，全家甚是满意。\r\n\r\n    “啊！山里的空气就是好啊！！旅游就该来山清水秀的地方！”\r\n\r\n    计缘感叹了一句，也不急着捡柴火，而是先在林间逛逛，回程的时候带过来才更省力。\r\n\r\n    逛大概才一分多钟，计缘突然发现了前面居然有好几颗粗壮无比大树，视觉上看比周围的树木大了不知道多少轮。\r\n\r\n    “大军，大军快来看啊，这有几颗超级粗的树！！！大军！！”\r\n\r\n    计缘朝着另一边喊了一声，发现那货还在刷棍，也就暂时没再理会他，打算自己先走过去瞧瞧，一会带大家来看看。\r\n\r\n    到了近处，计缘对这些树有了更直观的感受。\r\n\r\n    仅是最外面的这颗，就有许许多多的外露根部，在地上盘根错节，有些估摸着都有计缘大腿粗。\r\n\r\n    ‘哇塞…这还有这么老的树？’\r\n\r\n    牛头山算不上多有名的旅游胜地，但来山中郊游烧烤之类的人也是不少的，这么粗的大树照理说也应该有人贴网上的吧？\r\n\r\n    不过计缘也就是随便这么一想，然后转到了被外面的大树挡住视线的另一侧。\r\n\r\n    “咦！！”\r\n\r\n    疑惑的声音从口中发出。\r\n\r\n    那一面除了能看到另外几颗同样粗壮无比的古树，居然在几棵树的中间看到了一副棋盘，确切的说，是一节上头摆着棋盘的树桩。\r\n\r\n    计缘下意识的往前走几步，到了棋盘所在的树桩边上。\r\n\r\n    左右看了看，并没有什么提示游客注意的警告牌，当然也没有下棋的人。\r\n\r\n    棋盘之上黑子白子纵横交错，黑子如阵，白子如龙，是典型的华夏围棋，还是一副对弈一半的棋局。\r\n\r\n    这就让计缘有些好奇了，是不是牛头山这座小山有意做景区开发？\r\n\r\n    可是棋盘和周围已经满是落叶和枯枝，间歇散落着鸟粪和烂果，不管是真的对弈还是摆盘装饰，显然都已是很久以前的事了。\r\n\r\n    然后视线又扫到棋局后面的一个特别的东西，一颗老树旁有一块锈迹斑斑的物件，因为过度锈蚀已经明显鼓胀变形。\r\n\r\n    计缘走近几步仔细瞧了瞧，想了想，感觉像是个锈得夸张的斧头。\r\n\r\n    ‘等等！难不成还是传说中的烂柯棋局！？’\r\n\r\n    这想法也是把计缘自己给逗笑了，这摆设还真像那么回事，同时也提起了计缘的兴致。\r\n\r\n    他重新回到了棋局边仔细端倪，看着满盘的黑白子，原本不是很懂围棋的计缘突然觉得，白子这条大龙越看越别扭，明明可以很连贯，偏偏少了一处贯通，还有种被看似混乱的黑子围杀的威胁感。\r\n\r\n    关键是不知为何，那种白龙缺角的感觉看得计缘强迫症都起来了，眼角瞥了几次棋盘边的两个木制棋盒，然后，他鬼使神差般伸手拿了一颗白子。\r\n\r\n    这棋子入手十分有分量感，感觉像是拿了一枚铁子，但触感好似陶瓷，计缘掂量了一下，做贼心虚的又左右看了看，伸手将白子落在了棋盘最中心，也就是围棋术语中的“天元”。\r\n\r\n    “可以！！这下感觉舒坦多了！”\r\n\r\n    计缘拍拍手，从裤袋里掏出了手机，打算拍几张照录点视屏什么的，然后再叫大家来看看。\r\n\r\n    只是手机解锁键按了好几下，都没跳出解锁提示。\r\n\r\n    “卧槽！！什么情况？真没电了！？”\r\n\r\n    手机居然真的是没有电了，并且计缘长安开机键，手机也是震动一下开机又自动关机，再按一下连开机都不跳出来了。\r\n\r\n    刚刚玩完手机也至少还有百分之八十的电，这会却在不知不觉间自动关机了。\r\n\r\n    计缘转头望望外面，也没有瞧见之前耍棍的大军。\r\n\r\n    ‘算了，去拿充电宝吧！’\r\n\r\n    带着这个念头，计缘朝着营地的方向走去，没走几步他就发觉天色居然有些昏暗了。\r\n\r\n    而走了几分钟之后，计缘就懵了，他看到了那条涓涓流淌的小溪，看到了那块平坦的山丘，只是，营地呢？\r\n\r\n    别说公司里的人一个不在，就是帐篷也全没了，这他娘的什么情况？\r\n\r\n    这又不是愚人节，而且搭帐篷建营地这么辛苦，傻子才马上拆了搞恶作剧。\r\n\r\n    计缘四处张望一下，看到稍远处的溪边有两个穿着某种制服的人坐在那休息，也就快步走近一点询问一声。\r\n\r\n    “哥们请问一下，你们看到前边露营的人去哪了吗？我们刚搭好营地没多久的！”\r\n\r\n    两人身子明显抖了一下，被突然出现的声音吓了一跳。\r\n\r\n    然后转头诧异的看着计缘，他们刚刚虽然在休息，可也留意着四周的，这人就好像突然出现的一样。\r\n\r\n    听到计缘的问题其中一人下意识就开口回答。\r\n\r\n    “露营？刚刚？牛头山这两天可没谁露营，都忙着找失踪者呢。”\r\n\r\n    “啊？”\r\n\r\n    计缘这回答让计缘更懵了。\r\n\r\n    “有人在山里失踪了？”\r\n\r\n    公司组团来之前可是查过的，这里都没什么事啊，连天气也都很好。\r\n\r\n    “是啊，失踪大半个月了，一个叫计缘的年轻人，和公司同事出来露营的。对了你和谁一起来山里的，同伴呢？不知道搜救失踪者这事？”\r\n\r\n    搜救队员说话间仔细打量着眼前的人，觉得这人外贸特征有些熟悉，而边上的计缘听到这句话则直接呆住了。\r\n\r\n    ‘失踪？我自己？大半个月？’\r\n\r\n    计缘的第一反应是感觉荒谬，第二反应则是感到哪里不对劲。\r\n\r\n    在惊愕的计缘还没来得及再说点什么，一整强烈的晕眩感传来。\r\n\r\n    眼前一黑，计缘就像瞬间失去了所有体力，强烈的虚弱感和晕眩感伴袭来，随着一阵腿软，身子就倒了下去。\r\n\r\n    并且在这过程中，计缘身体以肉眼可见的速度瘦下来，嘴唇也好似迅速风化般变得干裂无比。\r\n\r\n    “先生？先生你怎么了？小心！！”\r\n\r\n    “扶住他扶住他！！”\r\n\r\n    “不好！！！快叫增援！！！”\r\n\r\n    计缘此生最后听到的声音，是两个搜救队员好似天外传来的惊呼声。',8),(20,'第2章 精神摧残','牛头山的搜救工作在持续了三周之后结束了，结局是令人痛惜的，二十四岁的大好青年计缘最终没能抢救回来，主要死因是身体缺水，也就是被渴死的。\r\n\r\n    据两个发现计缘的搜救队员说，当时天有点昏暗看不清，但刚发现计缘的时候他还能开口说话，晕倒后尽快送医，但在送往医院的路上就已经断气了，没能抢救回来。\r\n\r\n    这事对于牛头山的和计缘所在的公司都产生了不小的影响，但受到打击最大的还是计缘的父母亲人。\r\n\r\n    只是这一切计缘看不到了。\r\n\r\n    。。。\r\n\r\n    浑身酸痛无比……身体无法动弹……\r\n\r\n    这是计缘意识苏醒之后的最初感受。\r\n\r\n    脑子浑浑噩噩的，思维也不太敏锐，仅有的思绪也被浑身上下好似针刺一般的疼痛感所充斥。\r\n\r\n    身不能动，口不能言，目不能视，甚至连对外界的感觉都十分模糊，只是感受到越来越强烈的痛苦。\r\n\r\n    也不知道过去了多久，那种折磨人的痛觉终于逐渐退去。\r\n\r\n    这场煎熬过去，计缘整个人就像一滩烂泥一样瘫软在地上喘息，在轻松了一小会之后，计缘就感觉到有些不对劲了。\r\n\r\n    身下的触感坚硬冰凉又比较平整，绝对不是躺在床上，反倒是像躺在地板上，周围的气温有些低，时不时还有轻微的冷风吹过，冻得计缘直哆嗦。\r\n\r\n    但也只能身体自发的哆嗦一下了，计缘发现自己现在还是动不了，除了能喘气之外连眼睛都睁不开，这种感觉有些像传说中的“鬼压床”，但又有所不同，至少没能感受到身体受到什么特别的压迫。\r\n\r\n    在恢复思维的顺畅和身体的触感之后，计缘就一直处于一种恐慌的状态。\r\n\r\n    自己很显然并不在家里或者医院，周围没有任何人声，若说声音的话，只是能听到一些虫鸣和偶尔的鸟叫，鼻子能闻到一股淡淡的霉味。\r\n\r\n    这让计缘不由怀疑自己是不是躺在什么野外的马路上，或者什么更糟糕的地方。\r\n\r\n    甚至有可能自己被什么人绑架了，还打了药扔在某个荒宅仓库。\r\n\r\n    在忐忑不安中不知过去多久，没有人来没有车往，有的只是一成不变的安静。\r\n\r\n    慢慢的，计缘就发现，自己的听觉似乎变得很敏锐，那些高低不一的虫鸣和鸟叫变得异常清晰。\r\n\r\n    有时候，如果计缘那会刚好没有被杂念和心中的忐忑影响，听到虫鸣鸟叫时能较为准确的感觉出它们在什么位置，甚至还隐约知道两者间距离多远。\r\n\r\n    不过这种听力出众的感觉虽然很神奇，可计缘心里是越来越慌也越来越烦躁的。\r\n\r\n    计缘不知道究竟过去了多久，但总觉得已经过去了很久很久的时间，这期间一直没有任何人出现在身边，哪怕真的是绑匪过来也好啊！\r\n\r\n    加上身体不能动眼睛也睁不开，这种感觉比被关在小黑屋更可怕，为了不让自己被逼疯，计缘只能不断思考问题，在心里回忆和思索究竟发生了什么。\r\n\r\n    跳过自己昏迷的时间，最后的记忆停留小溪边遇上的两个人那，那会自己晕过去的时候还能听到两人的惊呼。\r\n\r\n    两人说是在寻找失踪者，已经大半个月了，那么从他们穿着制服看，可能两人是搜救队员，可为什么自己没在医院而在这里？\r\n\r\n    是中间发生了什么，还是这两个搜救队员本身有什么不对劲？\r\n\r\n    这些问题计缘只能思索和猜测，转而把思绪再放到别的地方。\r\n\r\n    而在这之前最不容忽视也是最最关键的，自然是那个诡异的棋局，没有那个棋局这一切都不会发生。\r\n\r\n    如果以前的计缘是无神论者，那么现在的计缘显然已经改变了观点。\r\n\r\n    不论是出来之后公司营地的消失，还是两个搜救队员的话，以及当时身体在短时间内产生的变化，都是计缘亲历的事实，前两者或许还有作假的可能，可身体的变化却是实实在在的。\r\n\r\n    也就是说，当时的自己在外人眼中，确实已经失踪了大半个月，而自己本人的感受则仅仅过去了几分钟甚至更短的时间而已。\r\n\r\n    这不由让计缘想起小时候听爷爷讲过的一个故事：\r\n\r\n    （传说在古时候有个樵夫，一日上山砍柴偶遇两个老叟在山中下棋。\r\n\r\n    于是樵夫就把薪柴和斧子放在树边，站在一旁打算看一会两老叟的对弈，一老叟还笑着掰了半个桃子给他用来解渴充饥。\r\n\r\n    看了半天之后，有老叟突然转过头对樵夫说道：“你该回家了。”\r\n\r\n    樵夫这才惊觉天色已晚，于是伸手去拿柴担和斧子，却猛然发现干柴早已不见，柴斧更是连斧柄都烂掉了，空余一个锈蚀不堪的斧头。\r\n\r\n    有些惊异莫名的樵夫赶紧沿着熟悉而又陌生的山路回家，村落的样子变化颇多，村内熟悉的面孔更是难见一张。\r\n\r\n    细细问过，樵夫才知自己竟然在山中待了六十年，家人皆以为自己当年命丧兽口，家中的父母长辈也早已过世……）\r\n\r\n    这个故事是小时候计缘最喜欢的故事之一，故事中的老叟流传中是两个仙人，并且在故事发源地还有一座有名的烂柯山。\r\n\r\n    计缘和同事们去野营的自然不是烂柯山而是牛头山，可计缘看到的古树、棋局和锈斧无一不对照了烂柯棋局的传说。\r\n\r\n    照此说来，也就不难解释为什么计缘觉得仅仅过去了一小会，外面却已经时过境迁的去了大半个月。\r\n\r\n    而且计缘的运气比樵夫好也比樵夫差，好的是他没多久就出来了，外面才过去不到一月，人生还没有太大影响，差的是没有仙人给他吃什么灵丹妙药，所以等于是不吃不喝过了大半月，没直接死透了算老天爷保佑。\r\n\r\n    此刻这么想着的计缘，还不知道原来的自己其实早就死了。\r\n\r\n    但即便如此，联想完这一切也并没有用去多长时间，计缘很快又被寂寞、惶恐和烦躁感笼罩了，哪怕强迫自己多思考多想一些问题，但那种压抑感依然越来越严重。\r\n\r\n    没人说话，没脚步声，没人来……\r\n\r\n    时间是那么漫长，没有人，还是没有人……\r\n\r\n    越来越焦虑的情况下，计缘现在已经失去了时间概念，不知道过了一小时还是一天，已经不是靠强迫就能让自己冷静下来的了。\r\n\r\n    难怪有些西方国家的监狱，关小黑屋会是对囚犯的严重惩罚了，这是对人严重的精神摧残。\r\n\r\n    现在计缘的状态不是担忧谁绑架了自己，完全已经变为盼望劫匪快点来，哪怕听到他们的咒骂或者来踢自己一脚也好。\r\n\r\n    还是没有人，还是没人来！！！\r\n\r\n    ‘快来个人吧！！！快来个人吧！！谁都行啊！！！’\r\n\r\n    计缘无数次在心里吼着，他最怕的是根本没有什么劫匪，自己就这么孤独的瘫在一个荒郊野外，除了野兽蛇虫外没有任何人会来……',8),(21,'第一章 三鬼爷(上)','第一章三鬼爷(上)\r\n\r\n    “哗啦――”一声，漂在河水中的李七夜被人捞了上来。\r\n\r\n    “啊”的一声，李七夜大叫一声，被捏人中醒了过来，他一醒过来，第一个反应就是一跳起来，一“跳”起来，顿时让李七夜有些不适应自己的身体，打了个踉跄，差点摔倒。\r\n\r\n    “我，我的身体！”低头一看，自己身体竟然完好无损，李七夜又惊又喜，做了千百万年的阴鸦，终于夺回自己的身体，就算是经历万难、见过无数风浪的他，也都不由一时激动。\r\n\r\n    最终，李七夜深深地呼吸一口气，抬头一看，只见一个老头站在自己面前。\r\n\r\n    “嘻，嘻，嘻，是老头我把你从河中捞起来的。”这个老头笑嘻嘻地说道。他一开口说话，露出只剩下三颗的大黄牙，他这笑容，说多猥琐就有多猥琐。\r\n\r\n    李七夜顺着这条河望去，远处隐隐能见仙魔洞的轮廓，一见仙魔洞，十三岁模样的他，立即目光一冷，隐隐间，身上有着与他岁数不同的气息。\r\n\r\n    李七夜深深呼吸了一口气，看着老头，过了许久之后，说道：“你如何称呼？”\r\n\r\n    “三鬼爷，洗颜古派的。”老头笑嘻嘻地说道，张嘴露出三颗黄牙板，口水流下。\r\n\r\n    “洗颜古派――”李七夜不由喃喃说道，一时之间，勾起了他封尘的记忆，他被困在阴鸦身体中千万年之久。\r\n\r\n    “现在是谁掌天命？”李七夜回过神来，不由问道。\r\n\r\n    “天命？天命还未有人能承载。”三鬼爷笑嘻嘻地说道。\r\n\r\n    “踏空仙帝呢？”听到这样的话，李七夜不由脸色微变，他这一次沉睡，难道是沉睡了几十万年之久？\r\n\r\n    “踏空仙帝在三万年之前就失踪了。”三鬼爷依然笑嘻嘻地说道，三颗黄牙板一露出来，十分猥琐。\r\n\r\n    “镇天海城的黑龙王呢？”李七夜不由再次问道。\r\n\r\n    三鬼爷摇了摇头，说道：“没人知道，黑龙王也在三万年前失踪了。”\r\n\r\n    听到这话，李七夜脸色大变，抬头再望远处隐隐可见的仙魔洞，此时，他明白自己为什么夺回了自己的身体。\r\n\r\n    “我们走――”李七夜脸色一沉，转身就走，也不管三鬼爷跟不跟上来。活了无数的岁月，经历无数的苦难，他已经知道该怎么做了。\r\n\r\n    镇天海城，在当世，乃是最强大无敌的传承，当年黑龙王还活着的时候，睥睨九天十地，无人能敌！三代共尊！\r\n\r\n    虽然黑龙王失踪三万年之久，但是，今日的镇天海城依然如庞然大物地傲立在天地之间。\r\n\r\n    在镇天海城之外，有一个十三岁光景的少年，还有一个看起来猥琐无比张口就露出三颗黄牙板的老头。\r\n\r\n    在城门外，李七夜默默地烧着纸钱，心里面默默地说道：“小黑子，你安心去吧，这一世，你帮我夺回了身体，总有一天，我踏灭凶域，为你报仇！”\r\n\r\n    最终，李七夜抬起头来，看着庞然大物一般的镇天海城，物旧人非，一切都变得陌生。遥想当年，这座海城能拔地而起，正是他与小黑子一年复一年的努力！\r\n\r\n    可惜，三万年过去，曾经隐于幕后的阴鸦，又有谁知道呢？\r\n\r\n    “嘻，我们回洗颜古派。”这个时候，三鬼爷又冒了出来，三颗黄牙板映入李七夜的眼帘。\r\n\r\n    “我们走吧。”李七夜平静地点头说道。不论是三鬼爷如何的神出鬼没，不论三鬼爷是何来历，但是，都不足让李七夜吃惊，经历了万难，被困在阴鸦体内千百万年，经历了一个又一个时代，曾陪伴过仙帝，曾与药神同行，还有什么能让他吃惊.\r\n\r\n    李七夜两个走了没多久，镇天海城走出一个风华绝世的女子，她宛如碧波仙子，翰海女神。她走出城门欲远行之时，突然间，眼角无意见看到城根所烧纸钱所残存的一角，这一角纸钱之上，竟隐隐可见一个符号。\r\n\r\n    一见此符号，此神女不由脸色大变，沉声道：“刚才谁在此烧纸钱！”\r\n\r\n    她身边一位老仆很快得到答案，告知说道：“听守卫说，刚不久有一老头与一个十三四岁光景的少年在此烧纸钱。”\r\n\r\n    “给我追，找到他们！”此神女立即沉声说道。\r\n\r\n    “殿下可是要去神山。”老仆不由说道。\r\n\r\n    “追――”神女话一落下，自己已经横空而去，瞬间追了下去。\r\n\r\n    最终，神女还是没有找到烧纸钱的人，回到镇天海城，神女久久沉默不语，那个符号很久很久没有再在镇天海城出现过了，为什么几万年之后，这个符号又再一次出现，是敌是友？\r\n\r\n    “回殿下，没有找到烧纸钱的人。”最终，忠心耿耿的老仆回禀说道。\r\n\r\n    “吩咐下去，所有人留意这两个人，不得张扬，一有消息，立即向我汇报。”神女沉声地说道。\r\n\r\n    这话让老仆不由一愕，他们镇天海城威慑当世，他们殿下镇海神女在当世也是赫赫有名，很少见她如此神态凝重。\r\n\r\n    “神山那边――”老仆不由沉吟地说道。\r\n\r\n    “取消――”神女沉声地说道：“我需要翻阅一下祖宗留下的古籍，这件事有点古怪！”说着，就进入了镇天海城最深处的禁地之中。\r\n\r\n    洗颜古派，坐落于宝圣上国的疆国之中。洗颜古派，可以说是一个渊源流长的传承，乃是一个仙门帝统，在诸帝时代的初年，一代睥睨九天十地的明仁仙帝创派于此，取名为洗颜古派。\r\n\r\n    可惜，千百万年过去，时代变迁，洗颜古派不再是当年纵横八荒的仙门帝统，无数岁月过去，洗颜古派已经开始没落，虽然洗颜古派也中兴过，但，依然无法挽回颓势。\r\n\r\n    “长老，不好了，派中来了一个凡人，要当我们的席弟子。”这一天，洗颜古派的大长老一早早起来，门下弟子就匆匆忙忙来禀报。\r\n\r\n    “把他轰下山去！”大长老看都没看一眼，说道：“这等小事情，还需要汇报吗？”\r\n\r\n    一个凡人，要当洗颜古派的席弟子？这开什么玩笑？洗颜古派的席弟子，那可是有着不同的意义，席弟子另一层意义就是掌门传人，席弟子，往往有可能成为下一代掌门。虽然掌门不在派中，但是，这种事情长老还是能作主。\r\n\r\n    “可，可是，他，他是三鬼爷推荐来的。”这个弟子不由嚅嚅说道。\r\n\r\n    “三鬼爷？”大长老不由乜了一眼，说道：“他又不会是讨了别人的酒喝，承诺给别人好处吧？”\r\n\r\n    三鬼爷，没错，他的确是洗颜古派的人，但是，洗颜古派更不愿意承认他是洗颜古派的人。\r\n\r\n    三鬼爷，这个名字听起来很威风，但是，这个名字却让洗颜古派的长老们脸上无光。三鬼爷，有三大好，好财，**，好嫖，自称为爷，所以被人戏谑为三鬼爷。\r\n\r\n    三鬼爷没修练过几天的功法，但是，偏偏他在洗颜古派大有来头。听说，他是洗颜古派上一代掌门的私生子，所以，上一代掌门在临终时，叮嘱现任掌门照顾好三鬼爷。\r\n\r\n    也有一些小道消息认为，三鬼爷其实是上上一代掌门的私生子，因为上上一代掌门对上代掌门有大恩，所以，上一代掌门扛下了这个黑锅，一直照顾三鬼爷。上一代掌门坐化之时，也叮嘱现任掌门，要照顾好三鬼爷。\r\n\r\n    不管三鬼爷是谁的私生子，他不光彩的来历，让洗颜古派的高层都不愿意去深究，都不愿意对外多说。\r\n\r\n    对于这么一个好财**好嫖而又没有多少道行的三鬼爷，不论是洗颜古派的长老，还是洗颜古派的其他弟子，都不待见。\r\n\r\n    “三鬼爷推荐又如何，把他轰下山去！”大长老没心情，一大清早，却被这个名字坏了好心情。\r\n\r\n    “可，可，可是，他，他，他手中有三鬼爷的那枚洗颜古令。”这个弟子嚅嚅地说道。\r\n\r\n    “洗颜古令！”一听到这话，大长老不由脸色一变，沉吟了好一会儿，吩咐说道：“召见其他长老，让那凡人在大殿待候！”\r\n\r\n    洗颜古派，一共有六位长老，其他的五位长老一听到“洗颜古令”的时候，都不由脸色一变，都不得不出席。\r\n\r\n    洗颜古令，乃是洗颜古派始祖明仁仙帝所留的三枚古令，其他两枚早在很久以前就收回来了，但是，不知道什么原因，最后一枚却落入三鬼爷的手中。\r\n\r\n    除了因为上一代掌门叮嘱要照顾三鬼爷之外，三鬼爷还能呆在洗颜古派，诸位长老拿他没办法，还有一个原因就是因为他手中有一枚洗颜古令。\r\n\r\n    执此令者，如明仁仙帝驾临，执此令者，可以向洗颜古令提出一个条件。\r\n\r\n    坐于洗颜古派的大殿之中，看着这古旧的大殿，看着大殿上堂那座被烟火薰得朦胧的雕像，李七夜不由被勾起了许多的封尘往事。\r\n\r\n    大殿上堂所奉的正是明仁仙帝的雕像，虽然过了无数岁月，朦胧的雕像依然有着一股远古的神威，高凌九天，膜拜之心油然而生.\r\n\r\n    看着雕像，李七夜心里面百般滋味，多少年过去，明仁仙帝已不在世，而他却活了一个又一个时代，今天，他终于如愿地夺回了自己的身体，但是，多少风云人物消失去云烟之中。',9),(22,'第二章三鬼爷(下)','第二章三鬼爷(下)\r\n\r\n    遥想当年，古冥时代结束，诸帝时代初启，他魂魄困在阴鸦之中，在那时他经过无数岁月的努力，已经临时性地摆脱了仙魔洞的掌控。\r\n\r\n    遥想当年，他认识明仁仙帝的时候，明仁仙帝还是一个未能接触大道的小伙子，一个热肠古道却又喜欢习武的小伙子！\r\n\r\n    遥想当年，是他把明仁仙帝引入修士这个世界的，可惜，一恍千百万年，当年的一代代无敌人物，已经消失在烟去之中。\r\n\r\n    当李七夜的目光落在雕像下烟火龛旁的一根炭黑的木棍之上的时候，他都不由为之意外，随之不由嘴角一翘，为之莞尔，无数岁月过去，没有想到这根木棍还在。\r\n\r\n    遥想当年，他揍得那群小伙子是嗷嗷直叫，当年的那群小伙子何等的意气风……\r\n\r\n    在这个时候，洗颜古派的六大长老鱼贯而入，洗颜古派的六大长老虽然年纪不小，但是血气如虹，每一个长老都是气势凌厉，周身有宝光腾腾。\r\n\r\n    虽然说，洗颜古派已经没落，但是，洗颜古派终究是仙门帝统，若是洗颜古派的长老们愿入宝圣上国受封，只怕能封为豪雄！\r\n\r\n    六大长老凌厉无比的目光落在了李七夜身上，然而，对于六大长老惊人的气势，凌厉的目光，李七夜依然从容自在，平静地坐在那里。\r\n\r\n    “洗颜古令呢？”最终，大长老沉声开口，冷冷地说道。对于洗颜古派来说，洗颜古令，可以说是事关重大。这是他们祖师明仁仙帝留下的东西。\r\n\r\n    李七夜缓缓张开手掌，露出一枚古朴的令牌。当三鬼爷把他送到洗颜古派的山下城镇之时，李七夜也没有想到，三鬼爷竟然一头钻进了翠红楼之中。\r\n\r\n    而三鬼爷顺走之时，扔给了他一枚洗颜古令。事实上，李七夜也没有想到三鬼爷竟然拥有洗颜古令。\r\n\r\n    当年明仁仙帝承载天命之后，虽然他还是一只阴鸦，但是，明仁仙帝还送给了他三枚洗颜古令。后来，李七夜却把这三枚古令送给了其他的人！\r\n\r\n    千百万年过去，还能再见此令，让李七夜感慨万分，没有想到，当年他不需要此令，然而，今天竟然用上了这枚洗颜古令。\r\n\r\n    六大长老把洗颜古令仔细看了一遍，最终可以确定，这枚洗颜古令的确是真的，这让六位长老不由相视了一眼。\r\n\r\n    事实上，洗颜古派一直想收回这枚古令，洗颜古派曾经用了不少的方法欲从三鬼爷手中收回此令，但是，三鬼爷也知道这枚古令是他的护身符，一直不肯还给洗颜古派。没有想到，今天三鬼爷竟然把这一枚古令送给了一个默默无名的凡人。\r\n\r\n    “三鬼爷呢？”大长老不由冷冷地说道。对于这位好财**好嫖的三鬼爷，大长老一直没有好脸色，那怕他真的是上一代掌门的私生子，大长老心里面对他也不待见！\r\n\r\n    “他去了翠红楼。”李七夜从容地说道。\r\n\r\n    这样的话，让六大长老颜脸无处可搁，虽然他们心里面不承认三鬼爷是洗颜古派的人，但事实上，他偏偏是洗颜古派的人。翠红楼是什么地方，六大长老当然知道了，是山下最出名也是方圆千里之内最大的**！\r\n\r\n    这样的事情，已经不是第一次生了，三鬼爷也不是第一次逛翠红楼了！六大长老心里面特别的郁闷，他们是恨不得洗颜古派没有这样的一个**嫖客！\r\n\r\n    “你有什么要求！”另一位长老沉声说道。他们不知道李七夜用了什么办法让三鬼爷愿意把洗颜古令给他，但是，眼前的洗颜古令是货真价实。\r\n\r\n    “听说洗颜古派的席弟子位子还空着，三鬼爷也大力推荐我来当洗颜古派的席弟子，所以，我要当洗颜古派的席弟子。”李七夜慢慢地说道。\r\n\r\n    这样的话，顿时让六大长老脸色黑了起来，三鬼爷这样的嫖客，什么时候有资格为洗颜古派推荐席弟子了，再说，洗颜古派的席弟子人选，一向来都是谨慎无比，否则，就不会一直空着这个位子了。\r\n\r\n    “席弟子之位，不是儿戏！”一位长老冷冷地说道。\r\n\r\n    “我知道。”李七夜从容地说道：“但是，执洗颜古令者，可以提一个要求，这是你们师祖明仁仙帝立下的规纪。”\r\n\r\n    “你手中的古令，说不定来路不正。”大长老冷冷地说道。席弟子之位，此事非同小可，焉能儿戏。\r\n\r\n    李七夜并不惊，慢条斯理地说道：“我明白，诸位长老怕我是从三鬼爷手中强抢过来的，如果诸位长老不相信，可以派人去翠红楼证实。”\r\n\r\n    听到“翠红楼”这三个字，六位长老立即不由老脸一黑，但是，立即派出弟子去证实。\r\n\r\n    很快，派出去的弟子回来了，派出去的弟子证实了李七夜的洗颜古令的确是三鬼爷自愿给的。当然，回来的弟子省去了三鬼爷在翠红楼**快活的事情，否则，六大长老又会脸色难看到极顶。\r\n\r\n    六大长老十分不情愿承认李七夜手中的洗颜古令，但是，祖训不可违，洗颜古派终究是仙门帝统，那怕是没落了，也丢不起这个人。\r\n\r\n    “请本相镜来。”洗颜古令是真的，六大长老没办法，大长老只好冷冷地说道。\r\n\r\n    很快，门下弟子请来了本相镜，照在了李七夜的身上。任何一个凡人想拜入宗门修道，都必须经过宗门的本相镜显照，以观这个人的体质、寿轮、命宫的情况。\r\n\r\n    在本相镜之中，照出了李七夜的影子，李七夜的影子朦胧摇拽，宛如随时可以熄灭的烛火，影子脑后，隐隐有一轮血光，头额之中，也隐隐有一团光影，但是，不论血光还是光影都是模糊不清。\r\n\r\n    “体质为凡体，寿轮为凡轮，命宫为凡命。”最终，弟子探测了李七夜的体质、寿轮、命宫之后就如此说道。\r\n\r\n    任何一个人都拥有体质、寿轮、命宫，体质直接关系到身体的强弱，寿轮是关系着寿命的长短，命宫关系着天赋的好坏！\r\n\r\n    一见李七夜竟然是凡体、凡轮、凡命，这顿时让六大长老无语，这样的体质，这样的寿轮，这样的命宫，放在凡间，简直就是随手都能抓一大把，只要是人，只怕都拥有这样的条件！\r\n\r\n    “洗颜古派的席大弟子，莫说是皇体、圣体，至少也得是先天之体，寿轮听怕也是如此。你的条件，不适合成为席大弟子。”大长老冷冷地说道。\r\n\r\n    “我知道。”李七夜并不意外，依然慢条斯理地说道：“我的条件，就是成为席大弟子！”\r\n\r\n    “你――”李七夜这样的话，顿时让其他长老大怒，李七夜这样的体质根本就不能成为席大弟子，连拜入洗颜古派的条件都达不到，现在他要成为席大弟子，这怎么不让他们恼火呢。\r\n\r\n    “我相信，明仁仙帝的后代不会做出违背祖训，欺师灭祖的事情来吧。”李七夜摊开手中的洗颜古令，慢吞吞地说道：“如果此令落入其他人手中，后果就难于设想了。”\r\n\r\n    在场的六大长老脸色难看得很，大长老冷冷地说道：“就算是如此，洗颜古派的席弟子，不论是出身，还是背景，都必须经过全面的调查，否则，不可能成为席弟子！”\r\n\r\n    “这是你们的事情。”李七夜看着六大长老，从容地说道：“再说，如果你们认为我是其他门派派来偷学你们仙帝传承，我不需要成为席弟子，凭此令，我就可以直接索要秘笈，这一点，你们应该比我还清楚！一令在手，我真有心害洗颜古派，不是一件难事！”\r\n\r\n    李七夜这样的话让六大长老不由相视了一眼，但是，他们心里面还是信不过李七夜！\r\n\r\n    “他说得也不无道理。”六大长老中的雄长老不由沉吟地说道：“洗颜古令如果一直在外面，对本派也是一个隐患。持令者的要求，我们没有办法拒绝，若不是我们就此决定下来吧。”\r\n\r\n    “哼――此事不能儿戏！”大长老冷冷地说道。\r\n\r\n    “历代以来，席弟子都是掌门的亲传弟子，成与不成，不如我们询问一下掌门的意思。”另一个长老不由沉吟了一下，说道。\r\n\r\n    “这有道理，毕竟，这是掌门的亲传弟子。”另一个长老附和地说道。\r\n\r\n    “传讯于掌门。”六大长老商量之后，最终，大长老冷冷地说道。\r\n\r\n    六大长老给在外面的掌门苏雍皇传去消息，没有想到，很快掌门人苏雍皇就传回了消息，更让他们没有想到的是，掌门人竟然同意让李七夜成为席大弟子。\r\n\r\n    “掌门糊涂，荒唐！”大长老对于掌门的消息读了三遍，确定之后，十分不满，不由沉声喝道。\r\n\r\n    “古兄，既然掌门都同意了，那我们还能说什么？毕竟席大弟子是掌门的亲传弟子，可以说是掌门说了算。”雄长老劝说道。\r\n\r\n    “掌门这是糊涂。”有长老也不由叹息摇头。\r\n\r\n    雄长老苦笑了一下，摇头说道：“除了这样，我们还有什么办法？我们能收回洗颜古令，也是一大功德！”',9),(23,'第三章 洗颜古派（上）','第三章洗颜古派（上）\r\n\r\n    “三天后，拜祖师，你便是洗颜古派的席弟子。”最终，大长老十分不满，冷冷地说道。\r\n\r\n    李七夜坐在那里，对于这样的结果，一点都不惊讶，从容地笑了笑，说道：“既然我是席大弟子，那是不是需要一二件的防身兵器呢？”\r\n\r\n    对于李七夜的从容，另一个长老倒是有点奇怪，李七夜才十三岁光景的少年，但是，却镇定从容，如一方之主，这种气息不像是装出来的，但是，像他这样的凡人，不可能有这样大的气魄。\r\n\r\n    这位长老看了李七夜一眼，摇头说道：“虽然说，你现在是席大弟子，普通的兵器，倒可以给你一二件，如果说，你想宝物，那就痴人说梦。如果你想强大的宝器、仙帝功法，那你必须对洗颜古派有着足够的功劳才行。这是洗颜古派的派规。”\r\n\r\n    李七夜不由笑了一下，他的目标当然不是什么仙帝功法、世绝古术，他目光落于烟火龛旁的那根烧得炭黑的木棍说道：“好吧，那我要那根木棍怎么样？”\r\n\r\n    “那根木棍？”听到李七夜的要求，其他长老都不由呆了一下，因为放在烟火龛旁边的这支木棍是洗颜古派祭祀祖师的时候烧纸钱时用来扒灰的木棍。这木棍好像一直都放在那里，而且，就这么一根木棍，没有人感兴趣。\r\n\r\n    在场的长老还以为李七夜仗着席大弟子的身份想要什么宝物、帝术，没有想到，他竟然要一根木棍，这太出于他们的意料了！\r\n\r\n    李七夜悠然地说道：“既然我是席大弟子，在洗颜古派中，不论是身份还是地位，那都是有份量的，代表着卓越悠久。这根木棍出身于此大殿之中，这大殿乃是我们洗颜古派的祖殿，意义非凡，说来，此棍出身也非同凡响，代表着我们洗颜古派的权威，也正适合我这个席大弟子的身份……”\r\n\r\n    李七夜张口，滔滔不绝地说了一大堆大道理，而雄长老他们就像看白痴一样看着李七夜，这个时候，他们只有一种想法，或者只有三鬼爷这样的**嫖客才会与李七夜这种白痴臭味相投！\r\n\r\n    “行，这根木棍就赐给你了。”大长老不耐烦地打断了李七夜的话，对于他来说，这只是一根烧火棍而己，不足为道，他懒得再听李七夜一大堆滔滔不绝的白痴的话！\r\n\r\n    “好就多谢长老赐棍。”李七夜等的就是这句话，一把抄在手上，别在了腰间。他这样的动作，在长老们眼中看来，那是跟白痴一样差不了多少。\r\n\r\n    “怀仁，带他去该住的地方住下来！”最终，一位长老不耐烦，吩咐门下弟子，把李七夜打了。\r\n\r\n    对于六位长老来说，今天的事情说多堵心就有多堵心，一个废物，竟然成了洗颜古派的席大弟子。虽然说，他们洗颜古派已经不如当年，但是，还不至于让一个废物白痴来当洗颜古派的大弟子！\r\n\r\n    李七夜被洗颜古派的弟子带到了一座孤峰之上，此峰也不算小，峰顶有十余亩之地，峰顶之上有一座小院。\r\n\r\n    看这座小院，有些年久失修，杂草乱藤甚为茂盛。尽管说此孤峰在洗颜古派的位置是比较偏僻，但依然是在洗颜古派的宗土之内。\r\n\r\n    打开小院，这个弟子对李七夜说道：“师弟你，不，师兄以后就住这里了。”这个弟子转口还算是蛮快的。\r\n\r\n    论入门时间，李七夜不能与他相比，但是，现在李七夜是席大弟子，所以，以辈份而论，不论年纪大小，只要是第三代的弟子，都要叫李七夜一声师兄。\r\n\r\n    李七夜看了一眼一下子能转口的弟子，看了看四周的环境，也不挑剔，点头说道：“孤山远影，这里也是一个好地方。”\r\n\r\n    “恰巧，这座山峰就叫孤峰。”这个弟子不由笑着说道。说到这里，这个弟子不由多看了李七夜几眼，然后干笑一声，说道：“以后师兄会搬入主峰之中的。”\r\n\r\n    事实上，按洗颜古派的规纪，作为席大弟子，当然有资格住入主峰。洗颜古派拥有的主峰不少，席大弟子可以说是有资格随便挑一座主峰住进去。\r\n\r\n    不过，现在洗颜古派的各大主峰，都有人入主，六大长老对于李七夜这样混上来的席大弟子心里面是十分不满意，当然，不会让他住入主峰了。\r\n\r\n    能入主峰，当然是好处很多，其中一个最大的好处就是主峰的天地精气比旁支、次峰要浓郁很多。\r\n\r\n    “住此处就行了。”李七夜从容地说道。对于这样的事情，他没有去挑剔，古井无波。\r\n\r\n    “我已把师兄所需物品领来。”这个弟子处事老练，做事周到，他把生活所需的物品给了李七夜，说道：“若是师兄有什么需要，可以到外堂来找我。”\r\n\r\n    “你叫什么名字？”当这个弟子临走的时候，李七夜叫住了他，随口问道。\r\n\r\n    这个弟子不由愕了一下，说实在话，他对李七夜不是很看好，李七夜这样的资质，根本就没有资格拜入洗颜古派，更别说成为洗颜古派的席大弟子了。\r\n\r\n    在大殿的时候，李七夜的表现似乎有些白痴，但是，李七夜现在的从容淡定，让这位弟子不由奇怪，这究竟是李七夜神经大条，还是他真的是胸有成竹？\r\n\r\n    “回师兄，小弟叫南怀仁，外堂的外使。”这个弟子回过神来，最后还是回答了李七夜的话。\r\n\r\n    “我叫李七夜。”李七夜只是轻轻点了点头。千百万年的沉浮，知道他真正来历与名字的人，可以说是寥寥无几。\r\n\r\n    南怀仁走了之后，李七夜也没有闲着，动手把小院打扫了一遍，把孤峰四周的环境清理了一番。被他整理了一顿之后，这座久无人住的孤峰才有了点人气。\r\n\r\n    李七夜行事，井然有序，若是有外人在此，还真有些不敢相信他只是一个十三岁光景的少年。他做事从容老成，与他的年龄外貌完全不符。\r\n\r\n    一番辛苦之后，天色近晚，李七夜也是又累又饿，他一屁股坐在了门前。好一会儿喘过气来之后，李七夜他拿起了别在腰间的烧火棍。\r\n\r\n    看着这根被人用来拔弄纸钱的炭黑木棍，久远而封尘的往事不由浮现心头，最终，他不由苦涩一笑。\r\n\r\n    世间皆传言，仙帝承载天命，可以长生不死，但是，今天，明仁仙帝、吞日仙帝这样的无敌存在，又在仙方呢？\r\n\r\n    李七夜回过神来之后，慢慢刮去烧火棍上的炭灰，最终露出了烧火棍的真面目，这是一根三尺余长的木棍，木棍青黑，虽然这支木棍被当作烧火棍无数岁月，但，没有烧坏一丝一毫。但，除此之外，此木棍再也无神奇之处了。\r\n\r\n    李七夜不由轻轻地抚了一把此棍，喃喃地说道：“打蛇棍！”一声轻轻的叹息，一些往事浮上心头，今日又再握此棍，别有一番滋味。\r\n\r\n    在当年，明仁仙帝还未承载天命，作为明仁仙帝的引路人，他曾经为明仁仙帝培养过一群后备力量的小伙子。当年为了好好教训这群小伙子，他特地从鬼林带回了这支打蛇棍。\r\n\r\n    后来这群名扬天下，威慑四方的小伙子都被这支打蛇棍狠狠地揍得皮绽肉烂！当年培训完了这群小伙子之后，他随手地把这支打蛇棍扔在洗颜古派，没有想到，它依然留在祖殿之中。\r\n\r\n    握着打蛇棍，李七夜不由陷入了久久的沉默之中，多少世的努力，他最终还是夺回了自己的身体，他的魂魄终于从阴鸦之中逃困出来。\r\n\r\n    然而，多少人却一个个远逝，他的亲人，他曾经的朋友，药神，血玺仙帝、明仁仙帝……甚至是足足活了三世的黑龙王，最终都远逝而去！\r\n\r\n    在遥远的当年，在那荒莽的时代，他只是一个十三岁的平凡放羊小孩而己，然而，为了寻回丢失的一只羊，却落入仙魔洞中，他的魂魄被困在永生的阴鸦之体一世又一世！\r\n\r\n    一开始惊恐不定的他，身不如己，化作阴鸦，只能是按照仙魔洞制定的路线无休止地飞翔于天地之间，他曾入葬地，曾跨旧土，曾越九界……每一世他都被逼回归仙魔洞一次。\r\n\r\n    虽然他化作了阴鸦，但是，一世世进出这神秘凶险得连大贤都怯步的葬地旧土之后，让他知道了无数的秘密，经过无数的艰难之后，坚定了他的道心。\r\n\r\n    后来，他不甘成为一只世世代代不死的傀儡阴鸦，所以，他谋下了惊天大计，切断了仙魔洞定制在他魂魄中的路线。\r\n\r\n    为了从阴鸦之中脱困，为了夺回自己的身体，他是一次又一次努力，他曾经引领过一个又一个拥有潜力的少年踏入修道之路，甚至引导他们踏入了无敌之路，承载着天命！\r\n\r\n    虽然，到了今天，他终于如愿夺回了自己的身体，重新做人，但是，多少人远去？\r\n\r\n    最终，李七夜不由轻轻地叹息一声，但，很快，他深深呼吸一口气，紧紧地握住拳头，这一世，不论如何，他都必须登临巅峰，无人能敌，总有一天，他会君临仙魔洞！\r\n\r\n    新书需要大家的呵护，请大家投上宝贵的一票。萧生是起点新人，有很多地方不懂之处，如果读者有什么问题，请在讨论区提出来。',9),(24,'第一章 天黑别出门','天黑，别出门。\r\n\r\n    这句话在残老村流传了很多年，具体是从什么时候传下来的，已经无从考证。不过这句话却是真理，无需怀疑。\r\n\r\n    残老村的司婆婆看到夕阳一点点藏在山后，心里又紧张起来。随着夕阳落下，最后一缕阳光消失，天地间突然一下子寂静无比，没有任何声音。只见黑暗从西方缓缓的淹没过来，沿途吞噬山川河流道路树木，然后来到残老村，将残老村淹没。\r\n\r\n    残老村的四个角竖着四个古老石像，石像斑驳，年代久远，即便是司婆婆也不知道这石像是何人雕琢，何时竖在这里。\r\n\r\n    黑暗降临，四个石像在黑暗中散发出幽幽的光芒，石像依旧亮着，让司婆婆和村里的老者都松了口气。\r\n\r\n    村外的黑暗越发浓郁，但有了石像的光，残老村便还算是安全的。\r\n\r\n    突然，司婆婆耳朵动了动，呆了呆，失声道：“你们听，外面有个孩子的哭声！”\r\n\r\n    旁边的马老摇头道：“不可能，你听错了……咦，真有婴儿的哭声！”\r\n\r\n    村外的黑暗中传来婴儿的哭声，村里其他老人除了耳聋的都听到了这个哭声，老人们面面相觑，残老村偏僻荒凉，怎么会有婴儿出现在附近？\r\n\r\n    “我去看看！”\r\n\r\n    司婆婆激动起来，踮着小脚跑到村子的一个石像边，马老连忙过去：“司老太婆，你疯了？天黑了，出了村就是死！”\r\n\r\n    “背着这个石像出村，黑暗里的东西怕石像，我一会半会死不了！”\r\n\r\n    司婆婆弯腰，想要将石像背起，不过她是个驼背，背不起来。马老摇了摇头：“还是我来吧。我背着石像陪你去！”\r\n\r\n    一旁又有一个老者一瘸一拐的走过来，道：“马爷，你只有一条胳膊，背石像撑不了多久，我两手齐全，还是我来背。”\r\n\r\n    马老瞪他一眼：“死瘸子，你断了条腿，能走吗？我虽然只有一条胳膊，但这条胳膊力气大得很！”\r\n\r\n    他独臂将石像抱起，稳了稳步子，石像难以想象的沉重：“司老太婆，咱们走！”\r\n\r\n    “别叫我死老太婆！瘸子，哑巴，你们大家都要当心些，村里少了一个石像，千万不要被黑暗里的东西摸进来！”\r\n\r\n    ……\r\n\r\n    马老和司婆婆走出残老村，黑暗中不知有什么古怪的东西围绕两人游走，但被石像的光芒一照，便吱吱怪叫退回黑暗之中。\r\n\r\n    两人循着那哭声前进，走出百十步，来到一条大江边，那婴儿的哭声就是从江边传来。石像散发出幽幽的光芒，照不太远，两人细细捕捉声音方位，沿着这条江向上游走去，走出几十步，哭声就在附近，马老独臂已经很难支撑。司婆婆眼睛一亮，看到一丁点荧光，那是一个篮子停在江岸边，荧光从篮子里传来，哭声也是从篮子里传来。\r\n\r\n    “真有一个孩子！”\r\n\r\n    司婆婆上前，提起篮子，却微微一怔，没能提起来，那篮子下面是一条被江水泡得发白的手臂，正是这条手臂将篮子和篮子里的孩子托起，一直托到岸边。\r\n\r\n    “放心吧，孩子安全了。”司婆婆对水下的那个女子低声说。\r\n\r\n    那具女尸似乎听到了她的话，手掌松开，被江水冲走，消失在黑暗中。\r\n\r\n    司婆婆提起篮子，篮子里是一个襁褓中的婴儿，襁褓上面放着一面玉佩，玉佩散发出荧光。这枚玉佩的光芒与石像的光芒很相似，但是却要微弱很多，正是玉佩保护着篮子里的孩子不受黑暗中的东西的侵害。\r\n\r\n    只是玉佩的光芒很弱，只能保护得了孩子，却保护不了那个女人。\r\n\r\n    “是个男孩。”\r\n\r\n    回到残老村，村子里的村民都围了上来，都是些老弱病残。司婆婆掀开襁褓看了一眼，咧嘴笑了，残牙零落：“我们残老村，终于有一个健全的人了！”\r\n\r\n    只有一条腿的瘸子吃惊道：“司老太婆，你打算养着他？我们连自己都很难养活！我觉得还是送出去……”\r\n\r\n    司婆婆大怒：“老娘凭本事捡到的小孩，为什么要送人？”\r\n\r\n    一众村民唯唯诺诺，不敢反驳她，村长坐着担架过来，他比其他人都要凄惨一些，其他人好歹也有手脚，只是比正常人少，而他则是无手无脚。不过大家对他都很是敬重，即便是凶神恶煞的司婆婆也是不敢放肆。\r\n\r\n    “既然要养他，那么应该给他取个名字吧？”\r\n\r\n    村长道：“老太婆，你看篮子里还有其他什么东西吗？”\r\n\r\n    司婆婆翻了翻，摇头道：“只有这块玉佩，没有其他纸条什么的。玉佩上有字，是个秦字。这块玉佩没有杂质，里面还有奇怪的力量，不是凡品，应该是出自大户人家吧？”\r\n\r\n    “他是叫秦，还是姓秦？”\r\n\r\n    村长思索，道：“就让他姓秦吧，名字就叫做牧，秦牧。长大了，便叫他去放牧，好歹能够过活。”\r\n\r\n    “秦牧。”司婆婆看着襁褓中的婴孩，那婴孩也不怕她，竟然咿咿呀呀的笑了。\r\n\r\n    ……\r\n\r\n    江边，笛声传来，牧童坐在一头母牛背上吹笛，笛声清脆悠扬。这牧童十一二岁年纪，长得眉清目秀，唇红齿白，衣衫半敞，胸前挂着一枚玉佩。\r\n\r\n    这少年正是十一年前司婆婆从江边捡来的婴儿，这些年来村里的老人含辛茹苦将这孩子养大，司婆婆不知从哪儿弄来一头母牛，让婴儿时的秦牧每天喝牛奶，熬过了容易早夭的时期。\r\n\r\n    残老村的村民虽然都凶神恶煞，但对他都很好，司婆婆是个裁缝，平日里秦牧随着司婆婆学裁衣，跟着药师学采药炼药，跟着瘸子爷爷学腿功，跟着瞎子爷爷学听音辨位，跟着没有手脚的村长学呼吸吐纳，日子倒也过得很快。\r\n\r\n    这头母牛是他儿时的奶娘，司婆婆原本打算卖掉，但秦牧不舍，因此放牛的任务便也交给了他。\r\n\r\n    他经常在江边放牛，青山如黛，碧波白云，很是惬意。\r\n\r\n    “秦牧，秦牧，救救我！”\r\n\r\n    突然，他身下的母牛开口说话，秦牧吓了一跳，连忙从牛背上跳下来，只见那头母牛眼中含泪，口吐人言，向他道：“秦牧，你吃我奶长大，我算是你半个娘，你要救我！”\r\n\r\n    秦牧眨眨眼睛，试探道：“我如何救你？”\r\n\r\n    那母牛道：“你腰间有镰刀，将我的皮扒下来，便可以救我脱困。”\r\n\r\n    秦牧迟疑，母牛道：“你忘记哺育之恩了吗？”\r\n\r\n    秦牧举起镰刀，小心翼翼割破牛皮，说来也怪牛皮被剥开，竟然没有一丝血流出，而且牛皮里面竟然是空的，没有血肉和骨架。\r\n\r\n    牛皮剥到一半时，从里面滚出一个二三十岁的妇人，两条腿依旧包裹在牛腿中，皮肉与牛皮相连，不过上肢已经从牛皮中脱开。\r\n\r\n    那女子披头散发，一把抢过已经吓呆了的秦牧手中的镰刀，两三下切开腿脚上的牛皮，看向秦牧，恶向胆边生，镰刀架在秦牧脖子上，冷笑道：“小恶人，因为你我才被变成一头牛，十一年来我只能吃草，还要喂你奶喝！可怜，我变成牛之前刚刚生了孩子，便被那妖妇暗算，将我变成一头牛给你喂奶！今日终于脱困，先杀了你再来血洗这村里的恶人！”\r\n\r\n    秦牧脑中轰然，不知道这个从牛皮里钻出来的女子在说些什么。\r\n\r\n    那女子正要一刀砍死他，突然后心一凉，低头看去，一口刀从她胸前穿出。\r\n\r\n    “牧儿，你药师爷爷让你回去吃药了。”女子尸体倒下，身后站着的是村里的瘸子爷爷，慈眉善目，一脸憨厚，手里拎着一口血淋漓的刀，向秦牧笑道。\r\n\r\n    “瘸子爷爷……”秦牧身躯发软，看了看地上的那张牛皮和女子尸体，还是没有回过神来。\r\n\r\n    “回去，回去。”瘸子拍了拍他的肩头，呵呵笑道。\r\n\r\n    秦牧一脚高一脚低往村里走，回头看去，却见瘸子将那女子的尸体丢进江里。\r\n\r\n    这一幕给他的冲击实在太大，以至于他都不知道自己是何时回到村子里。\r\n\r\n    “秦牧！死小子，怎么告诉你的？天黑别出门！”\r\n\r\n    夜幕降临，残老村四角的石像又自动亮了起来，司婆婆唤住正打算溜出村子去江边查看牛皮的秦牧，将他拖了回来。\r\n\r\n    “婆婆，为什么天黑不能出门？”秦牧抬头问道。\r\n\r\n    “天黑的时候，会有一些可怕的东西在黑暗中活动，出去就是死。”\r\n\r\n    司婆婆郑重道：“村里的石像会保护我们，黑暗里的东西不敢进入村子。”\r\n\r\n    “其他村子也有这样的石像吗？”秦牧好奇道。\r\n\r\n    司婆婆点头，面色却有些忧虑，不住的看向村外，低声道：“瘸子应该回来了……真不应该让瘸子出去的，这家伙只有一条腿……”\r\n\r\n    “婆婆，今天出怪事了……”\r\n\r\n    秦牧迟疑一下，将牛肚子里钻出个女人的事情说了一遍，司婆婆漫不经心道：“你是说那个女人？瘸子跟我说过了，他处理得很好。早在你四岁断奶的时候我就说过将牛卖了，只是你舍不得，所以才让你喂着。你看，现在出事了吧？我就说吃奶吃到四岁，会对奶牛有感情。”\r\n\r\n    秦牧红了脸，四岁断奶的确有些太长了，不过好像关键不是在四岁断奶吧？\r\n\r\n    “婆婆，那个女人被瘸爷爷杀了……”\r\n\r\n    “杀得好。”\r\n\r\n    司婆婆笑道：“那是便宜了她。十一年前她就应该死了，如果不是要奶你，她能活到现在？”\r\n\r\n    秦牧不明所以。\r\n\r\n    司婆婆瞥他一眼，道：“这女子是距离这儿千里外的镶龙城城主夫人，镶龙城主好色，而她善妒，镶龙城主喜欢在外面沾花惹草，强掠良家女子。而镶龙城主每坏了一个女子的清白，这位城主夫人便会派人将那女子活活打死。我潜入镶龙城，原本打算杀她，见到她刚刚生了一个孩子，孩子才三个月，又想到你还没有奶喝，而她有奶，于是将她变成一头奶牛回来奶你。只是没想到这女子竟然挣脱了封印，能够开口说话，差点就害了你。”\r\n\r\n    秦牧瞠目结舌，失声道：“婆婆，人怎么能变成牛？”\r\n\r\n    司婆婆嘿嘿一笑，露出半嘴零落牙齿：“你想学？我教你……瘸子回来了！”\r\n\r\n    秦牧看去，只见瘸子一手拄着拐杖，一手抓着背上的猎物，正一瘸一拐的走来。黑暗如同潮水飞快的向村子涌来，司婆婆急忙叫道：“死瘸子，快点，快点！”\r\n\r\n    “急什么？”\r\n\r\n    瘸子还是不紧不慢的往村子走，在他走入村子的一刹那，浓烈的黑暗正好将村子淹没。他背上的猎物是一头斑斓猛虎，还没有死，尾巴被黑暗扫中，突然猛虎发出一声哀吼，秦牧连忙看去，只见猛虎的尾巴竟然只剩下了一节节骨头，尾巴上的皮毛和血肉全都不见了，好像是被什么东西啃掉的一般。\r\n\r\n    他好奇的看了看村外的黑暗，那里漆黑一片，什么也看不到。\r\n\r\n    “黑暗里到底有什么？”他心中纳闷。',10),(25,'第二章 四灵血','司婆婆拉着他兴冲冲的往村里走，笑道：“别看了，快点过来，今天是你的大日子！村长，马爷，都出来！”\r\n\r\n    村里燃起了篝火，村长又被人用担架抬了出来，沉声道：“四灵都找到了？”\r\n\r\n    “都找到了。”\r\n\r\n    独臂的马爷拖来了一条几丈长的大蛇，碧青色，也还活着，泛着腥气，只是被马爷单手捏住七寸，动弹不得。\r\n\r\n    哑巴铁匠则提来了一头大鸟，那头大鸟比哑巴还要高大一些，但是被绑住了翅膀和双脚。那大鸟挣扎时，羽毛中竟然有火光飞出，噼里啪啦作响，很是吓人。\r\n\r\n    瞎子则搬来了一只比桌子面还要大的巨龟，这头巨龟不知活了多少年，龟壳都翻起了金黄色。巨龟四肢都缩在壳里，时不时偷偷的探出一只爪子，秦牧看到它的爪子探出壳，爪子下便生出水汽，似乎能够将这头金龟托起，驾着水汽逃之夭夭。\r\n\r\n    只是金龟被瞎子用鱼钩穿住鼻孔，无法逃走。\r\n\r\n    “青龙，白虎，朱雀，玄武，这四灵的血虽然无法弄到，不过用青蛟蛇、铁骨虎、雷鸟和金龟代替，也可以炼出一点灵血来，足够用了。”\r\n\r\n    村长向村里的屠户点了点头，屠户咧嘴笑了笑，双手撑地上前，他是个只剩下上半身的汉子，腰部以下被人砍断，伤口平整。\r\n\r\n    四口缸放在青蛇老虎雷鸟和金龟前，屠户一刀一只，给这些猛兽放血，过了不久，四个猎物鲜血流尽。\r\n\r\n    “药师。”村长说。\r\n\r\n    村里的药师上前，他没有脸，脸上的皮似乎是被人切了下来，一起切下来的还有他的鼻子，以及半张嘴的上唇下唇，是村里最丑陋可怕的人，不过秦牧则觉得药师爷爷是村里对他最和蔼的人。\r\n\r\n    药师上前，取出四片奇特的红色叶子，每片叶子上都有一颗雪白的虫卵。药师在每个缸里各投一片叶子，便见虫卵破开，蚕虫趴在叶子上喝血。\r\n\r\n    这些蚕虫见风就长，喝的血越多，身体便越大，很快四口缸里的血都被喝干，每口缸里都剩下一只又肥又大的虫子。\r\n\r\n    药师抓了把像盐一样的白色晶沫撒在缸里，秦牧看到四条又肥又大的虫子竟然在飞速缩小，不由啧啧称奇。\r\n\r\n    过了片刻，药师将四条虫子捡了起来，每条虫子都只有巴掌大小。只见他取出四个白瓷杯，抓住一只虫子用力挤了挤，那虫子吱吱叫，嘴里流出一杯琥珀般晶莹剔透的血浆。\r\n\r\n    药师如法炮制，将其他三只虫子肚子里的血挤出，将四个杯子放在秦牧面前，摇头道：“毕竟不是真正的灵兽，能够提炼出的灵血只有这么点儿。”\r\n\r\n    “牧儿，人体内藏有七大宝库，灵胎，五曜，六合，七星，天人，生死，神桥，这七大宝库天生就是被封闭的，像是被封闭起来的宝藏，因此被称作七大神藏。”\r\n\r\n    村长声音带着几分威严，在篝火的映照下，脸庞忽明忽暗，沉声道：“七大神藏处在封闭的状态，需要武者自己打开，阻挡武者开启神藏的障碍便是壁，灵胎壁，五曜壁，六合壁，七星壁，天人壁，生死壁，神桥壁。破开这七壁的过程，称为破壁。”\r\n\r\n    独臂马爷轻轻抚摸秦牧的头，笑道：“壁破不开，便无法修炼。有的人上天眷顾，一出生灵胎壁便是破的，天生便开启了灵胎神藏，这种体质，被称作灵体，天生神佑，是修炼的苗子。拥有灵体的人，天分要比普通人高出不知凡几，修炼起来事半功倍。灵胎有着四种属性，因此灵体也有四种，青龙灵体，白虎灵体，朱雀灵体，玄武灵体。想要检查是否是灵体，就需要这四灵血。”\r\n\r\n    药师道：“倘若你是青龙灵体，饮下青龙灵血后，便会激发青龙之气。马爷便是青龙灵体。”\r\n\r\n    独臂马爷解开衣裳，赤膊站在秦牧面前，转身背对着他，低喝一声。\r\n\r\n    秦牧立刻看到马爷的背后浮现出一道青气，从尾骨直达后脑，青气渐渐变化，变成一条青龙，鳞须纤毫毕现，一条龙爪延伸到马爷的独臂，还有两条龙爪缠绕在马爷的双腿上。\r\n\r\n    “这就是青龙灵体。”\r\n\r\n    独臂马爷穿上衣衫：“司老太婆是白虎灵体。”\r\n\r\n    司婆婆白他一眼，道：“老娘可不脱衣裳便宜你们这些老鬼。我用气显形给秦牧看看。”\r\n\r\n    她身躯微震，身后隐约传来一声虎啸，一头丈二吊睛白虎若隐若现出现在她身后。\r\n\r\n    “村子里的所有人，都是灵体。当年我们也曾荣耀过，但现在只不过都是一群又老又废的老头子老太婆。”\r\n\r\n    司婆婆笑道：“我们这些残老废没什么能够给你的，这四杯四灵血便是激发灵体的材料，倘若你是白虎灵体，喝下白虎灵血便会激发你灵胎中的白虎之气，若是朱雀灵体，朱雀灵血便可以让你灵胎中的朱雀之气活跃起来。玄武灵体也是如此。”\r\n\r\n    “喝吧。”\r\n\r\n    村长、司婆婆等人齐刷刷的向秦牧看来，露出期待之色。\r\n\r\n    秦牧心里直打鼓，虽然他跟随药师学习采药炼药的时候也被灌了不知多少奇怪的东西，但都没有这次奇怪。\r\n\r\n    他端起一个白瓷杯，里面的灵血火烫，是一杯朱雀灵血，秦牧一饮而尽，只觉一道火线入喉，直达四肢百骸，让他恍惚间觉得自己体内似乎燃起熊熊烈火，烧得自己的血都仿佛要沸腾了一般。\r\n\r\n    过了片刻，这种燃烧感散去。\r\n\r\n    “哑巴，他是朱雀灵体吗？”村长问道。\r\n\r\n    哑巴铁匠摇了摇头。\r\n\r\n    村长道：“秦牧，继续。”\r\n\r\n    秦牧印下第二个白瓷杯，里面是白虎灵血，喝到口中仿佛是在喝混着铁渣的铜汁铁水，涩，刺痛，入体之后全身都是刺痛感。不久，刺痛感消失。\r\n\r\n    “不是白虎灵体。”司婆婆摇了摇头，有些失望。\r\n\r\n    “秦牧，第三杯。”村长沉声道。\r\n\r\n    秦牧喝下第三杯大青蛇提炼出的青龙灵血，这杯灵血让他只觉肌肉又鼓又胀，血液又鼓又胀，五脏六腑被挤得难受，不过肿胀感也很快消失。\r\n\r\n    马爷露出失望之色，摇头道：“不是青龙灵体。”\r\n\r\n    “那么一定是玄武灵体。”药师难得的露出一丝笑容，面孔显得更加狰狞。\r\n\r\n    秦牧饮下最后一杯玄武灵血，玄武灵血让他身子轻盈起来，仿佛浸泡到江水之中，然而这种感觉也很快消失。\r\n\r\n    “他也不是玄武灵体。”药师摇头。\r\n\r\n    篝火旁的村民们都沉默下来，屠户道：“这么说来，他就是普普通通的普通人。”\r\n\r\n    司婆婆突然落泪，哽咽道：“我们都老了，废了，我们如果死了，他活不下去的，这里这么危险，他一天都活不下去……”\r\n\r\n    秦牧拉着她的手，低声道：“婆婆，别哭，婆婆和爷爷都是好人，都不会死……”\r\n\r\n    “好人？嘿嘿……”\r\n\r\n    马爷自嘲一笑，道：“我们这些废人被逼到大墟中，苟延残喘活到现在，大墟太危险，没有我们，牧儿的确很难活下去。我们应该把他送出大墟，外面安全很多……”\r\n\r\n    屠户冷冰冰道：“送他出去，我们会被仇家发现，都会死，他也会被我们连累，也会死。”\r\n\r\n    残老村再次沉默下来。突然村长道：“好。”\r\n\r\n    司婆婆纳闷：“什么好？”\r\n\r\n    村长露出笑容：“我说他的体质好，是个好苗子。”\r\n\r\n    屠户、药师等人都是一怔，不明其意，村长笑道：“我觉得牧儿应该是另一种体质，结合四大体质之长的霸体！”\r\n\r\n    “霸体？”司婆婆等人露出疑惑之色，他们都是见多识广之辈，但是也没有听说过霸体这个名字。\r\n\r\n    “对，是霸体。”\r\n\r\n    村长笑道：“普通的灵血很难激发霸体，需要集齐真正的四大灵兽之血，才能让霸体显现出来。大墟中没有四大灵兽，但是灵兽的后代却并不难寻，你们继续捕捉猛虎大蛇，炼出灵血，喝得多了，自然能够将他的霸体激发出来。”\r\n\r\n    村长很有威信，村里缺胳膊少腿的老头老太太听了都很是开心，司婆婆笑道：“明天我也陪死瘸子去捉老虎！牧儿，你也早点睡，明天还要喝灵血！”\r\n\r\n    众人散去，药师和哑巴铁匠将村长送回房间，哑巴离开，药师却没有走，低声道：“从来没有过霸体。”\r\n\r\n    村长点头：“是我信口说的。我不这么说，村里的人都很难活下去。”\r\n\r\n    药师怔了怔。残老村的村民各有来历，但都被逼得不得不进入大墟来到残老村，苟延残喘，他们本来怨天怨地怨苍生，怨气太重，能够活到现在，不能不说秦牧也有功劳。\r\n\r\n    正是这个手足健全的小娃娃的到来，冲散了众人心中的怨气，大家抚养秦牧长大，都将这个小男孩当成自己最亲的人，秦牧维系着残老村的村民脆弱的心灵。\r\n\r\n    倘若村民们知道秦牧只是最普通的体质，无法独自在大墟中存活，只怕这些家伙都会失控，不知道会做出什么事来。\r\n\r\n    药师面无表情道：“但是你瞒不了一辈子，我们迟早都会老死，只剩下秦牧。”\r\n\r\n    “所以你不要告诉他从来没有过霸体，永远也不要告诉他。”\r\n\r\n    村长沉声道：“让他相信，他就是独一无二的霸体！”\r\n\r\n    药师怔了怔，仔仔细细看了看他的脸庞。村长的脸庞在昏暗的油灯下显得格外有魅力，笑道：“我想看看，一个普通人在无以伦比的信念下会不会超凡脱俗，做出我们这些灵体也做不出的事情来！说不定将来，他真的能够走出一条凡体即霸体的道路来！”\r\n\r\n    药师呆了呆：“凡体即霸体？”\r\n\r\n    村长重重点头：“只要有信念，凡体即霸体！”',10),(26,'第三章 神通','药师有了自己的想法，道：“给他喝灵血，多多的喝，死命的喝！灵血每次都能多少提升一点他的体质，喝得多了，虽然激发不了灵体，但那身体素质一定比什么灵体都厉害！”\r\n\r\n    “一拳打死一条龙。”\r\n\r\n    村长笑道：“一定能够吓死大墟外面的那些王八蛋。”\r\n\r\n    两人相视一笑，药师走出房间，掩上房门。\r\n\r\n    第二天，村民们又弄来几只铁骨虎、青蛟蛇、雷鸟和金龟，这些老头子老太太有了目标，干劲十足，不过惹得药师发怒了：“让他一次喝太多灵血，会把他撑死的！”\r\n\r\n    拖来两只雷鸟的哑巴铁匠咧嘴，嘿嘿笑了，嘴巴里没有舌头。\r\n\r\n    “牧儿能撑得住！”司婆婆对秦牧信心满满。\r\n\r\n    药师瞪了他们一眼，不再说话，取出虫卵继续炼血，不过还是出了事。这次的四灵血有些多，秦牧喝了之后身体像是充气般膨胀起来，让老头老太太们都紧张万分，生怕他会嘭的一声爆炸。\r\n\r\n    药师取出几根中空的银针，插在秦牧背上和天灵盖上，只见这些银针的针孔滋滋的向外喷着红的蓝的紫的气流。\r\n\r\n    过了片刻，银针不再喷气，药师将针取下，又瞪老头老太太们一眼：“循序渐进，一步一步来，你们想一口将他喂成大胖子，只会将他撑死！现在他还有些撑得慌，你们都有得忙了，待会屠夫和他练练刀，马爷和他练练拳，瘸子，你陪他练腿，帮助他消化。”\r\n\r\n    “牧儿，来练刀了！”\r\n\r\n    屠夫双手撑地，竟然跳了起来，落在一根独木桩上，他没有下半身，上半身立在独木桩上，与秦牧差不多高。\r\n\r\n    屠夫双手握住两把杀猪刀，与普通的杀猪刀不同，普通的杀猪刀长不及尺，圆木柄，刀刃是圆弧，像是月亮被切掉四分之三。\r\n\r\n    而屠夫手中的杀猪刀与普通杀猪刀模样仿佛，但是却要大几号，刀长三尺两寸，刀背厚，刀刃薄，磨得铮亮，两口刀拼在一起像是两扇拱形门，大得吓人。\r\n\r\n    而秦牧手中的杀猪刀也是同样大小，不过只有一口刀，沉得很，一口刀二十来斤。少年寻常时期只能拎得起一口刀，而自从服用了四灵血力气比从前大了许多，单手拎起杀猪刀却也不觉得沉重。\r\n\r\n    “屠爷爷，小心了！”\r\n\r\n    秦牧单手持刀，向独木桩上的屠夫冲去。屠夫哈哈大笑，虽然只有半个身子却依旧显得豪气干云。\r\n\r\n    夜战连城风雨！\r\n\r\n    秦牧单刀上下翻飞，脚步移动，从向屠夫砍去，刀光越来越快，风声呼啸，连成一片。\r\n\r\n    “慢了，慢了，你太慢了！”\r\n\r\n    屠夫大呼小叫，双刀翻飞如雨，叮叮当当的暴击声如暴雨打梨花，厉声道：“快！再快！你的杀猪刀还可以更快！夜战连城风雨这一招，就是要快，杀猪刀要快得像是黑夜中的风雨一样，洒遍全城！给我再快一些！”\r\n\r\n    刀光更快，如同三条银龙围绕独木桩上下穿梭游弋，风声越来越大，嗤嗤的刀气混在风声之中，落地时只见地面突然间便多出一道道深深的痕迹。\r\n\r\n    那是刀痕。\r\n\r\n    “很好，就是要这样快！你的刀越快，刀气就会越强。不过你还不够快，要快到让自己的刀意如烈火，燃烧，再燃烧！”\r\n\r\n    屠夫如疯似狂，双手操刀舞，让秦牧眼花缭乱，叫道：“燃烧！燃烧！让你的刀燃烧，让你的气燃烧，让你精神燃烧！燃烧之后，就是神通！”\r\n\r\n    呼——\r\n\r\n    他的刀切过，刀与空气摩擦，竟然呼的燃烧起来，两口刀如同两条火龙穿梭来去，声势越来越惊人。\r\n\r\n    火龙向秦牧直扑而来，秦牧当无可挡，突然两条火龙冲天而起，撕裂残老村上空的黑夜，惊人无比。\r\n\r\n    秦牧呆了呆，屠夫的刀实在太可怕了。\r\n\r\n    村落上空，黑暗涌来，将火龙和刀光刀气统统吞噬。\r\n\r\n    那黑暗如有生命，似乎对屠夫举刀切向黑暗很是生气，无比压抑的黑向村落压来，如同要将村落吞噬一般。\r\n\r\n    不过村子四角的石像光芒突然变得明亮了一些，将黑暗逼退。\r\n\r\n    “贼老天！”\r\n\r\n    屠夫双手持刀，矗在独木桩上，仰天大叫，有些疯癫：“老子早晚要劈开这黑，早晚要杀回去！老子被砍断的是腰，丢掉的是双腿，但不是脑袋！老子要杀……”\r\n\r\n    “屠爷爷又疯了。不过屠爷爷的刀实在太快了，把刀法炼成了神通，我什么时候才能练得像他一样快？”\r\n\r\n    秦牧敬佩的看向发疯的屠夫，将杀猪刀放下，去找独臂马爷。\r\n\r\n    “屠夫的刀，要切出火焰才是神通，而我的拳，则是要打出雷音才是神通！”\r\n\r\n    马爷一脸严肃，独臂握拳，骨骼发出一阵阵噼里啪啦的爆响，淡然道：“牧儿，你何时可以做到将雷电握在手中，你的拳便算是小有成就了。屠夫的刀很快，而我的拳则是突破声音的局限，突破空气的束缚，爆发出无以伦比的力量！一只手也可以练拳，一只手也是一千只手，一手也可以发出雷音雷霆！”\r\n\r\n    轰隆——\r\n\r\n    一声闷雷传来，那是马爷轰出的拳头，如同雷声炸响。\r\n\r\n    轰轰轰！\r\n\r\n    一连串的雷音传来，秦牧肉眼难以捕捉马爷出拳的速度，拳头的残影竟然让他看到独臂马爷不再是独臂，而是长了千百条手臂。\r\n\r\n    马爷的拳头越来越快，那千百条手臂竟然掌心中握着雷电，嗞滋啦啦的电光，每一击都是雷声滚滚，电光四溅！\r\n\r\n    “这就是雷音八式中的千手佛陀！只要你的拳比声音还快，便可以掌控雷霆，一拳一掌，都可以摧毁对方的魂魄和身躯，让他万劫不复，永世不得超生！”\r\n\r\n    马爷收拳，沉声道：“用我教你的雷音八式攻击我，打出雷音，手握雷电，掌控雷霆！”\r\n\r\n    秦牧定了定神，今天马爷和屠爷爷传授给他的本事与从前相比都有所不同，从前他们都是教他练习刀法和拳法，而这一次竟然都提到了一个词。\r\n\r\n    神通！\r\n\r\n    这个词有些陌生，他是第一次听到。\r\n\r\n    秦牧施展出雷音八式，向马爷攻去，马爷尽管是独臂，但是秦牧任何攻击都被他信手挡下，毫不费力。\r\n\r\n    与屠夫不同，屠夫虽然看似癫狂，但是每次与秦牧对刀都很有分寸，从未伤到过他，但是马爷出手毫不留情，只要秦牧的招式有破绽便是一拳打过来，虽然拳头不重，但很快秦牧便被打得鼻青脸肿。\r\n\r\n    直到秦牧打不下去，马爷这才让他歇息。\r\n\r\n    “腿是风，是大地，是力量之根。”\r\n\r\n    瘸子拄着拐杖，他只剩下一条腿，但是教秦牧腿功的却是他，从前秦牧认为村里最正常的便是瘸子爷爷了，总是憨厚的笑，给人一种极为可靠的感觉。\r\n\r\n    不过自从瘸子江边憨厚的笑着捅死那个从牛皮里爬出的女人后，秦牧便有些不那么敢肯定了。\r\n\r\n    瘸子的笑，是笑里藏刀的笑，谁也不知道他的笑是真的还是假的。\r\n\r\n    他笑着对秦牧说：“牧儿，屠夫夸他的刀，马爷夸他的拳，而真正的神通是腿。砍不死对方，打不过对方，怎么办？当然要跑了，命才是最重要的！生活不仅仅有诗和远方，还有苟且啊！所以活着才是胜利！只要你跑得够快，你便可以在墙面上飞奔，在水面上飞奔，甚至可以在天空中飞奔！跑得足够快，一切都是平地，火焰和空气，都是平地！什么时候你跑到声音也在你耳朵后面追不上你，那么你便算是初步修成腿法的神通了。牧儿，来，上铁锭。”',10),(27,'第0001章 归来','天朝上国，魔都国际机场，一架庞巴迪私人飞机从天而降。\r\n\r\n    就是因为这架飞机，或者说是这架飞机里的人，导致但凡需要在这个时间点经停魔都机场的航班，全部延迟了整整八个小时！\r\n\r\n    航站楼窗口附近，整个魔都所有上流社会的精英，都聚集在此。\r\n\r\n    远远的从窗口看到那架飞机落在停机坪上时，在场不论商界或是政界的大佬，都是目光灼热神态癫狂。\r\n\r\n    “快看，回来了！”\r\n\r\n    “真的是医圣回来了！”\r\n\r\n    “太好了，医圣大人终于回我天朝上国了，真是扬我国威啊！”\r\n\r\n    整个魔都有头有脸的大人物，此刻都拥挤在航站楼窗口欢呼着呐喊者，他们今天或是放下手头的工作，或是推掉了几十亿的大生意，全部挤在这里，就是为了迎接那架庞巴迪里的人。\r\n\r\n    然而就在整个花都的精英人士们，都一个个挤满了航站楼，堵死了贵宾通道跟个傻子似的翘首以盼时，谁都没有留意到，有两个人直接从不远处的普通通道离开了这栋航站大楼。\r\n\r\n    两人悄然无声的离开航站楼后，走在前面的汉服男子便对后头的瘦猴问道：“黄芪，联系到何首乌了吗？”\r\n\r\n    “主子，何胖已经在外头候着了，你之前吩咐的事情他也都办妥了。”\r\n\r\n    瘦猴挂掉电话后，赶紧毕恭毕敬的回了句。\r\n\r\n    尽管前面那个男子并没有回头，但他仍是出于本能的做了个低头弯腰的小动作。\r\n\r\n    因为他知道，走在自己前面的那个男人，赫然正是让整个天朝上国，乃至于全世界都为之癫狂的存在。\r\n\r\n    他，就是那个单挑八国最高战力，并以碾压姿态完胜八大战神，甚至于八国派出最精锐的部队也没能阻止其回国步伐的男人！\r\n\r\n    最后在灯塔国总统府扇了那位总统一耳光，非但没挨枪子，反而让人毕恭毕敬派私人飞机送回来的医圣林浩！\r\n\r\n    两人不大会儿便低调的出了机场，走在前面的林浩，一眼就看到不远处那个倚着一台路虎揽胜的的胖子。\r\n\r\n    胖子这会儿正靠着路虎叼着小烟，看到林浩跟黄芪两人走出机场大门后，他赶紧弹飞烟头，然后大步流星一路小跑的朝两人飞冲过去，或者说是朝着林浩飞冲过去。\r\n\r\n    “主子，你可算回来了，我是真担心灯塔国那帮孙子会在你飞机上装个炸弹啥的，等的我真是恨不得马上跑去把他们那什么白色宫殿拆了啊！”\r\n\r\n    林浩没等那胖子一把鼻涕一把泪的往自己身上蹭，就不动声色的抬手使了个巧劲，无形中将胖子两百来斤的肥肉给拨到一边。\r\n\r\n    “这汉服可是我最喜欢的，还是去年伊丽莎白公主亲手照着天朝设计大师定制的图纸一针一线缝出来的呢，蹭脏了你担待得起么？”\r\n\r\n    “嘿嘿，主子说笑了，那位米奇国皇室长公主对你的心意，连我跟老黄都心知肚明，只要你愿意，直接娶过门了，以后让她天天给你缝衣服她都绝对乐意的！”\r\n\r\n    林浩猛翻了个白眼，照着何首乌屁股就踹了一脚，“少废话，赶紧送我去第一人民医院！”\r\n\r\n    “得嘞！不过主子，有个事儿得跟你知会一声……”\r\n\r\n    “放！”林浩白眼一翻，没好气的回了句。\r\n\r\n    “那帮大人物知道你要回来，有些想让你给他们家人治病的，预约电话都快把我手机打爆了！”\r\n\r\n    林浩闻言不禁眉头一皱，“你答应他们了？”\r\n\r\n    “那哪能？知道主子回来第一件事，肯定是去看我们的小公主啊，至于那些大佬，愿意等就让他们等着，不愿意等就拉倒呗，不过他们毕竟都是魔都有头有脸的大人物，这事儿主子你心里还是要有个数的。”\r\n\r\n    林浩闻言只是面无表情的点了点头，就算是做出了回应。\r\n\r\n    对此何首乌见怪不怪，丝毫不以为意的亲自为林浩打开了后排车门，而后他跟黄芪两个才一左一右分别坐在正副驾驶位上。\r\n\r\n    车子扬长而去，全然不顾整个魔都的各界大佬，都还苦苦等候在航站楼里翘首以盼，同时何首乌也是说起了林浩要自己提前回国打听的消息。\r\n\r\n    “主子，我回国后就以你朋友的身份联系上了林家，老爷子胃癌现在已经是晚期了，知道我的身份后，就表示希望你能回去接手家族产业，不过现在林家还不知道你的身份，只当你是那个家族弃少林浩。”\r\n\r\n    “林家？呵呵……”坐在后排的林浩给自己点了根烟，将一边车窗缓缓放下些许，眯缝着的眸子里，闪烁着一抹淡然，“五年前把我逐出家门时，他们可不会想到会有求我回去的一天。”\r\n\r\n    “那时候林然堂而皇之派人暗杀我的次数就有五次，我的好父亲可是从头到尾都视而不见呢，要不是濒死之际遇到了师父……”\r\n\r\n    说到这里，林浩似乎因为回忆起了一些往事而有些伤感，停顿片刻后狠狠抽了一口烟才接着转移话题道：“算了，还是说说我女儿吧，她叫……兮颜对吗？”\r\n\r\n    “嗯……”\r\n\r\n    正在开车的何首乌听到这话后，脸上神色顿时不由凝重几分，“兮颜小姐的情况，现在非常不容乐观，小姐从半年前开始就一直定期去医院接受治疗，但是那帮蠢材根本就治不了苯丙酮尿症这种病，拖了半年多，也只是让小姐的情况更加恶化了而已！”\r\n\r\n    听到这话，林浩不禁眉头紧锁起来，尽管他还不曾见过这个自己在世上唯一的女儿，可仅仅只是听到女儿的情况危在旦夕，他的心就不由得揪了起来。\r\n\r\n    原因无他，那个被取名林兮颜的小丫头，可是林浩跟自己此生唯一的挚爱所生啊！\r\n\r\n    只是当年为了挚爱被逐出家门后，林浩心灰意冷的疯狂酗酒，也是在那次喝的酩酊大醉时，才跟兰儿铸成大错，让那个可怜的姑娘为自己怀上了兮颜。\r\n\r\n    自己还有个女儿，这也是他被师父带到国外去的第二年才知道的。\r\n\r\n    而正是因为自己当年是酒后才跟兰儿铸成大错，导致了小兮颜的体质先天就很虚弱，生下来就被检查出患上了苯丙酮尿症。\r\n\r\n    这个病，别说是天朝上国了，就算以全世界目前的医疗水平，也是束手无策的，搁在别人身上，就只有数着日子熬天数的命了。\r\n\r\n    不过林浩是断然不会允许这种悲剧发生在兮颜身上的，因为她是自己的女儿，她是医圣的女儿！\r\n\r\n    “开快点，兰儿三年前失踪至今下落不明，我一定不能再让兮颜有事！”\r\n\r\n    林浩目光决绝的说话间，狠狠把烟头杵灭在车载烟灰缸里。\r\n\r\n    PS：新书历尽艰难终于还是跟大家见面了，新的征程，希望自己写的越来越好，也希望喜欢老黄的粉丝们越来越好，新书需要大家的支持，兄弟们，你们还在吗？',11),(28,'第0002章 你也配？','魔都第一人民医院。\r\n\r\n    林浩带着黄芪神色匆匆的迈开大步闯入医院大门，当初八国战神要联手对付自己时，他的情绪都没有如此激动过。\r\n\r\n    根据何首乌打听到的消息，林浩的女儿林兮颜，目前就在第一人民医院住院部三楼的ICU病房。\r\n\r\n    好在虽然林浩和兰儿都不在，但兮颜毕竟也是林家的孙女，按照老爷子的性子，是绝不可能放任林家的血脉病死或饿死街头的。\r\n\r\n    也正是因为得知兮颜这些年来，总归在林家的照拂下还能吃口饱饭，病情也一直在接受着最为全面的医疗护理，林浩这才按耐下了回国之前，先让人清理掉林家这个碍眼家族的想法。\r\n\r\n    住院部三楼，就在电梯门打开的那一瞬间，林浩脑子里已经构思出了无数种不同版本的开场白。\r\n\r\n    不过走出电梯的同时，一个熟悉的名字也是传入了林浩耳边，让林浩一脚迈出电梯的动作不由为之一滞。\r\n\r\n    跟在林浩身后的黄芪看到主子这般异常反应，下意识就绷紧了浑身肌肉，眉宇间不自觉的流露出几分杀机。\r\n\r\n    “雪丽，你确定那小丫头这次是真没救了吗？”\r\n\r\n    一个男人刻意压低嗓音的说话声响起。\r\n\r\n    听到男人轻声呼唤的那个名字时，林浩瞬间便是皱紧了眉头，如果这个雪丽真的是那个害的他当年被逐出林家，害的兰儿如今不知所踪的陈雪丽，那么林浩甚至连宰了她的心都有了！\r\n\r\n    “放心吧，苯丙酮尿症的患者，根本不能吃任何含有蛋白质的食物，这么多年一直是吃特供面粉做的东西活过来的，体质本就非常虚弱，上次我故意用一块甜品糕点换掉了她吃的特供食物……”\r\n\r\n    “你这么做不会有事吧？万一要是被林家知道了……”\r\n\r\n    女人话还没说完，就给身边的男人打断。\r\n\r\n    而两人之间的谈话声传到林浩耳朵里，则是让林浩不由自主的脑门青筋暴起，身上散发出一股独战八国战神时才有过的杀伐气焰。\r\n\r\n    “没问题的，这个锅是一个伺候小丫头的佣人帮我背的，至于那佣人嘛……现在已经人间蒸发了。”\r\n\r\n    陈雪丽说到这里适，嘴角不禁泛起几分阴险的浅笑。\r\n\r\n    “呵呵，那就好，你这小妖精还真是有一套啊！”\r\n\r\n    “哼，还不是为了我们两家的发展？”\r\n\r\n    走廊拐角后面的陈雪丽娇嗔一声，“现在林家老爷子的身体是一天不如一天了，到时候分家产，只要那小丫头没了，我就能顺理成章的继承林家属于林浩的那部分资产，虽然我不是小丫头的亲妈，但我跟林浩可是领过证的合法夫妻！”\r\n\r\n    “我们两家去年合作的那个项目亏损，可是直接导致两大家族元气大伤，到时候只要有了这笔资金，还愁我们陈家和曹家不能恢复元气？”\r\n\r\n    “高，实在是高啊！”男人的声音再次响起，语调里透着几分暧昧，“到时候我们就可以……”\r\n\r\n    “哼，讨厌啦！”\r\n\r\n    两人就这么开始打情骂俏起来，就在这时，一阵轻微的开门声之后，另一个中气十足的浑厚声音响起。\r\n\r\n    “谁是林兮颜的监护人？患者现在的状态，以我们国内目前的医疗手段，已经无力回天了，再治下去也是徒劳，麻烦监护人来签个字吧……”\r\n\r\n    “我是患者继母，我来签我来签！”\r\n\r\n    陈雪丽雀跃的声音跟着响起，随后便从小丫头的主治医师手里夺过诊断书和钢笔，看都不看一眼放弃治疗的协议，直接就要把自己的名字写在监护人那一栏上。\r\n\r\n    就在这时，在场三人都是没有来感觉背心莫名涌上一股寒意，一个无形的气场将他们全身包裹了起来，让三个人连呼吸都有些困难。\r\n\r\n    “你配签这个字吗？”\r\n\r\n    冷酷无情的声音在走廊拐角处响起，语气中透着股无尽的肃杀和冷漠。\r\n\r\n    三人闻声都是不自觉扭头一看，两个男人还有些诧异时，陈雪丽两只眼睛里的瞳孔就已经骤然放大几分，“你……你是林……林浩！”\r\n\r\n    “啪嗒！”\r\n\r\n    诊断书跟钢笔同时掉在地上，陈雪丽满脸诧异的看着对面的林浩，那表情就跟大白天的看见鬼了似的。\r\n\r\n    “你就是林浩啊，那个当年被林家逐出家门的弃子？”\r\n\r\n    没等林浩开口，之前跟陈雪丽打情骂俏的男人就上前一步，目光戏谑的挑衅道。\r\n\r\n    “自我介绍一下，我是城北曹家的曹世杰，想不到今天竟然能亲眼见到林家弃少这个大名人，幸会幸会啊！”\r\n\r\n    林浩两眼眯成一条细线，斜撇了那个标准小白脸长相的家伙一眼，“我对你是谁不感兴趣，你最好马上滚出我的视线！”\r\n\r\n    “呦，好大的口气啊！一个连自己女人跟孩子都保不住的废物，敢跟我这么说话？你知道曹家在魔都意味着什么吗！”\r\n\r\n    曹世杰眯眼盯着林浩，嚣张至极的挑起小拇指，“小子，信不信爷只要动动手指，就能让你看不到明天的太阳？”\r\n\r\n    这家伙讽刺林浩保不住兰儿和兮颜，毫无疑问是拔了林浩心中的逆鳞，当下林浩身上便是不自觉散发出一股冷厉杀机。\r\n\r\n    不过林浩刚要动手，却被陈雪丽一阵哭腔直接打断。\r\n\r\n    陈雪丽那表情就跟做贼被发现了似的，无比忐忑的跑到林浩面前，“老……老公，事情不是你想的那样，你听我解释！”\r\n\r\n    “够了！”\r\n\r\n    林浩骤然大喝一声，眼神冰冷的看着陈雪丽，“老公这个称呼，也是你有资格对我叫的？”\r\n\r\n    “要是我回来的再晚点，兮颜恐怕就要被你害死了吧？”\r\n\r\n    陈雪丽不知道林浩失踪了这么多年，是怎么知道自己还有个女儿的，甚至能叫出兮颜的名字。\r\n\r\n    但她此时此刻，可顾不上去考虑这些，只能一脸委屈的解释道：“不是的老公，不是你想的那样啊！”\r\n\r\n    “好了雪丽！”\r\n\r\n    就在这时，曹世杰突然上前一步，站在陈雪丽身边，“跟这个废物有什么好解释的？就算让他知道真相又能怎么样？”\r\n\r\n    “一个被逐出家门失踪多年，又突然回来的废物，他能做得了什么？”\r\n\r\n    刚打断了陈雪丽的欲盖弥彰，曹世杰就歪着脑袋对林浩笑道：“小子，林家应该还不知道你已经回来了吧？”\r\n\r\n    PS：这本书算是老黄尝试的一种新风格，希望能为大家带来不一样的惊喜，感谢所有陪老黄一路走到现在的粉丝，有你们，老黄很幸运！愿未来老黄的书依旧能带给大家欢乐！',11),(29,'第0003章 我真的会宰了你','“小子，林家应该还不知道你已经回来了吧？”\r\n\r\n    “是又怎么样？”林浩有些恶心的看着眼前这家伙，时时刻刻压制着想要出手宰人的冲动。\r\n\r\n    “是那可就太好办了！”曹世杰从林浩口中得到肯定的答复后，嘴角顿时泛起一抹狰狞的浅笑，“很简单，那个五年前被逐出家门的林家弃子，失踪后就一去不返，从头到尾都没有回来过！”\r\n\r\n    “这样……就没人打乱我们的计划了不是吗？”曹世杰说到这里，嘴角不禁泛起及份额狰狞的浅笑。\r\n\r\n    “哦？你打算怎么做？”\r\n\r\n    “怎么做……很简单啊！”\r\n\r\n    曹世杰嘴角含笑的拍了拍手，走廊另一头的拐角处，便走出了两个虎背熊腰的壮汉。\r\n\r\n    两个汉子行走间可谓是龙骧虎步，就算普通人也都能一眼看出是功底扎实的练家子。\r\n\r\n    “少爷，有什么吩咐？”\r\n\r\n    两人走到曹世杰身边，其中一人恭恭敬敬的对曹世杰问道。\r\n\r\n    曹世杰指了指对面的林浩，看都不看两个保镖一眼，“刚才的话你们都听见了？就这小子，怎么做不用我教你们吧？”\r\n\r\n    “明白了少爷，交给我……”\r\n\r\n    那人话还没说完，竟是直接消失在曹世杰身边，紧接着不到千分之一个刹那，曹世杰身后的另一个保镖也原地消失。\r\n\r\n    “砰砰！”\r\n\r\n    身后传来两声闷响时，曹世杰这才反应过来，自己身边竟是不知道什么时候，莫名其妙的消失了两个人。\r\n\r\n    扭头一看声音传来的方向，曹世杰不禁心头骇然欲绝。\r\n\r\n    只见自己那两个特种兵退役的保镖，竟然不知道什么时候，直接被人打的后背撞在墙上，两个虎背熊腰的汉子一滩烂泥似的倒在地上不省人事。\r\n\r\n    而那个之前跟在林浩身后，看似毫不起眼的家伙，则是站在曹世杰那两个保镖身边，一脸嫌弃的拍了拍手。\r\n\r\n    “两个废物，还不够老子活动筋骨的呢。”\r\n\r\n    此时此刻，曹世杰整个人都是懵逼的，不光是他，甚至于陈雪丽跟那个医生，脑子里也是一片空白。\r\n\r\n    刚才发生了什么？他们想象不到……\r\n\r\n    黄芪一边嫌弃的拍着双手，一边不怀好意的从曹世杰身边路过时，光那份气势就让曹世杰不由自主的打了个冷颤。\r\n\r\n    林浩对此倒是见怪不怪，根本就不管不顾眼前三人震惊的表情，径自饶过曹世杰跟陈雪丽走到医生面前。\r\n\r\n    那医生看到林浩朝自己走过来，还不由自主的往后退了几步。\r\n\r\n    不过接下来，林浩并没有表现出什么敌意，只是不轻不重的说了句，“我是林兮颜的父亲，患者病情现在是什么情况，病历拿给我看看。”\r\n\r\n    “哦哦，好的好的，先生你稍等，我这就去拿患者的病历！”\r\n\r\n    听到林浩表明身份后，那位医生再也没有任何顾虑，心里只想着赶紧逃离这个是非之地。\r\n\r\n    然而就在这时，他的耳边却是突然响起一个喊声。\r\n\r\n    “不行！”\r\n\r\n    看到那主治医师要去给林浩拿病历时，曹世杰竟是大喊一声直接抓住他的胳膊，“这个男人莫名其妙消失了五年多，孩子从生下来就没见过他一面，这种不负责任的父亲，根本不配来探视孩子！”\r\n\r\n    整个住院部大楼的氛围，都莫名的凝重肃杀了几分。\r\n\r\n    下一刻，谁都没看见林浩是怎么动作的。\r\n\r\n    等曹世杰回过神来，就已经被林浩单手掐着的脖子，将他百十来斤重的身子跟拎小鸡似的整个提了起来。\r\n\r\n    “我的忍耐是有限度的，如果你再不从我的眼前消失，我真的会宰了你，甚至毁掉整个曹家！”\r\n\r\n    说这话时，林浩不论是眼神还是气质，给人的感觉都丝毫不像是在开玩笑。\r\n\r\n    然而被整个人掐着脖子提起来的曹世杰，则是在手脚并用疯狂挣扎的同时，脸上还流露出一抹桀骜不驯的狰狞笑意。\r\n\r\n    “咳咳……区区林家弃子，也敢妄言毁掉我们整个曹家？咳咳……小子，别以为你练过几招，就……就能在魔都翻天了，装逼前……也不打听打听曹家如今在魔都意味着什么！”\r\n\r\n    看到曹世杰那副猖狂的嘴脸，林浩眸子不禁眯缝起来，眼底绽放出浓郁杀机的同时，掐着曹世杰脖子的右手五指，也是不自觉加重了几分力道。\r\n\r\n    他这一用力不要紧，曹世杰瞬间就感到呼吸极度困难，仿佛整个人置身于一个密闭的空间似的，不大会儿功夫，他那张小白脸就因充血而变的通红起来。\r\n\r\n    这时候的曹世杰再想开口，不论是求饶还是继续挑衅，都已经做不到了。\r\n\r\n    旁边的医生跟陈雪丽看到这一幕，都是瞠目结舌神情惶恐。\r\n\r\n    “老公，不……林浩，你别这样，你先放开他好吗？”\r\n\r\n    陈雪丽当下就要上前求情，然而林浩仅仅只是扭头瞪了她一眼，眸子里充满近乎实质化的杀机。\r\n\r\n    两人目光在空中交汇的瞬间，这女人便不敢开口了。\r\n\r\n    就在林浩打算不再压抑心中的怒火，干脆五指发力直接扭断曹世杰的脖子时，黄芪却是突然凑上前来在他耳边低声开口。\r\n\r\n    “主子，这里毕竟是魔都第一人民医院，如果你不想过早的暴露身份，还是别闹得太大了，交给我处理吧。”\r\n\r\n    听到黄芪的劝告，林浩那双充满杀机的目光，才渐渐平息了不少。\r\n\r\n    半晌后，就在曹世杰两眼翻白昏死过去，距离彻底死透就只差一线时，林浩终究还是松开了那只大手。\r\n\r\n    噗通一声。\r\n\r\n    曹世杰百十来斤的身子重重摔在地上，却没谁敢上去搀扶。\r\n\r\n    这时林浩才头也不回的对黄芪吩咐道：“你来处理吧，必要时可以用我的名义跟曹家打声招呼，该怎么说你自己把握。”\r\n\r\n    站在林浩身后的黄芪默默点了点头，而后便直接把地上的曹世杰单手拎起来扛在肩上转身离开。\r\n\r\n    没人知道他要带着曹世杰去哪，也没人知道他要对曹世杰做什么，更没人敢问。\r\n\r\n    正当陈雪丽跟那个医生两人目瞪口呆时，林浩突然投来的一个目光，瞬间让两人不由自主的打了个冷颤。\r\n\r\n    “我要的病历呢？”\r\n\r\n    PS：新书发布非常需要大家的推荐票和收藏支持，各位兄弟姐妹们，来与老黄一起走完这新的征程吧！官方书友群：184199046；期待每一位喜欢老黄作品的粉丝加入！',11),(30,'第一章 庆典出事','多年以后，再面对愈演愈烈的复杂网络犯罪时，年轻网警方天宇总会想起今天这个看似寻常却险象环生的上午。\r\n\r\n    当一道晨曦蓬勃而出，缓缓的释放出道道霞光时，耳畔总会传来市井早市的商贩叫卖声。\r\n\r\n    一个国家一座城市，最接地气最有人气的地方，或许就是楼宇间的早市场了，这里是市民生活幸福指数的风向标，也是晴雨表。\r\n\r\n    当一声声“微信收款XX元”、“微信收款成功”脆响的电子声音接连不断响起时，方天宇失望的摇摇头，眉宇间闪过一丝莫名的懊恼。\r\n\r\n    他是一名网警，公安机关的重要组成部分。说是重要，那也得方方面面认可才行。在很多人眼里，这个新兴的警种远没有刑侦、治安、禁毒知名度高。\r\n\r\n    以往路过这个狭长而人满为患的早市时，他经常去那家香味四溢的老滋老味早餐店，来上一碗胡辣汤，吃上一份香脆的油条，既满足味蕾需求，还经济实惠。\r\n\r\n    今天之所以做贼般加快脚步，全然是昨天责任心作怪，加上遇到诈骗的心里痒痒，用公安行业同志的话讲叫着急“摘了那果”，惹的祸。\r\n\r\n    差不多，就是这个时间。\r\n\r\n    也在这个地方。\r\n\r\n    一个江湖骗子，用加了冰片、去疼药粉的万能膏药，找了个几个托，骗的一群老头老太就诊的长队排成了一字长蛇阵。\r\n\r\n    方天宇明白处理这种事最麻烦的是取证工作，人证物证，必须人赃俱获。他顺手就把老骗子的二维码给掉包了，换上了自己的，然后联系上食药环的警员同行，直接把老骗子抓了个现行。\r\n\r\n    赃款都在它微信里了，统计起钱数和受害者容易多了。这年头，微信都有QQ和手机捆绑，谁也跑不了。\r\n\r\n    原本是一件服务大众的大好事，但平日里总守在电脑屏幕前面敲键盘的方天宇吃了个大亏——挡住了那些老年人的健康之路，天马上就变了，变得冰雹满天飞，痛痛快快的打在他脑门上。\r\n\r\n    准确说不是冰雹，是老年人的手里飞出的愤怒鸡蛋。\r\n\r\n    此刻，他利索的竖起了风衣领子，唯恐再招致一顿不用负法律责任的群殴，自然的，出于职业习惯，脑子里闪过了一句话：“网络来的太快了，市民防范素质没到位呢，各种无形欺骗已经无处不在了。”\r\n\r\n    正心情复杂，感觉预防网络犯罪科普工作任重道远呢，兜里的手机就响起了一阵类似催命，还有点像影视剧里鬼子进村的铃声。\r\n\r\n    这种专门设置的铃声，目的是提醒来电的是指挥中心，或者顶头上司，有急活来了。\r\n\r\n    坐在出租车上，老远的就看见龟形的会展中心彩旗招展，标语条幅强迫性的进入眼帘，一个巨型彩虹门给人一种喜感。\r\n\r\n    他是搞网络的，相信数据，什么事情都用数据分析，不像市里很多地方重视这些带有传统色彩的东西。据说，由于特殊地理环境的原因，会展中心上空出现了几次形如凤凰的云彩，后来也不知道哪家建筑学院设计的，小道消息说在命理中，凤凰对应神龟，这种设计可以保证会展中心平安无事。\r\n\r\n    对于这些路边社消息，方天宇向来不信，却依旧是被空气中弥漫的气氛感染着。今天是临海城市创建文明城市庆祝大会，市里领导亲自莅临大会，向市民们致谢，总结经验，巩固活动成果。\r\n\r\n    文明城市获评是一座城市软硬件设施的最好检验最好媒介，以后城市更有活力，入住企业会更多，无形中市民们是受益的。\r\n\r\n    新媒体时代来了，发展的日新月异，互联网步入了生活，从一开始的电脑PC端，逐渐变成3G、4G。\r\n\r\n    这几年，要是有人说拿着一部高端智能手机，什么事都能办成了，必定被别人当成了怪人，送去几道难以置信的目光。\r\n\r\n    会场上人山人海，各方代表齐聚一堂，西装革履的官员职员，款款而谈的的客商，闲聊着临海城市日新月异的变化，时不时的朝着宽大的主席台瞄几眼。\r\n\r\n    会场两侧的LED大屏幕上正滚动播出着城市形象宣传片，片子播完了，意味着盛典即可开始。\r\n\r\n    外面万众瞩目，工作人员正奋力抓住一切机会，不失时机的宣传临海市经济环境上的新气象，会展中心里一处宽大的会议室中，副市长高峰正忙乱带着几丝兴奋。\r\n\r\n    若是一般的会议，他代表市里讲个话，表个态度就行了，但今天的活动非同凡响：具有重大意义的创城活动，从头开始都是他负责抓的，事无巨细，通过各部门努力，在全体市民配合下，才提前完成了任务。\r\n\r\n    这个会议开完了，临海城市历史上就会有他浓墨重彩的一笔。\r\n\r\n    “同志们，万无一失，万无一失，一百减一等于零啊，只要不到会议结束，哪个部门也不能给我出了问题，谁出了问题，他就是历史罪人，本人会依照权限建议撤他的职……”高峰双手一摊，目光严肃的巡视着各组负责人。\r\n\r\n    这些人囊括里全市各职能局委办负责人，分管管着交通、通信、卫生、文化、治安专项的工作。\r\n\r\n    当他目光在某局局长脸上停住时，那个胖乎乎，满脸疲倦，强打精神的局长，揉了揉额头，冲高峰委屈的一笑，“领导啊，本局负责出版、文化、公共场所，十几项吧，一直都是连轴转呢，白加黑，五加二，没累倒算不错了，就说最近吧，该检查的检查差，该查封的，一点都不含糊。”\r\n\r\n    没错，昨晚高峰带着巡查小组暗中查访时，遇到了该局好几伙人，一家家的清理网吧、网咖、游戏厅、台球厅，严格检查，认真仔细。\r\n\r\n    这些公共场合人员聚集，管理上容易出漏洞，还容易引发火灾火情，赶上市里有重要活动，迎接考察团检查，自然要严加管理。\r\n\r\n    简单的说了本局工作成绩，胖局长微笑的脸上立即板了起来，拍着胸*脯保证，“领导，真要是出了问题，随便市里处罚，我马上就告诉坚守岗位的兄弟们，市里要是撤我的职，我也得先撤了他们，统统给我滚蛋。”\r\n\r\n    这番话有些狡猾，还幽默风趣，听得高峰悬在空中的手，慢慢的放下了，丝毫不恼火，转头交代宣传组人员，“到场的新闻界朋友多了，报社电台电视台的，一定要照顾好，明天全国主流媒体上，务必全面开花，上联播上头条上要闻，这就是你们的工作目标。”\r\n\r\n    宣传组长是个漂亮的中年女性，轻轻甩着清爽利索的波波头，笔尖刷刷游动，快速的记着，发现手机一个劲的震动，低头看去，那张兴奋的脸上突然僵住了。她呆呆的站了起来，有些胆怯有些无奈的结巴道，“领导出事了，有人被骗跳楼，舆情有点控制不住了，我们的人已经到了，关键是记者们知道这事了，有人微薄直播了……”',12),(31,'第二章 网案井喷','刚才还充盈着胜利喜悦的气氛突然变了风向，高峰的拳头重重的摁在桌子上，红润的脸上的变得铁青，似乎能刮出一道道的冰碴来。\r\n\r\n    谁都看出来了，要不是外面还有大批客商在，他早就勃然大怒，把这些添乱的部门骂个痛快。\r\n\r\n    抬头看了眼对面墙上的挂钟，他拿起水杯呷了口水，深深呼了口气，冷声问这到底怎么回事。\r\n\r\n    一二个小时前，临城学院大三女学生徐花花因为欠了校园贷，遭遇非法债主威胁，发裸 体视频、拨打亲朋友好友电话、闹到学校寝室……这还不算，不知道谁捣的鬼，校园广告牌上到处挂满了徐花花上门服务的小卡片。\r\n\r\n    明知道那些赤裸视频被挡住了头部，并不是她的，但这个思想传统的学霸，还是忍不住这种惨无人道的侮辱，心一横，对生活再也没有了任何希望，决定从楼上跳下来。\r\n\r\n    她只想以死证明清白，但热心市民，尤其是那些热衷“活鱼”的新闻记者们，报道这个比报道一个中规中矩的庆典兴趣大多了。\r\n\r\n    记者们蜂拥而去，对于庆典活动的损失，还不是致命的，最要命的是此时出了这么一个爆炸性新闻，意味着临城市创城活动存在问题，根本就不成功。\r\n\r\n    这若放在平时，当成重大新闻事件处理就行了，可那些青睐挖深度的名记们，绝对不会单独报道这件事了。只要用脑子想想就会觉得后背发凉：好事变成了坏事，这场轰轰烈烈的创城将饱受巨大非议，陷入舆论漩涡。\r\n\r\n    就在高峰脸上变成猪肝色时，有人站在门口，小声惊呼，“……LED大屏幕出问题了，正在播出……”\r\n\r\n    一行人冲到外面，看着大屏幕上的内容，顿时炸庙了：大学生徐花花正在飞身而下，血溅三尺的残酷场面。\r\n\r\n    而后，屏幕上打出了一行字：“混蛋，临海市是你们的，也是我们的，侵占了我们的空间，无论你是谁，会统统死掉……”\r\n\r\n    后面，是几个骷髅头的图案。\r\n\r\n    今天的活动，市公安局光安保人员就派了几十人，巡警、治安、刑警分成各组，全力戒备，远处停放的警车无形中散发着一股子特有的威严。\r\n\r\n    一眼看到了市局副局长郭忠诚，高峰毫不客气的指着他，“老郭，这就是你的事了，捣乱的事接连不断，你，务必给我把人抓了。”\r\n\r\n    乍一想，连续两件大事事发突然，但郭忠诚一直在思考，刚想了一会，就大胆的把两件事合并在一起，就是警方常说的“并案”。\r\n\r\n    尤其是有人在大屏幕上公开挑衅，性质是何等恶劣，别说高峰已经训到了他头上，就算是不说，警局也受不了这种挑衅，必须马上组织侦破。\r\n\r\n    大人物见得场面多，越是这种情况下越能考验应变能力，高峰硬着头皮，一脸歉意的走到观众、来宾前面先鞠躬，后带着检讨的口气说明情况了。\r\n\r\n    事不宜迟，郭忠明这会跟前已经围成了半圆形的人，全是各组负责人，他们用最快的速度说着观点，几句话下来，侦破方向已经无比明确：马上对这里进行地毯式排查，出动特情线报人员，查找和这些事有关的线索。\r\n\r\n    郭忠明个子不高，黑瘦干练，听完紧急情况下的汇报，满意的点了点头，命令各组马上行动。\r\n\r\n    人呼呼啦啦的散了出去，远处的警车启动警报，市局的支援力量正在源源不断的赶来，气氛一下子紧张的如临大敌。\r\n\r\n    “该死的，下手太狠了，多少年了，临城市就没有这么凶残大胆的家伙，我怀疑……”郭忠明尽管有思想准备，绝对没想到这么棘手，好不容易安排好了人手，不由的发起了牢骚。\r\n\r\n    汗珠子挂在他发梢上，亮晶晶的，足以看出来他现在心急如焚。\r\n\r\n    这些带有犯罪性质的事件接连不断，剑指这次全市瞩目的庆典，责任无疑就落在了郭忠明身上了，高峰等他安排完了，擦着额头上的汗，气咻咻的责怪起来，“郭局，不管你们用什么办法，今天就得给我缉拿到凶手，否则……”\r\n\r\n    说话间，他看到站在了郭忠明旁边的方天宇，眼见他拿着个大号的手机，手指利索的点着屏幕，不由的无名火起，话语矛头指向了这个行动缓慢，不，准确说是没把领导放在眼里，在这里偷懒的家伙，“小子，告诉我，你，你在做什么？”\r\n\r\n    一线安保的同事必定对现场进行了数次的安全检查，按照常理，昨晚或者今早，警犬基地的防暴犬已经进来辅助检查了，当然，还包括各种电子检测。\r\n\r\n    为什么现场又发生屏幕被黑的事，从一开始，方天宇就想到了黑客了，但没有把握之前，他暂时没说出来。\r\n\r\n    之所以这么做原因很多，比方说郭忠明副局长部署起案件侦破，首先想到的是刑侦、治安等部门，把网警这个新兴团队一直当成“防病毒”、弄电脑的，情急之下还没想到他们。\r\n\r\n    高峰这个级别的领导很少直接和一个警局大队长级别的人对话，这回真就是急眼了，难免有些迁怒了。\r\n\r\n    方天宇盯了半天手机，发出了各种指令，网警大队的兄弟们闻警而动，键盘敲的响成一片，他自己难免陷入操作与思考中，隐约听到有人叫自己，不由的脱口而出，“对，他们没停止，动了他们的奶酪，正在进行新一轮的报复。”\r\n\r\n    在外人看来，这个瘦高个的队长有些魔怔，有些专注，丝毫没有开玩笑的意思，听得高峰脸皮一僵，只觉得心跳加快，脑子有些眩晕。\r\n\r\n    “天宇，光天化日的，市长在呢，这是什么场合，说话……”郭忠明瞪着方天宇，手轻轻的抬起，狠狠的点着他，提醒他别瞎说。\r\n\r\n    “局长，我们正在进行技术拦截，情况不好。”方天宇一脸苦涩的迎着郭忠明目光看了过来，显然有很多话要说，但这家伙张嘴的时候，似乎变得冷静了很多，流露出了请你放心的表情。\r\n\r\n    郭忠诚仔细想想方天宇，这家伙做人做事和别人不一样，人不活跃，整天埋头工作，叫人觉得踏实。再回想，他从来没给领导添过麻烦。\r\n\r\n    “小方，长话短说，现在不用你汇报，只要你们感觉对，马上按照计划行动，务必减少损失。”郭忠诚神色凝重的宽慰道。\r\n\r\n    “小郭，你什么意思？这小子偷懒不干活，这是态度的问题，还口出狂言，就凭这一点，现在就给我扒了他的衣服。”高峰根本就没心情听，对着郭忠诚就是雷霆震怒的批评。',12),(32,'第三章 观念冲突','南郊文化市场里的午夜精灵网吧内，乌烟瘴气中几个人影姿势各异的坐在电脑前面，熟练的敲着键盘，如同资深音乐家拨动琴弦一般，熟练、迅速。\r\n\r\n    一个长头发络腮胡的高个青年把一盒方便面重重的顿在电脑桌上，高声叫嚣，“临海市容不下我们，那就叫他毁掉吧！叫他们头疼，叫他们发疯，叫他们知道网侠不是吃醋的。”\r\n\r\n    旁边一个脑袋上挂着头套牵引带的年轻人，揉了揉生疼的颈椎，拍着桌子附和道，“黑暗骑士，沉寂这么多年了，咱们与世无争，是他们逼的，这是严重鄙视你的存在……”\r\n\r\n    他手指修长，皮肤白皙，看起来更像个三流钢琴师。\r\n\r\n    说完，他从成堆的烟盒中检出几个薯片，扔在嘴里咔咔吃着，抬头看向了临海市电子地图，脸上闪过了一丝别人难以察觉的狡诈。\r\n\r\n    别人更难以察觉的是，他依旧保持着一脸冷漠，手指灵动的在手机上打出了一句话：“黑暗骷髅系列计划已启动，死人、恐慌、摧毁他们的重点目标……”\r\n\r\n    在他们看来，午夜精灵网吧就是他们所有的一切，是精神的寄托，是赖以生存的家园。在别人看来，他们是一群整天混在网吧里电脑前的年轻人，无所事事，不思进取。\r\n\r\n    十几天前，市里几个联合单位组成的联合工作组，检查到了这里，掐了网线，贴上封条，下了停业整顿的通知，弄的他们心情极度不爽。\r\n\r\n    整改内容涉及不少，只要按照要求弄好，很快就会开门营业，检查员做了耐心的解释，但在这群键盘侠看来，就是对他们赶尽杀绝。\r\n\r\n    叫黑暗骑士的小伙子，是这群人的头，想起那天的事，目光看向了几个踩碎的优盘，铁青的脸上浮起了不共戴天的仇恨，“代码、程序，老子容易吗，浪费了我多少脑细胞……”\r\n\r\n    “还有碗面……”\r\n\r\n    “老大，咱连创可贴钱都没赚回来……”\r\n\r\n    “疯了，他们是疯了，根本就不懂黑客的厉害……”\r\n\r\n    “叫他们去死吧，一群无知的人……”\r\n\r\n    一台台电脑前，众键盘侠发出了共鸣的叫骂声。\r\n\r\n    ……\r\n\r\n    在这场见不到对手的博弈中，双方都用出了看家本领，而方天宇因为高峰的施压，如同脑袋上扣上了紧箍咒，不得不满脸苦闷的听着高峰继续训话。\r\n\r\n    “公共设施、水电、通讯，凡是和老百姓有关的目标，全给我看好了，对，还有各单位的电脑，快……”尽管领导的威压像一把无形利剑悬在头顶，他还是快速的发出了指令。\r\n\r\n    年近五旬的高峰此时已经有些乱了方寸。这样也好，听方天宇狡辩还要出事，竟然冷冷的逼问他会出什么事。\r\n\r\n    “拿来，我现在严重怀疑你就是穿着制 服的酒囊饭袋。”高峰顾不上身份了，生硬的夺过来方天宇的手机，气急败坏的摔在了地上。\r\n\r\n    客商、会议代表，正满腹牢骚的散去，就听着有人惊恐的叫了起来，“天呢，这玩意怎么着了……”\r\n\r\n    众人回头望去，就见左面那个大屏幕正在呼呼燃烧，看样子应该是电阻丝连接在了一起，迅速发热，引起火情。\r\n\r\n    一个LED值不了多少钱，可这是挑衅，是给高峰为代表的市里上眼药，是在世人面前送来最大的嘲讽。\r\n\r\n    “小子，作为人民警察，你这就是渎职，严重不作为，马上给我……”高峰怒不可遏的做出了决定，滚蛋二字没说出来呢，就见一个秘书模样的年轻人举着手机，着急的汇报道，“市长，市政大厅所有办公电脑中毒，经过网警紧急抢救，已经暂时恢复正常……”\r\n\r\n    乱成一团麻的乱局中，又出现一个重大情况，好在补救及时！高峰微微抬头，口气复杂的自语道，“这也是你们干的？有这么神奇吗？”\r\n\r\n    郭忠明从方天宇表情和小动作上就猜了个差不多，赶紧低声汇报，“是，方天宇手下的网警干的，目前看应该是网络黑客、黑手作案，小方他们重点保住了全市重要目标。”\r\n\r\n    “真有这么神？能操控会场？能远程破坏电脑？对，小伙子，那个跳楼怎么回事？”高峰表情缓和了不少，显然是想明白了一些事，看向方天宇的目光柔和了不少。\r\n\r\n    市公安局顶层一处办公室内，五六个警服男正在盯着屏幕欢呼，靠近门口的是个四十多岁的一级警司。他五官凸出，眼神有些木讷，一看就是少言寡语的人。\r\n\r\n    他兴冲冲的走到门口，捡起一个满是灰尘的暖水瓶，掂了掂，发现没水，满嘴的牢骚，“网警啊，办案不给车，领导就是不待见，案子破了，连口水都没得喝。”\r\n\r\n    “黄老邪，滚回来，滚回来，小心又叫你掏下水道去。”卡台里站起了个白胖胖的小子，压低声音的训着他。\r\n\r\n    说着，拿出了嘴里含着的棒棒糖。\r\n\r\n    此人网名闪电，网警是他公开的身份，很少有人知道，他在国内外无数个黑客论坛中小有名气的黑马人物。\r\n\r\n    再看黄老邪，也就是老网警黄大年，下穿警裤，上身灰不拉几的衬衫外面套着一件骨灰级的马甲，这形象绝对是警员中的另类人物。\r\n\r\n    网警大队里形象好，阳光帅气的人少，大部分都是个性十足的电脑高手。他们无论是在单位考勤，还是绩效考察，在各部门总是低人一头。局里一遇到冬天扫雪，夏天清下水道这种事，领导准会想到这些人。\r\n\r\n    一连串的疑难案件瞬间出现了曙光，高峰尽管还在担心怎么补救今天的事，但总算看到了希望，旋即就追问上来了，“小同志，跳楼的事也是对方操纵的？”\r\n\r\n    方天宇心里五味杂陈，他心情沉重的捡起地上破碎的手机，摆弄了下，无比遗憾道，“查到线索了，作案者的IP地址，账号密码，把这些和受害者徐花花的信息关联一起，数据吻合……”\r\n\r\n    经过了冷落、质疑的打击，方天宇说话谨慎了很多，到了最后只是说了声“我们有点把握”，如果把黄老邪他们查到的受害者的行动轨迹、网上联系人、生理周期、环状社交图说出来，只怕是这些领导们闻所未闻的说法，还得挨上一顿狂风暴雨的责怪。',12),(33,'第一章 反正挺神奇的','“孙教授，这一次对国宝《千里江山图》的修缮保养，您真去不成了？”\r\n\r\n    金陵大学考古文物系一间办公室内，一位儒雅的中年男子看着坐在椅子上的头发花白的老教授，略带遗憾地问道。\r\n\r\n    孙教授呵呵一笑，有些无奈地说道：“年纪大了就是不中用，下个楼都能摔倒，还把腿给弄骨折了。这次是见不着那些老朋友了，不过，我倒可以给你推荐一个人，他的水平完全不在我之下。”\r\n\r\n    “哦？是哪位大师？”中年男子精神一振，连忙问道。\r\n\r\n    孙教授去不成，如果有另外一个水平跟他相差无几的大师愿意去，那也是可以接受的。\r\n\r\n    孙教授六十多岁的人了，此刻居然跟个小孩子一样，神秘一笑：“我的学生，向南。”\r\n\r\n    “您……您的学生？您带的博士生？”\r\n\r\n    中年男子噎了一下，很快又猜测道。\r\n\r\n    如果本科阶段开始就跟着孙教授学习的话，到了博士生的阶段，也差不多有八九年的时间了，这水平虽然肯定不如孙教授，但也应该差不了太多。\r\n\r\n    孙教授哈哈大笑起来，一脸促狭地说道：“本科生，大三，今年20岁……唔，好像月底就21岁了吧。”\r\n\r\n    中年男子目瞪狗呆！\r\n\r\n    长时间保持的儒雅形象，不允许他做出什么失态的言行，但内心里依然忍不住疯狂吐槽：\r\n\r\n    “未满21岁的古书画修复大师？”\r\n\r\n    “水平还跟浸淫此道四十多年的您相差无几？”\r\n\r\n    “孙教授，您这是在逗我吗？”\r\n\r\n    孙教授仿佛知道中年男子在想什么似的，哑然失笑：“小贾，我还真不是在逗你玩，我说的都是真的。”\r\n\r\n    说着，他摇了摇头，一脸复杂地说道，“我的这个学生呀，怎么说呢，反正挺神奇的，你见了就知道了。”\r\n\r\n    中年男子听后，反倒来了兴趣，看来孙教授还真没骗他，莫非这个向南，真有那么高的水准？\r\n\r\n    他好奇心大起，饶有兴致地笑道：“既然孙教授这么说了，那我非得见见向南不可了。不过我可得事先说明啊，他要是通不过我的考验，我可是不会给他去故宫参加修复国宝的通行证的。”\r\n\r\n    “那是当然，通不过考验，我自己就不会让他出去丢人现眼！”\r\n\r\n    孙教授脸上浮现出淡淡的自信，“我的学生，还用不着走什么后门。”\r\n\r\n    中年男子笑而不语，转头看向窗外。\r\n\r\n    四月的金陵大学，春意盎然，几簇不知名的花儿，从墙角里露出头来，随风摇曳，快活得像是十八九岁的小姑娘。\r\n\r\n    向南，向南，你究竟是一个什么样的人？\r\n\r\n    ……\r\n\r\n    此时的向南，浑然不知自己的老师已经将自己“出卖”了。\r\n\r\n    而且，还私下里给他安排了一场考验。\r\n\r\n    今天是周末，向南没有去学校，孙教授腿伤了，也没办法去金陵博物院文物保护部，他就躲在自己的房间里，准备拿一副已经破损不堪的清代画作来练练手。\r\n\r\n    纸质文物修复，说起来也是一项经验技术，只有平日里多加练习，才能够更加得心应手，来不得半点马虎。\r\n\r\n    将书桌清理干净后，向南把一团黑乎乎的东西，从包里拿出来，小心翼翼地在桌面上摊开。\r\n\r\n    如果是其他人看到，绝对会大吃一惊，这哪里是一副古画？\r\n\r\n    分明是一张抹布嘛！\r\n\r\n    说是抹布还是客气的，再难听一点，说是垃圾也不为过。\r\n\r\n    抹布那也是干干净净的，这幅画却是黑乎乎的一团，就像是被火燎过一遍后，又被水泡了一夜一样，完全看不出本来面目。\r\n\r\n    “高难度动作啊！”\r\n\r\n    向南扯了扯嘴角，摇了摇头。\r\n\r\n    这幅画，也不知道是孙教授从哪个旮旯犄角里弄来的，说是给他的周末作业。\r\n\r\n    看来，这两天时间，是别想睡觉了。\r\n\r\n    向南将画平展在桌子上后，转身拿过烧水壶，就准备出门先烧一壶开水。\r\n\r\n    刚来到外面，老爸向海洋就从厨房里探出头来，右手的袖子高高挽起，手里举着一条两三斤重的胖头鱼，大声问道：“儿子，帮老爸看看，这条鱼，是不是野生的？”\r\n\r\n    向南转头瞄了一眼，很快回答说道：“小鱼塘里吃饲料的。”\r\n\r\n    向海洋脸上的肥肉抖了两抖，低声骂道：“特么的老牛，竟然敢骗我，下次我就专卖给他一个人注水肉！”\r\n\r\n    说完，他就钻回了厨房，菜刀剁得“当当”直响。\r\n\r\n    他肯定又拿鱼出气了。\r\n\r\n    向南为那条可怜的胖头鱼默哀了三秒钟，继续不动声色地装水。\r\n\r\n    “儿子，下次别理你老爸，天天给他看那些烟啊酒啊鱼啊的，这是把我儿子当成啥了？我儿子又不是人形产品质量检测仪！”\r\n\r\n    老妈杨秀芝坐在沙发上敷着面膜，手里还拿着手机在刷刷刷，“来，儿子，给你妈看看，我买的面膜是不是小作坊做的呀？怎么我脸上的皮肤还是粗糙得像草纸一样啊？我要打12315投诉他们！”\r\n\r\n    “……”\r\n\r\n    向南一看装好了水，假装什么都没有听到，淡定地回到房间里，“啪嗒”一声将门锁上，这才松了一口气。\r\n\r\n    这是老爸老妈的日常操作了。\r\n\r\n    从小时候发现他的右眼睛有些异于常人之后，老爸老妈从一开始的担惊受怕，到如今也已经习以为常了。\r\n\r\n    没错，他就是我们的儿子，亲生的！\r\n\r\n    绝对不是打酱油送的！\r\n\r\n    “到底怎么想的？打酱油也不可能送你一个这么帅的儿子啊！”\r\n\r\n    向南嘴角微微上翘，露出一丝浅笑，转头看到电热水壶的壶嘴里已经开始冒出白烟了，这才起身从抽屉里将排刷等工具拿出来，放到趁手的位置上。\r\n\r\n    刚刚做完准备工作，扔在床头的手机忽然响了起来。\r\n\r\n    向南愣了愣，居然忘了关手机了。\r\n\r\n    修复古书画时，需要全神贯注，一丝不苟，老师们都会要求将手机关掉或者静音，以免在修复关键部位时，受到惊扰。\r\n\r\n    这要是在修复价值连城的古书画时，被手机铃声吓得手一抖，一幅艺术魁宝也许就毁掉了。\r\n\r\n    “以后干脆都静音好了。”\r\n\r\n    向南一边想着，一边走过去拿起手机一看，电话号码显示的是孙教授办公室。\r\n\r\n    “向南啊，赶紧来我办公室一趟，有个考验等着你！哦，对了，我昨天给你的那幅古画还没动吧？一起带过来！”\r\n\r\n    向南还没来得及问清楚怎么回事，孙教授就挂断了电话。\r\n\r\n    考验？什么考验？\r\n\r\n    向南一脑袋浆糊，但手底下一点也不迟疑，三下两下收拾好东西，把书包往身后一背，就出门去了。\r\n\r\n    “爸妈，我去学校了，午饭就不在家吃了！”\r\n\r\n    “哎！这臭小子，我刚刚才做好了鱼头炖豆腐呢！”\r\n\r\n    向海洋手里端着一个大盘子从厨房里走了出来，硕大的鱼头在乳白色的汤汁里载沉载浮，上面还撒着几根翠绿的香葱，娇艳欲滴。\r\n\r\n    老妈杨秀芝瞟了一眼，撇了撇嘴，一脸嫌弃：“小池塘里吃饲料的！”',13),(34,'第二章 开水洗画','“不用急，他很快就到了。”\r\n\r\n    孙教授挂断了电话，笑眯眯地对着小贾说道。\r\n\r\n    “我不急。”\r\n\r\n    中年男子，孙教授口中的小贾，也笑呵呵地应道。\r\n\r\n    他全名叫贾昌道，今年四十五岁，是京城故宫博物院文保科技部副主任。\r\n\r\n    不论是年纪还是行业资历，在孙教授的口中，也只能是小贾了。\r\n\r\n    这一次，他专程从京城南下，就是为了邀请几位国内古书画修复大师，一起到故宫为修复国宝《千里江山图》出谋献策。\r\n\r\n    前两天时间，他已经在魔都博物馆拜访了几位老爷子，他们都满口答应会按时进京。\r\n\r\n    这次来金陵，本打算邀请孙教授也一起前去，谁料却遇上了这么一件有趣的事儿。\r\n\r\n    古书画修复装裱这个行当，延绵近两千年，时至今日，仍然秉承着古老的师徒传承制，由师父手把手地传授修复技术。\r\n\r\n    也正因为此，国内大师级的古书画修复工作者，加在一起也不超过百人，其中大多数还都是年过半百的老头子。\r\n\r\n    华夏泱泱五千年文明，留下的艺术魁宝数不胜数，哪怕这百人不吃不喝不睡，300年也修复不完所有的古籍古画！\r\n\r\n    人才奇缺呀！\r\n\r\n    现在，贾昌道忽然听到有人说，金陵大学有一个不满21岁的年轻人，古书画修复水平不亚于孙教授，这怎么能不让他兴奋？\r\n\r\n    什么不着急？不存在的！\r\n\r\n    他已经迫不及待想要看一看，这个向南，究竟有什么样的本事，让孙教授如此不吝夸赞？\r\n\r\n    这种迫切的心情，如果打个比方的话，就好像洞房花烛夜时，皮带的卡扣突然卡死了。\r\n\r\n    更可恶的是，买的皮带太高级，居然还剪不断……\r\n\r\n    ……\r\n\r\n    向南的家离金陵大学不远，骑自行车也只需要十五分钟的时间。\r\n\r\n    等他来到孙教授的办公室时，才刚刚过去二十分钟。\r\n\r\n    “孙教授，我来了。”\r\n\r\n    向南恭敬地向孙教授打了个招呼，以后才朝坐在一旁的贾昌道微微点头。\r\n\r\n    看着脸不红气不喘，表情淡然的向南，贾昌道也在心中暗赞：“不疾不徐，稳重大方，确实是一个好苗子。”\r\n\r\n    能够从事古画修复行业，稳重、耐心、心细是必不可缺的，太过跳脱的人，也不可能忍受得住短则一两个月，长则半年一年的古画修复工作。\r\n\r\n    说他是好苗子，也只是第一眼的印象。\r\n\r\n    贾昌道好歹也是四十多岁的人了，不可能因为孙教授的一句话，就坚信向南就是个古书画修复大师。\r\n\r\n    一切还要等考验结束以后再说。\r\n\r\n    贾昌道正想着，孙教授就开口了：“那幅画带了吗？”\r\n\r\n    “带了。”向南点了点头，将身后的背包取了下来，“在包里。”\r\n\r\n    “不用取出来了。”\r\n\r\n    孙教授说着，又朝贾昌道笑道，“走吧，去书画修复室。”\r\n\r\n    贾昌道站起身来，点了点头：“好，孙教授先请。”\r\n\r\n    向南背着包紧紧跟在后面，他也没多问，该他知道的，老师自然会告诉他。\r\n\r\n    书画修复室就设在文物系一楼，是专属于考古文物系里的，其他院系也用不上。\r\n\r\n    推开书画修复室的门，两张红色的长方大案依次排开，修复中的书画摊在案心。\r\n\r\n    墙上挂着大大小小的排笔、毛刷，对着长案的白墙已经泛黄，上面贴满了修复留下来的纸边，已有二三十层厚了。\r\n\r\n    向南平日里一有空闲，就会跟着孙教授在这里修复古书画，时不时地，还要到金陵博物院文物保护部去工作几天，那边的修复室比学校的更大更宽敞，现代化设备也要丰富许多。\r\n\r\n    但古书画修复和其他文物修复不一样，除了材料分析需要用到现代化设备外，清洗、揭背、托心、隐补、全色的过程则只能依靠手工。\r\n\r\n    即使现在的科技已经有最新的成果，也不会贸贸然地使用在书画修复上。\r\n\r\n    这也是古书画修复行业人才凋零的一个重要原因，太磨人了。\r\n\r\n    贾昌道进门之后观察了一圈，暗暗点头，对孙教授说道：“那现在就开始？”\r\n\r\n    “嗯，开始吧！”\r\n\r\n    孙教授也知道贾昌道时间紧张，也不多说废话，转头又对向南说道，“把我拿给你的那幅画拿出来，就在这里修复吧。”\r\n\r\n    “哦。”\r\n\r\n    向南应了一声，将那幅画重新从背包里拿出来，放在其中一张长案的案心铺展开来。\r\n\r\n    随后，他从一旁的柜子里拿出一个小盆子，从保温壶里倒了半盆开水放在一边。\r\n\r\n    紧接着，向南从墙架上取下一个排笔，蘸饱了开水后，小心地滴淋在古画上，不停地淋洗着。\r\n\r\n    用开水洗画芯！\r\n\r\n    这一幕如果让外人看到，肯定会惊得跳起来。\r\n\r\n    纸不是最怕水的吗？\r\n\r\n    怎么还用水来淋洗古画？\r\n\r\n    而且，用的还是开水！\r\n\r\n    可孙教授和贾昌道却是面色平静，这场景他们的眼里，再平常不过了。\r\n\r\n    用开水刷古画算什么？还有人在清理古画时，用水泡呢！\r\n\r\n    实际上，水洗书画，只是针对画芯上的尘染烟熏、水渍、茶渍、轻度霉斑等污渍，进行处理的一种方法。\r\n\r\n    这种方法，古已有之。\r\n\r\n    从古文献记载上来看，在唐代时，就已经有书画修复装裱师利用清水洗画了。\r\n\r\n    而根据古书画的创作材料、污损情况不同，利用水温、水流不同，去污力不同的原理，再结合作品的具体情况，可以使用浸泡、热水烫洗、淋洗、冲洗等多种水洗书画的方法去污。\r\n\r\n    向南之所以选择用滚烫的开水清洗画作，也是利用高水温的强去污性，除去古画画芯上多年沾染的灰尘污渍，以及纸张在潮气的侵蚀下产生的霉斑。\r\n\r\n    说来简单，实际操作却需要谨慎万分，因为古画本身就很脆弱，再用热水一浸透，很容易就会破损。\r\n\r\n    因此，向南用蘸了开水的排笔淋洗古画时，每一下都得小心翼翼，动作轻柔得像是在抚摸爱人的胴体，既要将污渍淋洗干净，又不能让过大的水流伤了古画脆弱的纸质纤维。\r\n\r\n    换了好几盆水，清洗画卷的水才开始变得清澈起来。\r\n\r\n    向南又拿起手边的吸水毛巾，一点一点地吸干古画上的水分。\r\n\r\n    此时再看，古画的画面破损虽然依旧，但其纸色、墨彩、印鉴、题跋却已焕然一新，灿若明霞。\r\n\r\n    孙教授对向南的古书画修复水准已是洞若观火，见状并不觉得意外。\r\n\r\n    可贾昌道却是第一次见，不由得眼前一亮，暗赞一个“好”字！\r\n\r\n    清洗画卷虽说技术含量不高，但能在向南这个年纪做到如此地步，这是他从来没有见到过的。\r\n\r\n    整个清洗过程顺畅如意，而且还能做到不加重对古画的伤害，最重要的是，用时很短！\r\n\r\n    了不起！\r\n\r\n    就在贾昌道对向南刮目相看的同时，向南的右眼皮微不可查地跳了一跳。\r\n\r\n    在他的左眼里，古画依旧是那幅破旧的古画。\r\n\r\n    而在他的右眼里，面前的这幅古画却突然变成了一个漩涡，猛地一下将向南吸了进去！',13),(35,'第三章 时光回溯之眼','“这幅山水画……皴笔不多，山势苍茫简远，气势雄秀。”\r\n\r\n    贾昌道站在长案稍远处，尽量不打扰向南工作的同时，又能看清现场情况。\r\n\r\n    他皱着眉头细细思索了片刻，忽然一拍脑袋，脸色微变，转头看向孙教授，一脸不敢置信地说道，“这是草籀笔法！你你你，你竟然拿黄公望的山水图来给你学生练手？！”\r\n\r\n    玩笑开大了！\r\n\r\n    黄公望是谁？\r\n\r\n    元代著名画家，“元四家”之首呀！\r\n\r\n    还不清楚？那国宝《富春山居图》总知道吧？\r\n\r\n    华夏十大传世名画之一，被誉为“画中之兰亭”！\r\n\r\n    可现在孙教授居然拿黄公望的山水图给他的学生练手，这不是疯了是什么？\r\n\r\n    “睁大眼睛看看清楚，这是一位清朝无名氏的《仿黄公望山水》！”\r\n\r\n    孙教授瞥了一眼脸色涨得通红的贾昌道，轻哼了一声，“都四十多岁的人了，还这么沉不住气，连一个20岁的小年轻都不如！”\r\n\r\n    贾昌道被孙教授不轻不重地说了一顿，顿时冷静了下来，睁大眼睛仔细一看，顿时臊得无地自容。\r\n\r\n    那题跋上写得清清楚楚——“长夏无聊戏仿一峰老人，笔意未能及万一也”，自己……居然看也没看！\r\n\r\n    一峰老人，可不就是黄公望嘛！\r\n\r\n    这下子，丢人丢到姥姥家里去了！\r\n\r\n    悄悄转头，瞥见孙教授似笑非笑地看着自己，贾昌道连忙干咳两声，尴尬地笑道：“这仿品的水准也太高了，居然差点看走眼。”\r\n\r\n    “嗯，水准是挺高的。”\r\n\r\n    孙教授也没再嘲笑他，继续说道，“我记得2010年嘉德拍卖会拍了一副《仿黄公望山水》，是清代画家王撰的作品，成交价200多万。”\r\n\r\n    “嘶！”\r\n\r\n    贾昌道倒吸了一口冷气，这意思是，向南拿来练手的这幅仿品画，至少也是这个价！\r\n\r\n    这孙教授，还是真舍得啊！\r\n\r\n    不过，贾昌道也就是这么一想。\r\n\r\n    古书画修复工作者，谁不是拿着古画来练手的？\r\n\r\n    他自己当年，不也是在古书画堆里这么熬过来的吗？\r\n\r\n    就算是华夏文博界泰斗刘绍侯大师，在给张大千做古画修复装裱师时，那也是拿着张大千珍藏的古画来练手的！\r\n\r\n    ……\r\n\r\n    贾昌道和孙教授之间的这一小插曲，并没有引起向南的注意。\r\n\r\n    事实上，即便他注意到了，大概也不会在意。\r\n\r\n    此刻，在贾昌道和孙教授眼中，向南正拿着一块白色羊肚毛巾，轻柔地覆盖在热水烫过的画芯上，小心翼翼地挤吸着脏水。\r\n\r\n    而在向南的右眼里看到的，却是另一幅截然不同的画面：\r\n\r\n    在一处青山绿水之间，鸟语蝉鸣，一位身着青色长衫的清瘦男子，双手负于身后，漫步于山间的羊肠小道。\r\n\r\n    紧随其后的，是一个年约十六七岁的短打小厮，身后背着一个书笈（《倩女幽魂》里，宁采臣背的那个木架子，放书和干粮用的），虽热得满头大汗，却难掩其少年心性，正睁大着灵动的双眼，四处张望。\r\n\r\n    转过一道山坳，景色突变，只见远处群山连绵，苍翠峭拔，云遮雾绕；近处怪石危立，草长莺飞，流水潺潺……\r\n\r\n    清瘦男子顿觉胸怀大开，忍不住哈哈大笑起来：“小孺儿，快快过来，笔墨纸砚伺候！”\r\n\r\n    那小厮听得吩咐，连忙快走几步，将背上的书笈放下，平展开来，然后又取出了作画用的绢纸，这才静候一旁，细细地为自家老爷磨墨。\r\n\r\n    清瘦男子站在原地酝酿了一番，这才举步走到已经平展开来的白色绢纸前，捏起一只毛笔，轻轻蘸了蘸墨水，这才细细落笔。\r\n\r\n    他的笔法，细腻有致，却又苍茫秀奇，只寥寥几笔，便山有其神，树有其骨，石有其意。\r\n\r\n    这一画，足足持续了两个时辰。\r\n\r\n    收笔以后，清瘦男子意犹未尽，沉吟了片刻，又提笔落字：\r\n\r\n    “余本不通画理，山水尤非所能。长夏无聊戏仿一峰老人，笔意未能及万一也。山中老叟无名氏。”\r\n\r\n    写罢，清瘦男子将笔一放，这才哈哈大笑着扬长而去。\r\n\r\n    留下这小厮手忙脚乱地收拾好笔画等物，重新归置好，这才背着书笈慌里慌张地追着自家老爷去了。\r\n\r\n    画面到这里，戛然而止。\r\n\r\n    向南闭上双眼，慢慢消化着自己所看到的这一切。\r\n\r\n    这样的场景，已经不是第一次了。\r\n\r\n    从他懂事时开始，向南就知道自己的右眼能够看到一些别人看不到的东西。\r\n\r\n    更确切一点来说，他的右眼能看到一件事物诞生的全过程，如果他愿意，甚至还能看到这件事物损毁的真相。\r\n\r\n    向南将自己的这种特殊能力，称之为“回溯时光之眼”。\r\n\r\n    “回溯时光之眼”并非是万能的，它只对死物产生作用。\r\n\r\n    比如说，他看一条活鱼时，鱼仍然是鱼；可当他看到一条死鱼时，就能看到这条鱼出生前后的所有事情，包括生活环境，鱼生经历等等。\r\n\r\n    活物是未来和希望，而死物已经成了历史。\r\n\r\n    也幸好只对死物产生作用，否则的话，他每天都要看一遍身边人出生时的那一刻，那样的日子，岂不是要疯掉？\r\n\r\n    在他十五岁的那一年，在一次偶然的机会，向南接触到了一件古画，“回溯时光之眼”看到的场景让他震撼不已。\r\n\r\n    原来，文物古董的背后，竟然有这么曲折离奇的故事！\r\n\r\n    这比他之前看到的圆珠笔生产车间里，机械呆板的流水线要有趣的多了！\r\n\r\n    也比练习本在成型之前，泡在泛着泡沫的纸浆池里，要好玩得多了！\r\n\r\n    在那一刻，向南对文物保护产生了浓厚的兴趣。\r\n\r\n    华夏五千年的文明，有多少不为人知的秘密？\r\n\r\n    这些秘密，有的彻底消失在了时间的长河里，有的却深深隐藏在了文物古董里。\r\n\r\n    而他，却拥有挖掘出这些秘密的能力！\r\n\r\n    于是，在高考填报志愿时，向南毫不犹豫地填报了金陵大学考古文物系。\r\n\r\n    向海洋夫妇倒是没什么意见，他们也知道儿子异于常人，曾经担心受怕了很长时间，如今什么也不想管，儿子开心就好。\r\n\r\n    至于向南能不能考得上金陵大学？\r\n\r\n    开什么玩笑，不存在的。',13),(36,'第1章【被修改后的世界！】','京城。(请搜索八一中文网，小说更好更新更快!)    第二天一早。\r\n\r\n        家中，早晨起床的张烨还纳闷昨晚那个梦呢，打着哈欠随手打开电视看新闻，忽然，他现自己左手小拇指上多了一枚银色戒指，这分明不是他自己的东西啊，他死命拿手往下摘却也摘不下来，不但如此，当用手搓在戒指表面后，一幅可触摸的虚拟屏幕随之弹了出来，还用跟梦里一样的字体写着一行字――游戏戒指开启，新手奖励礼包“随机修改现实世界背景”\r\n\r\n    准备放。\r\n\r\n        倒计时……    三秒钟……    两秒钟……    一秒钟……    奖励放开始！\r\n\r\n        然后，张烨就看到了惊人的一幕！\r\n\r\n        自己扔在床上的htc手机一阵扭曲，煞那间竟变成了另一个外形，连牌子也变了，刻着。\r\n\r\n    放在窗台上的两本盗版的徐志摩诗集瞬间一闪，其中一本凭空消失无踪，另一本变成了陈天模诗集。\r\n\r\n        根本看不过来了，屋里的很多东西都在生变化！\r\n\r\n        让张烨最震惊的还是电视上的异变，长虹电视不但牌子骤变成了一个听都没听说过的飞天牌，关键是电视播出的内容！\r\n\r\n        “芒果卫视新推综艺节目《光辉灿烂》收视率破1%。”\r\n\r\n        “吴邦最新电影《白娘》票房突破五亿。”\r\n\r\n        “天后章远棋新歌再次失利，今后重心或转向影视界。”\r\n\r\n        “昨日，世界著名画家达科的作品《蓝天》在美拍卖。”\r\n\r\n        “二十世纪国内最有影响力的影视天王陈伟师去世十周年纪念演唱会，娱乐界众多人士献歌，天王孙煜深情演唱当场落泪。”\r\n\r\n        张烨错愕地看了十几分钟，愣是没明白怎么回事，手机电视怎么变牌子了？\r\n\r\n    天后章远棋？\r\n\r\n    天后里什么时候多出个叫章远棋的了？\r\n\r\n    还有纪念十周年演唱会？\r\n\r\n    这陈伟师哪里冒出来的？\r\n\r\n    怎么都没听过呀？\r\n\r\n    章远棋？\r\n\r\n    难道是章子怡新改了艺名？\r\n\r\n    陈伟师是陈奕迅新改的名字？\r\n\r\n    也不对啊，陈奕迅还活着呢啊！\r\n\r\n    《白娘》又是什么电影？\r\n\r\n    白岩松他妈主演的片子？\r\n\r\n    他妈啥时候拍电影去了？\r\n\r\n        张烨慌慌张张地从床上爬起来拉开窗帘，只看到外面的一切似乎也在同时变化着，路旁两排老杨树竟然消失了，取而代之的是一个花坛，远处一栋塔楼此刻变成了板楼，只剩下六层了，还有几栋原本灰色的塔楼，现在不但位置有了细微的变化，楼梯颜色也成了褐白相间的！\r\n\r\n        滴！\r\n\r\n        奖励放结束！\r\n\r\n        备注：现实世界背景已随机修改并达到理论平衡。\r\n\r\n        张烨脸一白，抓起那不知什么牌子的手机急哄哄翻看，时间日期都对，今天是他大学毕业两个月的日子，再翻了几页电话本，不确信的他还特意打了几个电话问过去，亲朋好友还是那些人，可周围的情况怎么解释？\r\n\r\n    还有手上这枚游戏戒指是什么？\r\n\r\n    游戏戒指真给现实修改了？\r\n\r\n        张烨不相信，打开电脑上网查看，简直越看越心惊，越看越胆颤！\r\n\r\n        变了！\r\n\r\n        都变了！\r\n\r\n        主持界没有了何炅谢娜等人。\r\n\r\n        音乐界没有了陈奕迅张学友等人。\r\n\r\n        影视界没有了冯小刚孙红雷等人。\r\n\r\n        国内外书画油画界也没有了齐白石毕加索等人。\r\n\r\n        神曲《忐忑》？\r\n\r\n    莫言的小说？\r\n\r\n    贝多芬钢琴曲？\r\n\r\n    电影《变形金刚》？\r\n\r\n    综艺节目《中国好声音》？\r\n\r\n    名画《蒙娜丽莎》？\r\n\r\n    都没了！\r\n\r\n    看来这些全部被那款不知名的游戏给随机修改了，这就是自己这个唯一玩家抽到的游戏奖励？\r\n\r\n    可现实怎么成游戏了？\r\n\r\n        到底是什么游戏方式？\r\n\r\n        《魂斗罗》还是《级玛丽》？\r\n\r\n        拿脑袋撞墙就能爆出一个让他变大的神奇小蘑菇吗？\r\n\r\n        当然也有没改变的，一些重要的历史人物、世界格局、社会环境基本没有变化，桌子上的康师傅方便面也还是康师傅，lv也还是世界名牌，很大一部分东西都没有被修改，这就是所谓的“随机”\r\n\r\n    ？\r\n\r\n        闹鬼了啊！\r\n\r\n        这都什么跟什么啊？\r\n\r\n        这时候，咚咚咚，外面有人敲门，敲门声还挺大的，肯定是拿手使劲在门板上拍出来的动静！\r\n\r\n        张烨猜到是谁了，假装没听见。\r\n\r\n        那人又敲了几下后，钥匙声一响，门竟然开了！\r\n\r\n        张烨打量了来人，心说世界都变了，房东倒还是他的那个房东。\r\n\r\n        一个约莫三十多岁的女人走进来，人长得很漂亮，有时候可能漂亮俩字都很难形容她，比如现在的她明显是刚洗过头，脑袋上还裹着白毛巾，但那倾国倾城的容颜还是掩都掩不住，尤其身材极好，全身上下的肌肤都透着一股弹性，十分凌厉的感觉。\r\n\r\n    可就是这么一个美妇，只有跟他接触一些日子的人才会了解到她刻薄的一面，那真是要多毒舌有多毒舌，不然怎么会这个岁数还没有结婚啊？\r\n\r\n    就她这张嘴，一般人绝对受不了！\r\n\r\n        看到张烨在家后，饶爱敏呦喝了一嗓子，似笑非笑道：“你小子跟我玩躲猫猫是吧？我敲这么半天门你都不回话？装死啊？”\r\n\r\n        张烨略微尴尬，“房东阿姨，您怎么来了？”\r\n\r\n        饶爱敏大大方方地一屁股坐到客厅，啪一声，手上的计算器就拍到了桌子上――她的计算器张烨见过无数次了，以前是卡西欧的，现在变成了一个没听过的新牌子，k打头的，看来计算器行业也被修改了，“你说我干什么来了，收房租！”\r\n\r\n    手指头噼里啪啦地按了一起，十分熟练，“你这月房租还没交，加上上个月的水电煤气费，我给你算好了，一共是两千五百八十二，已经催了好几次了，今天少一分都不行！我告诉你啊小张，我看你也是京城人当初才容你一个月一交房租的，你打听打听去，谁家租房不是押一付三的？这都给你多少优惠了？”\r\n\r\n        张烨苦笑道：“您再宽限几天，我现在手头真没钱，等我找到工作就还您。”\r\n\r\n        饶爱敏优雅的摆了摆手指，“没钱现在就给我滚蛋！”\r\n\r\n        张烨哭穷道：“我的情况您也知道，之前给您的房租都是压岁钱，我也就这么些钱了，您要让我滚蛋我就只能回家跟我爸妈住了，我这说大学毕业了该独立了才从家里搬出来的，现在让我回去我这面子往哪儿放啊？阿姨，您看咱楼道这一排商住两用的公寓房几乎都是您买的，您家财万贯的也不差这点钱，那什么，我今天上午就有京城广播电视台的面试，如果能当上主持人，我了工资就给您补上房租。”\r\n\r\n        饶爱敏瞥瞥他，嗤之以鼻道：“就你？还主持人？你少来吧，你这形象这身高，放在人堆里谁注意的到你？整天就做你那个明星梦，你以为当个名人这么简单呐？你要是都能当主持人，老娘明天就敢上春晚！”\r\n\r\n        张烨道：“反正您再宽限几天，我……”\r\n\r\n        饶爱敏不听，“不行！”\r\n\r\n        张烨道：“您没看我都好几天不吃早点了么，钱真不够了。”\r\n\r\n        “你吃不吃饭跟我有半毛钱关系吗？啊？”\r\n\r\n    饶爱敏狠着脸不近人情道。\r\n\r\n        折腾了半晌才把房东阿姨给劝走，大约过了十多分钟，一身睡衣的饶爱敏又回来了，也不敲门，直接拿她的钥匙开了门。\r\n\r\n        张烨还以为饶大姐又来要账了，陪着小心道：“房东阿姨，您……”\r\n\r\n        饶爱萍将手里的一份早餐扔到了桌子上，冷哼了一声，“老娘一个人也吃不了，便宜你小子了，我跟你说，虽然现在工作是不好找，可你也是传媒大学毕业的，哪里混不到饭吃？别在一棵树上吊死！”\r\n\r\n        张烨一怔，忙道：“谢谢，我知道了。”\r\n\r\n        饶爱敏冷着美艳的脸蛋碰地一摔门，走了。\r\n\r\n        张烨心中挺暖呼的，看看桌上的早点，早餐居然还是热乎的，显然不是饶大姐所谓的吃剩下的，肯定是她听说张烨几天没吃早饭了才特意下楼给他买的。\r\n\r\n    张烨知道饶大姐是个面冷心热的人，毒舌归毒舌，还是很关心他的。\r\n\r\n    其实饶大姐有些话他也明白是对的，可张烨打小就这么一个成名的梦想，他就是想站在面向公众的舞台上，至于其他幕后工作他都不想考虑。\r\n\r\n        坐电梯下楼，张烨出门了。\r\n\r\n        走在街头，张烨左看看右瞧瞧，现一路上都是熟悉中又有点陌生的风景，公交站牌灯箱广告上的明星他一个也不认识，一些商家店铺门口播放的当下最热的流行音乐张烨一歌都没听过，于是走在以往熟悉无比的街头，他会有种极其不适应的感觉，觉得自己与这个被修改后的世界格格不入，很多东西都变了，或者说，这已经不是张烨之前的那个世界了。\r\n\r\n        八月份了，空气还是那么燥热不安。\r\n\r\n        不科学啊！\r\n\r\n        太不科学了啊！\r\n\r\n        张烨好歹是名牌大学毕业的，当然不可能轻易接受这种事实，这都什么时代了啊，早不是搞妖魔鬼怪和封建迷信的旧社会了，迷信只会害人，这一点小学生都知道，一切都要相信科学，要坚信科学的力量。\r\n\r\n    于是乎，张烨眼神肃然，从兜里恭恭敬敬地摸出了一枚一元钱硬币十分虔诚地弹向空中，“如果是正面就说明这个世界确实被游戏修改了背景，如果是反面就说明一切都是假的。”\r\n\r\n        叮铃铃。\r\n\r\n        硬币落地――正面！\r\n\r\n        张烨眼一黑，不是假的，一切都是真的！',14),(37,'第2章【能存档？】','上午。(请搜索八一中文网，更新最快的站!)    八月份了，空气还是那么燥热不安。\r\n\r\n        诶不对不对，这段环境描写刚刚用过。\r\n\r\n        八月份了，空气还是那么……那么不安燥热，对，这段没用过。\r\n\r\n        这个世界的京城广播电台在前几年也和京城电视台合并了，不过单位虽然合并在一起，办公地点却没有。\r\n\r\n    广播电台大楼下，张烨紧了紧身上的西装，人模狗……像模像样地往里走。\r\n\r\n    人家的正式员工这个时间早都上班了，现在进去的很多一部分都是跟张烨一样来面试招聘的。\r\n\r\n        还有些时间，再研究研究那戒指吧。\r\n\r\n        张烨低头瞅了瞅左手上那枚诡异的游戏戒指，那么风骚的一个虚拟屏幕竟只有他自己可以看到，周围来往这么多人全浑然未觉。\r\n\r\n    张烨总有种冒凉气的错觉，太阴森了。\r\n\r\n    难道是自己脑神经出问题了？\r\n\r\n    以至于产生了这么严重的幻觉？\r\n\r\n    有那么一秒钟，他都以为自己下半辈子可能离不开脑白金了。\r\n\r\n        虚拟屏幕上面有几个选项。\r\n\r\n        【声望】：199983。\r\n\r\n        【物品】：空。\r\n\r\n        【商城】：未开启。\r\n\r\n        【抽奖】：抽取宝箱奖品。\r\n\r\n        （备注：声望的增加与玩家的知名度、曝光率、成就、尊敬、信任、名声等因素有关。\r\n\r\n    商城内的物品与抽奖可通过声望点数购买。\r\n\r\n    声望的初始统计方法为玩家从出生截止至今日的全部声望。\r\n\r\n    ）    十九万多的声望值？\r\n\r\n        张烨一琢磨，自己小学时写作文倒是得过几次奖，初中高中时学习也还行，经常得到老师的表扬，对了，他还有过一次上电视的经历，是他大学期间和舍友在西单逛街碰到了央视记者的采访，对方刚把话筒递过来还没来得及问问题张烨就抢先回答了一句“我很幸福”\r\n\r\n    ，当时央视记者无语地说“我们不是问这个，我们是问你觉得……”\r\n\r\n    ，然后又没等他说完张烨便若有所思，马上恍然大悟地高声大喊一句“社会主义好”\r\n\r\n    ，嗯，也不知道最后播没播。\r\n\r\n        这些声望值就是这么来的？\r\n\r\n    二十三年得了十九万多的声望？\r\n\r\n    看上去也还不错吧？\r\n\r\n    可很快张烨就不这么觉得了，当他点开虚拟屏幕上的选项想看看这些声望能买什么东西后，半天都没说出话来。\r\n\r\n        商城还没开启，只有抽奖一栏可以点。\r\n\r\n        【抽奖】：需要花费声望1ooooo点，购买后游戏将随机摇取宝箱。\r\n\r\n        得，闹了半天自己前半辈子的总共声望就只能抽一次奖？\r\n\r\n    抽两次都差一点点？\r\n\r\n    张烨本着试一试的心态就点击了抽奖，手一碰，屏幕是有触感的，根据提示选择确定，花费了十万，声望立即变成了99983。\r\n\r\n    抽奖界面一闪，出现了一块虚拟转盘，有指针，有按钮，轮盘上面写着【消耗类】、【属性类】、【技能类】和【特殊类】，每个类别对应不同的颜色和区域，四个区域的大小范围还不一样，消耗类面积范围最大，几乎占了一半，其次是属性类和技能类，分别占了剩下的小一半，区域最小的是特殊类，只占了一丝丝的指示区域，微不可见的感觉。\r\n\r\n        游戏屏幕出现介绍了！\r\n\r\n        类别说明：    【消耗类】：一次性消耗品。\r\n\r\n        【属性类】：永久属性物品。\r\n\r\n        【技能类】：技能经验物品。\r\n\r\n        【特殊类】：增加某商品的购买权限。\r\n\r\n        备注：指针停稳的位置栏为宝箱最终出现的物品种类。\r\n\r\n        张烨满头雾水，只好试着点了下开始摇取的按钮，吧嗒，抽奖开始，小轮盘上的指针一弹，以顺时针方向火旋转起来，大约过了几秒钟，指针才慢慢趋缓，越来越慢，终于指向了转盘区域最大的消耗类一栏，停下选定了――是消耗类！\r\n\r\n        抽奖完毕！\r\n\r\n        一只金色小宝箱跃然而出，奖品已自动收入物品栏，选项中的物品栏内多了一个“黄金色小宝箱”\r\n\r\n    的图标！\r\n\r\n    怎么用呢？\r\n\r\n    张烨试着把手伸进屏幕内的物品栏，手居然真的进去了，里面似乎有个空间，摸到了那个轻飘飘的宝箱（小），一把抓了出来，俩手一扣，在大街上掰开了这个除了自己谁也看不到的宝箱，金光闪烁，宝箱内开出东西了！\r\n\r\n        那是一块小水晶！\r\n\r\n        显示物品：【存档】。\r\n\r\n        物品介绍：一次性消耗类物品，存储记录，此存档可保留记录半个小时。\r\n\r\n        存档？\r\n\r\n    这个张烨再熟悉不过了，玩过游戏的都知道，这是储存当前进度准备关掉游戏或者是为了之后没有操作好重新读取回来做保险，保留三十分钟？\r\n\r\n    就是说三十分钟后再不使用，这个存档就作废了？\r\n\r\n    至于抽奖啊宝箱啊他也不陌生，很多游戏里都会有抽奖的设定，不同级别的宝箱开出物品的档次不同，几率也不同。\r\n\r\n    张烨将存档水晶取出来，金色宝箱顿时光芒点点地挥在了空气中，消失无踪了。\r\n\r\n    张烨鼓捣了片刻，啪，不小心捏碎了水晶。\r\n\r\n        存档中……    存档完毕！\r\n\r\n        在这一刻，时间仿佛停住了一秒钟，一切都静止了！\r\n\r\n        重新恢复之后，戒指选项界面中多了一个【读档】的显示。\r\n\r\n        这就存下记录了？\r\n\r\n    张烨云里雾里的摸摸鼻子，新手奖励？\r\n\r\n    背景修改？\r\n\r\n    宝箱抽奖？\r\n\r\n    开物品？\r\n\r\n    存档？\r\n\r\n    真是游戏了啊？\r\n\r\n        “十点面试，咱们快走吧。”\r\n\r\n        “孙哥，你还着急什么？你肯定被录取。”\r\n\r\n        “那可不一定，这次播音主持就招聘两个人，我听说通过笔试的有二十多个，竞争很激烈。”\r\n\r\n        “也是，主持人是最热门的，我跟老周压力就小很多了，我报的编辑，老周报的运营，竞争不大，招聘的人数也多。”\r\n\r\n        有几人边说边进去了。\r\n\r\n        张烨一看时间，也顾不上研究游戏戒指了，他赶快上楼，今天的面试对他来说太重要了，他早认真思考过自己的展道路了，以他的条件和形象，电视主持人？\r\n\r\n    歌手？\r\n\r\n    影视明星？\r\n\r\n    就算是反角丑角他都不够条件，太没特点了，不可能红，想来想去只有从电台主持人起步最为合适，这里对相貌的要求相对低一点点，听众们接触的也是他的嗓音，是最适合他起步的位置，也是他今后全面展的重要踏板，不容有失！\r\n\r\n        二楼。\r\n\r\n        播音主持面试地点。\r\n\r\n        走廊里二十来人都到了，大家全是竞争对手，气氛有些鸦雀无声。\r\n\r\n        张烨简单看了眼，心就有点凉了，二十几人中全是俊男美女……除了自己，二十几人中全是二十五到三十岁有过从业经历的……除了自己。\r\n\r\n    张烨唯一的优势就是科班出身，他是传媒大学播音系毕业的，除此之外他什么优势也没有，毕业的这些日子张烨也面试过两三家广播媒体了，但无一例外都在面试的阶段被淘汰了下来，张烨清楚，无非就是自己长得一般且没有资历。\r\n\r\n        “孙宏伟。”\r\n\r\n        “我在。”\r\n\r\n        “你进来吧。”\r\n\r\n        第一个被叫到的人进屋了，很快，才五分钟就面试完了。\r\n\r\n    等下一个人被叫进里面，旁边立即有人跟对方打听面试内容。\r\n\r\n    不过几次过后大家也都不问了，因为每个人面试内容都不一样，有人被要求即兴与难缠的听众沟通，有人被要求展示一下话题辩论，是以了解应聘者的综合素质。\r\n\r\n        “第五个，张烨。”\r\n\r\n    女助理拿着履历叫人了。\r\n\r\n        张烨做了个深呼吸马上起身，说不紧张是假的。\r\n\r\n        屋内，大概做了七八个面试官，有男有女，表情严肃。\r\n\r\n        看到张烨后，其中至少有两个人微不可察地蹙了蹙眉头，也不知是哪里不满意。\r\n\r\n        张烨轻轻鞠躬，把要求带来的一些提前录制好的资料和朗诵递给面试官，回去在位子上坐下，开始自我介绍，“各位老师好，我叫张烨，今年二十三岁，毕业于传媒大学播音主持专业，我……”\r\n\r\n        一个中年男子不太客气地打断道：“你履历我们都有，不用重复了。”\r\n\r\n    低头看看手里的资料，“嗯，笔试成绩还勉强。”\r\n\r\n        旁边的中年妇女和他相视一眼对了个眼色，拿出一张稿子来，往桌子上一搁，语气生冷道：“面试就两道题，第一道，你用最快的度看一下稿子，然后脱稿朗诵。”\r\n\r\n        脱稿？\r\n\r\n        就这么简单？\r\n\r\n        张烨心下一乐，脱稿虽说不是自己擅长的，可那也难不倒他啊，这些在大学都系统性训练过，算是基本功了，于是他走上去拿起稿子就看起来，大概一千字，很长，可正当张烨信心十足地记忆这些文字时，离他拿住稿子才过去十秒钟的时间，那中年妇女便伸手将稿子从张烨手里抽回来了。\r\n\r\n        “嗯？我还没看完。”\r\n\r\n    张烨愣道。\r\n\r\n        “行了，朗诵吧。”\r\n\r\n    中年妇女淡漠道。\r\n\r\n        其他面试官也都没什么反应，似乎觉得很正常。\r\n\r\n        张烨却呆了下，“老师，这才十秒钟，有一千字……”\r\n\r\n        中年男子大声不悦道：“如果你需要一天时间记忆，那马路上随便抓来一个人都可以，还面试什么？让你朗诵你就朗诵！哪儿那么多废话！”\r\n\r\n        张烨有些生气，“可这……”\r\n\r\n        “能脱稿多少说多少。”\r\n\r\n    中年妇女不耐烦道：“快点吧！下面还有十几个人呢！”\r\n\r\n        张烨压了压火，只好朗诵道：“公证机构是保证我国法律实施和稳定各项社会秩序的一项特殊司法活动。公证是公证机构根据自然人、法人或者……或者……”\r\n\r\n    十秒钟，也就看这么多了。\r\n\r\n        几个面试官在本子上写写画画。\r\n\r\n        然后中年人一挥手，“好了，不用问第二题了，下一个。”\r\n\r\n        张烨明白，自己这次的面试又失败了，他很不服气，你们这也太不讲道理了吧？\r\n\r\n    也不告诉我多少时间就让我脱稿，结果才过了十秒钟你们就让我开始？\r\n\r\n    别说背诵了，你们丫十秒钟给我读一千个字试试！\r\n\r\n    你们要是能从头到尾读完一遍，我现在就把嫦娥三号给吃了！\r\n\r\n    嗯，还是算了，这玩意儿国家不让吃。\r\n\r\n        走出面试房间的最后一霎，后面隐约听见一个面试官的声音，“以后这种相貌条件的人就不用面试了，浪费咱们时间！”\r\n\r\n        张烨听到了，他才明白其实在自己进来的那一刻几人已经给他判了死刑，所以才故意出了这种打死也不会有人能答出来的面试题目！\r\n\r\n        窝火啊！\r\n\r\n        我浪费时间？\r\n\r\n        连让我答题的机会都不给？\r\n\r\n    我还就不信了！\r\n\r\n        走廊中的张烨心一狠，想到了那个存档，离之前存储记录的时候刚好不到三十分钟，还在存档的有效范围内，他便死马当作活马医一般地摸出了戒指的游戏界面，看看读档的选项，一咬牙按了下去，实际他也不晓得能不能行！',14),(38,'第3章【傻眼的面试官！】','眼一花！    周边场景全变了！    天是蓝的，地是灰的！\r\n\r\n        张烨第一个感觉到的是身边气温的变化，八月份了，空气还是那么燥热不安，嗯，为什么张烨总爱用这个环境描写？\r\n\r\n    不是他词汇量少，不是他文化水平低就知道这么几个形容词，真的不是，真的不是啊，那是因为……因为……算了，我们艺术家的世界，说了你们也不懂！\r\n\r\n        “十点面试，咱们快走吧。(请搜索八一中文网，小说更好更新更快!)”\r\n\r\n        “孙哥，你还着急什么？你肯定被录取。”\r\n\r\n        “那可不一定，这次播音主持就招聘两个人，我听说通过笔试的有二十多个，竞争很激烈。”\r\n\r\n        因为变化太快措手不及，张烨没站稳，脚下一晃坐在了地上，扶着地站起来，他目光呆滞地望了望四周，这已经不是之前的楼道走廊了，自己居然重新站在了广播电台的大楼前，正是自己刚刚存档的地方，连存档后听见应聘人员的对话都一模一样，再一看手机上的时间，他真的回到了半个小时前！\r\n\r\n        上帝！\r\n\r\n    这……    先不想了，正事要紧！\r\n\r\n        张烨过了一遍脑子就反应了过来，现在不是研究这个的工夫，这个主播的职位他必须拿下来，存档给了他重来一次的机会，即便闹不明白呢，他当然也要好好把握住了，当下便也不上楼了，拿手机上网快搜索起来，因为刚刚记住了面试题的第一句话，所以还是很好搜索的，张烨很快便搜出这篇文章的出处，是南方一所大学某个不知名学生的研究生论文，估计面试官也是从网上瞎找来的东西。\r\n\r\n    现在留给他的只有二十五分钟左右了，他二话不说马不停蹄飞檐走壁地背诵上了！\r\n\r\n    一千字的稿子很长，好在不是什么古文或名著，因为这篇论文没那么咬文嚼字，每句话之间也是有联系的且符合常理和认知的，法律张烨也学过一点，有些句子甚至早都知道了，相对难度也小了不少。\r\n\r\n        必须背下来，成败在此一举！\r\n\r\n        ……    广播大楼上，面试地点。\r\n\r\n        女助理开门看看单子，“张烨。”\r\n\r\n    叫了一声没人应，她又重复了一嗓子，“张烨来了没有？到你了！”\r\n\r\n        走廊尽头，张烨嘴里念念叨叨地快步走来，念经似的，“我在我在！”\r\n\r\n        女助理狐疑极了，这些年面试成百上千人了，头一次看见念着经来应聘的，和尚道士也准备参加工作了吗？\r\n\r\n        屋中。\r\n\r\n        空闲时候，八个人喝着茶交换了意见。\r\n\r\n        四十多岁的李红莲失望道：“这批面试的人太一般了。”\r\n\r\n        比她年长几岁的赵国洲也说：“是啊，比上半年那次面试差远了，笔试成绩好管什么用？能力不行！”\r\n\r\n        后面一青年道：“两位领导，后面还有不少人呢，应该能有不错的。”\r\n\r\n        “但愿吧，不过我看是没戏了。”\r\n\r\n    赵国洲咂摸咂摸嘴，“之前那个小许还可以，不行的话我们频率就要他了。”\r\n\r\n        李红莲一斜眼，“小许我也觉得不错呢。”\r\n\r\n        这会儿，门被敲开了，下一个面试的张烨进来了。\r\n\r\n        几人停下了交流和闲扯，评头论足的目光扫向了他。\r\n\r\n        “各位老师好。”\r\n\r\n    早知道对方会打断自己的自我介绍，张烨这次干脆换了个介绍方式，这下也放开了，说白了，他心里还带着些许不服气与恼火，这厮的脾气一直不小，别人敬他一尺，他才敬人一丈，“我真名叫张烨。”\r\n\r\n        赵国洲失声笑道：“那你还有艺名？”\r\n\r\n        张烨随口道：“我有俩艺名，一个叫张藤兰，一个叫张井空。”\r\n\r\n        这世界已经没有这两位“伟人”\r\n\r\n    了，几个面试官也听不懂什么意思，不知不觉被张烨调戏了。\r\n\r\n        李红莲没理张烨，低头看履历。\r\n\r\n        结果还是一样的，同样的场景，同样的表情。\r\n\r\n    这一次张烨敏感地注意到了有两个面试官细微的皱眉动作了，这是对张烨的外在条件不满意。\r\n\r\n    说来也奇怪，纵然是广播这种听众看不到脸的行业，播音主持的要求也一样会是样貌姣好的标准，什么叫姣好？\r\n\r\n    意思就是要比绝大多数人类都好看的意思，播音主持行业一直如此。\r\n\r\n        中间的赵国洲和旁边的李红莲是这次的两个主审，因为这次招聘的两个播音主持专业就是他们俩负责的频率里空出来的，给自己选人当然是很认真的，谁也不想自己这一摊出问题，所以当看见张烨这种相貌如此一般的人，心里面其实已经给他划上了叉子，再加上张烨履历上是没有工作经验的，到了以后还要培训锻炼一段时间没法直接上手工作，于是压根就没有考虑录取他。\r\n\r\n    科班出身是不错，可播音科班出身的多了，里面有几个当主持人了？\r\n\r\n    只是那极少极优秀的一小撮人罢了。\r\n\r\n        赵国洲和李红莲对视一眼，都明白了对方的态度――这个人肯定不行，随便出道题打走吧，不用浪费工夫了！\r\n\r\n        李红莲用方才一样的姿势拿出一篇稿子来，瞄了眼张烨，道：“面试就两道题，第一道，你用最快的度看一下稿子，然后脱稿朗诵。”\r\n\r\n        读档回来的张烨已经知晓了他们的刁难和态度，面无表情地起身接过来。\r\n\r\n        果不其然，刚过去十秒钟，李红莲就刻薄地抬手抽回了稿子，“行了，朗诵吧。”\r\n\r\n        其他面试官心中也明镜似的，十秒钟？\r\n\r\n    别说是一个应届毕业生了，就算他们这种跟行业里混了这么多年的老经验也不可能在十秒钟之内记住过一百个字，嗯，或者说十秒钟顶多够他们读两百个字，而即便对方背出了两百字他们也顶多打个四五十分，为什么这都不及格？\r\n\r\n    因为这稿子九百多字呢，才五分之一而已！\r\n\r\n    如果能十秒钟脱稿背诵出三百个字，那才是一百分的成绩，可是谁都知道这不会有人能做到的。\r\n\r\n        这可以说是成心刁难了，甚至大家算是变相告诉了张烨他条件和能力都不够，可让他们奇怪的是，张烨非但没有质疑仅仅十秒钟的背诵时间，偏生还特别平静，自己悠然地坐回了自己的座位。\r\n\r\n        李红莲倒是一呆，想从张烨脸上找到不愤和惊讶，却什么也没找到。\r\n\r\n        其他面试官也奇异的很，这小子是真傻还是真傻还是真傻啊？\r\n\r\n    这么为难他，甚至连个反应也没有？\r\n\r\n    看来他们还真做对了，这种傻小子录取了也白搭，傻乎乎的一点也不机灵，成不了大事。\r\n\r\n        赵国洲催促道：“开始吧！快一点！后面还很多人等着呢！”\r\n\r\n        李红莲和其他几个面试官都直接在张烨的面试成绩上打分了，连听都不用听他们就有数儿了，一个打了二十分，一个打了十五分，很低，然后他们手里已经翻到了下一个应聘人员的履历上。\r\n\r\n        他们催，张烨反而不急，神情自若地看看他们，阴阳顿挫地朗诵上了，“公证机构是保证我国法律实施和稳定各项社会秩序的一项特殊司法活动。公证是公证机构根据自然人、法人或者其他组织的申请，在法定程序下对各种民事法律行为、具有法律作用的事件或者文件给予证明的活动。公证活动的过程中必须依据法律……”\r\n\r\n        脱稿到一百字的时候，赵国洲抬起了头。\r\n\r\n        脱稿到两百字的时候，李红莲咦了一声，意外地看看他。\r\n\r\n        可当脱稿到三百字的时候，所有面试官都放下了手里的东西错愕地望向了张烨！\r\n\r\n        张烨没有受任何人的影响，滔滔不绝道：“因为如果当事人对公证机构公证提供虚假材料或不履行经公证的法律文书，那么对公证声誉就有负面作用。所以说，诚信是公证行业得以存在的基本……”\r\n\r\n        在赵国洲李红莲他们眼中，能背出三百字已经属于奇迹了，是不可能的事情，但张烨还在背诵！\r\n\r\n        “这……”\r\n\r\n        三百字了！\r\n\r\n        五百字了！\r\n\r\n        八百字了！\r\n\r\n        面试官面色骇然！\r\n\r\n        当念到最后一段话时，张烨仍然不徐不疾，“作为体现诚信的重要形式，在建设社会诚信体系中，公证使人们最能够接受和采用的获取诚信的手段。”\r\n\r\n    一顿，他清了清嗓子，“谢谢老师，我朗诵完了！”\r\n\r\n        一少妇面试官手上的钢笔都掉了，噜噜，滚到了地上！\r\n\r\n        赵国洲蒙了，一侧头，“老李？这……背对了吗？”\r\n\r\n        李红莲看看手上的稿子，倒抽了一口凉气，“……九百二十个字，一字不差！”\r\n\r\n        最左侧一个面试官差点从椅子上摔下去，吃惊道：“你是怎么做到的？十秒钟啊？你全记住了？”\r\n\r\n        张烨微微一笑，“我看东西比较快，记忆力也比较强吧，扫一眼就差不多了。”\r\n\r\n        十秒，也就够把九百多字粗略扫一下的。\r\n\r\n    你这何止是比较快啊，你他妈这也太快了啊！\r\n\r\n    那人还想问张烨是不是以前背过这篇论文，可一想就知道不可能，这论文根本没有名，网上随便找来的，而且提前透露的可能性也没有，李红莲拿题目的时候也是随手抓出来的，怎么想对方也不可能提前知道！\r\n\r\n        我去！\r\n\r\n    你丫是人吗？\r\n\r\n    ？\r\n\r\n        张烨这一手把所有人都震住了！\r\n\r\n        几个面试官惊为天人，都感觉见了鬼一样！',14),(39,'第一章 神尊大婚（一）','五万年后。\r\n\r\n    神界迎来一件大喜事。\r\n\r\n    万年不开窍的神尊突然铁树开花，要与花神陶然成婚。\r\n\r\n    据说是，神尊亲自去找了天帝，为他和花神定下婚约。\r\n\r\n    大婚的日子便定在八月十六。\r\n\r\n    神尊成婚，累的却是紫宸殿里的一众小仙娥。\r\n\r\n    这不，趁着典礼还未开始，有个小仙娥偷偷溜进了厨房，大快朵颐。\r\n\r\n    “清歌，你在这里做什么，你现在不应该在前厅吗？”\r\n\r\n    听到有人问话，清歌赶紧放下手中物什，低着头拍了拍衣服上残余的饼渣才站起来支支吾吾道：“我来，我来……”\r\n\r\n    她还没想好怎么编个理由混过去，就听来人“噗嗤”一声笑了。\r\n\r\n    “瞧吓得你，平时也没见你这个样子，今天怎的怂了？”\r\n\r\n    清歌这才听出来说话的是谁，走过去戳了戳来人的肩膀，说道：“苏苏，你就知道吓我，今天这日子我可不得怂着些，各路神仙都来给神尊贺喜，若是丢了人可就丢大发了。”\r\n\r\n    “你也知道今天是什么日子，还偷懒。”\r\n\r\n    苏苏指了指清歌嘴角：“嘴都没擦干净，平日里紫宸殿的糕点就都进了你的肚子，今天这是要给各位上神吃的，你也不客气。”\r\n\r\n    “诶，这饼做出来就是给人吃的，你尝尝，花神宫送来的鲜花饼，好吃的很。”\r\n\r\n    清歌不以为然，拿起案上的饼就往苏苏嘴里塞。\r\n\r\n    “你们好大的胆子，这饼是一会儿要给上神们带回去的，你们竟然偷吃！”\r\n\r\n    清歌瞅了门口一眼，看装扮是花神宫的人，左不过也是个小仙娥，神气什么。\r\n\r\n    见苏苏不接糕饼，清歌也就没勉强，拿起一盘糕饼全塞进了自己背在身侧的小布包里。\r\n\r\n    “你！放肆，我今天必须把你的罪行告诉神尊，让他治你的罪！”\r\n\r\n    眼看那个小仙娥就要过来，清歌不紧不慢的将嘴擦干净了才冲苏苏使了个眼色，一把拽住她的手腕，“消失”在了厨房里。\r\n\r\n    小仙娥只觉面前一阵风刮过就不见了两人身影，风中还夹带着清歌的一句“你以为我家神尊那么闲吗，这点小事都管……”。\r\n\r\n    气的小仙娥脸都绿了，伸出一根颤抖的食指指着门外直跳脚:“你们给我等着！”\r\n\r\n    “谁要等着她，我们又不傻。”\r\n\r\n    紫宸殿外全是来来往往的神仙，清歌拽着苏苏躲进人群里正笑的前仰后合。\r\n\r\n    正笑着，清歌突然感觉周身空气骤然变冷，四下看去，正看见殿内一身婚服的神尊透过层层人群将视线定在她的身上。\r\n\r\n    “苏苏，我先撤了……”\r\n\r\n    眼见神尊眉毛皱起，脸色也越来越难看，清歌顾不得苏苏的阻拦，脚下生风赶紧逃了。\r\n\r\n    说来，她还真是命苦，这上天成了神仙怎的还要在紫宸殿里当个小仙娥。\r\n\r\n    当小仙娥也就算了，紫宸殿人少，神尊大婚都不知道在别的仙府里借几个人来使，一上午光在门口站着收各个神仙递上来的帖子都累的腰酸背痛腿抽筋。\r\n\r\n    清歌一边揉着肩膀，一边在心里嘀咕。\r\n\r\n    命运如此不公。\r\n\r\n    有人生来便是在九重天上，生来便是神界的上神，而有的人不光要受凡世疾苦，成了小仙还要看人脸色。\r\n\r\n    走着走着，还没等她悲春哀秋多久，肚子就又咕噜噜的响了起来。\r\n\r\n    站了一上午，肚子饿的甚是厉害，去厨房找些吃的还要看人脸色，神尊都没有那么凶过我。\r\n\r\n    你看我不顺眼，我还看你不顺眼呢。\r\n\r\n    情歌捂了捂不争气的肚子，又看了看自己的小布包，见里面存粮充足，才小心地拿出一块鲜花饼啃起来。\r\n\r\n    虽说花神陶然看起来跟块冰山似的高冷，她宫里的仙婢也颇看不起人，但鲜花饼做的倒是不错。\r\n\r\n    路上的神仙很多，都一股脑的往紫宸殿而去，没人注意到有个开小差的仙娥在这东逛逛西转转的。\r\n\r\n    左右一会儿就要举行大婚典礼，现在花神宫的人正少，不如去“借”些灵草仙植来舒舒心。\r\n\r\n    清歌又拿了一块鲜花饼来啃，眼珠子一转计上心来。\r\n\r\n    啧啧，今天撞我枪口上算你倒霉。\r\n\r\n    她一边吃一边笑，冷不丁就撞到一人身上，蹭的那人身上满是饼渣。\r\n\r\n    “呵呵，这位上神，是我僭越，您大人不记小人过放过我吧……”\r\n\r\n    清歌没敢抬头，求饶的话倒是说的很溜，生怕对面上神一个不高兴让自己去领罚。\r\n\r\n    她说着又伸出一只芊芊素手将上神身上的饼渣拍了个干净。\r\n\r\n    “上神？”\r\n\r\n    对面的人并没有说话，清歌看他着一身红衣，眼珠子转了转心道，这天上神仙多爱穿素色衣衫，连神尊的婚服都是白色的，难道他是那个传闻中喜着红衣的月下仙人？\r\n\r\n    嗯，这听说月下仙人是个老头，想必慈祥的很，他不说话应该就是不怪我吧……\r\n\r\n    对面的红衣男子见眼前之人又是点头又是傻笑，正要开口，就见她一阵风似的跑远了。\r\n\r\n    “啧，天界之人都是这般怪吗？”\r\n\r\n    红衣男子掂了掂手中折扇，低头又拍了拍已经干净的衣服，迈出一步正要接着往前走，却不知因何又改变心意朝另外的方向去了。\r\n\r\n    哎呦，真累人。\r\n\r\n    清歌跑了很远才停下脚步，拍着自己的胸脯不停喘息。\r\n\r\n    倒不是她害怕，着实是她仙力低微，在这九重天上任意一个神仙眼里都只像只小蝼蚁。万一有哪个变态点得把她捉住打个半死怎么办？那就真是哭都没地方哭了。\r\n\r\n    虽然我仙力低微，但是我天赋好呀，行云之术我称第二，九重天就没人敢称第一。\r\n\r\n    桀桀。\r\n\r\n    歇了一会儿，清歌总算缓过劲来，脸上又浮上一丝坏笑。\r\n\r\n    天界之人果然怪得很，不知神尊陆华是否也是这般。\r\n\r\n    清歌一边笑一边翻上了花神宫后院的墙头，丝毫不知在她身后有个隐去身形的红衣男子，正在暗自腹诽。\r\n\r\n    墙头清歌也算爬过不少，但花神宫的墙着实高些，爬起来也颇为费劲。\r\n\r\n    倒不是她不愿意用仙力，主要是她仙力低微，用仙力很容易被人察觉出来，至少她家神尊对她一逮一个准。后来她干脆靠自身武力爬了一个又一个墙头，闯了一个又一个的祸。\r\n\r\n    “哎呦~”\r\n\r\n    眼看着就要爬上墙头，清歌却突然脚下一滑，结结实实跌在地上。\r\n\r\n    “这花神宫也忒精明，把墙修的又高又滑，害我摔得这么惨！”\r\n\r\n    清歌爬起来先看了看布袋里的鲜花饼，见它们还是完好无损的待在里面才双手一叉腰，忿忿不平道。\r\n\r\n    “咳~”\r\n\r\n    红衣男子听见这话，差点忍不住就笑出声，赶紧伸手掩住嘴，但还是漏出一声轻咳来。\r\n\r\n    “谁，是谁，我看见你了，你快出来！”\r\n\r\n    清歌环顾四周，并没有发现人影，她又左右走动几步，还是没有发现人影，这才作罢。\r\n\r\n    倒是警觉。\r\n\r\n    红衣男子站在原地一动不动，很是淡定，他对自己的隐身术法很自信，有几次清歌的额头都差点碰上他的嘴唇。\r\n\r\n    “看来是我多心了。”\r\n\r\n    清歌没有发现人，拍了拍手上的尘土，准备接着往上爬。\r\n\r\n    这次倒是容易很多，脚下生风一般，被托着翻过了高大的墙头。\r\n\r\n    看来我的功夫还是不错的，哈哈。\r\n\r\n    在宫墙那头，清歌仰天做了个大笑的动作，全然忘了刚才她是怎样狼狈的摔了个狗啃屎。\r\n\r\n    宫墙这头的红衣男子像是将清歌的动作看了个清楚，又是一声轻笑才放下扇子，停止施术，径直走向宫墙。',15),(40,'第二章 神尊大婚（二）','红衣男子没有受到一点阻隔便来到清歌身边，高墙在他眼里犹如空气。\r\n\r\n    刚进入这个地方，他只觉花香扑鼻，再随着清歌的目光向前看去，满院子都是繁花锦簇，如此盛景是他此前从来没有见过的。\r\n\r\n    “哎呀，还别说，花神宫就是花神宫，比别的地方美上不少。”\r\n\r\n    身旁的女子发出一声感叹，红衣男子深以为然，赞同的点了点头。\r\n\r\n    “这花神宫果真不白来，若不是神尊今日……哈哈哈！”\r\n\r\n    说着说着清歌似是想到了什么，突然发出一阵银铃般的笑声，也不怕花神宫的人听见。\r\n\r\n    她的笑声引得红衣男子频频侧目，让他不禁怀疑自己的决定是否正确。\r\n\r\n    “平日里可真是寻不到这种机会，啧啧啧。”\r\n\r\n    不一会儿，清歌可算是止住笑声，双手背在身后，仰着头大踏步往前走了。\r\n\r\n    此人，莫不是脑袋有什么问题？\r\n\r\n    红衣男子左思右想都觉得神界之人不可能都是如此，唯一的可能性便是这人有什么问题。\r\n\r\n    他平日里遇到的人大都对他恭恭敬敬，还从未见过如此神经，戏多的人。\r\n\r\n    一阵风刮过，花神宫后院的百花皆随风摇曳，花瓣纷纷扬扬飞舞起来，落了清歌满身，偶尔有一两片调皮的嵌在了她的头发上。\r\n\r\n    两个人中间隔着漫天花海，红衣男子只觉被花瓣迷了眼，默默地把心里刚刚对清歌的评价划去，写上了一个有趣。\r\n\r\n    开始还觉得神界的审美甚是有问题，现在觉得前面小仙子清汤寡水的样貌也挺好看的，比之前见得那些妖艳妩媚的妖魔好上不少。\r\n\r\n    呵，这神界的空气真是不错，心跳都比之前快了。\r\n\r\n    红衣男子手里拿着折扇，轻轻勾起嘴角，简直比花神宫的百花还要美上几分。\r\n\r\n    此时此刻，感受着比平时跳动有力的心跳，他头一次觉得自己像个活生生的人，而不是众人口中心狠手辣，冷漠无情的——魔。\r\n\r\n    “听说这花神宫里有株灵花，食之可长千年灵力。”\r\n\r\n    清歌一边走一边观察哪里守着的人多，在神尊和花神大婚的日子都还守着的必定不凡，若是自己得了那灵花，仙力岂不是与日俱增。\r\n\r\n    嘿嘿嘿……\r\n\r\n    她仿佛已经看到自己吃下灵花，仙力增长，再也不是个小仙娥成天被人呼来唤去的日子了。\r\n\r\n    红衣男子就这样跟着清歌拐了一个又一个的弯，来到一处偏僻角落，这里虽然没有仙人看守，但这里的灵力波动很大。\r\n\r\n    清歌仙力低微，辨不出这灵力是仙力还是神力，但红衣男子看的分明，这间屋子周遭用神力覆盖着设了一个又一个的阵法。\r\n\r\n    看来，这间屋子里必有宝物。\r\n\r\n    清歌也是这么想，抬脚就朝屋子走去。\r\n\r\n    她倒不怕触动阵法。\r\n\r\n    红衣男子抱着臂，心中暗赞了她一句胆子大，颇像是魔界的御魔洪天。\r\n\r\n    可他哪里料的到，不是清歌胆子大，而是她仙力实在低微，根本看不见眼前的神力阵法。\r\n\r\n    这次清歌的运气好的很，红衣男子没有出手，她就轻而易举的走进了屋子，看的红衣男子还以为自己遇到了什么大本事的神仙。\r\n\r\n    不过，他转念一想若是她是个有大本事的神仙也不至于看不到自己的存在更别提爬个墙头还栽了一跤，她应该只是运气好罢了。\r\n\r\n    “哎呦，我还以为这屋子里能有什么好东西，只不过一块破镜子，有什么好稀罕！”\r\n\r\n    屋子里的摆设很少，正中一块硕大的镜子，比清歌还要高，除此之外再无其它。\r\n\r\n    “这东西不能吃不能喝，藏这么严实干什么……”\r\n\r\n    清歌还以为屋子里必然是那朵灵花，不想竟是一块连人都照不清的破镜子。\r\n\r\n    她对此物着实没有什么兴趣，况且这东西也不好带出去，若是将自己布袋里面的东西全部掏出来没准能放得下镜子，但清歌舍不得。\r\n\r\n    想到辛苦半天做了无用功，清歌就感觉到悲痛，所以她化悲痛为食欲，又拿出块鲜花饼啃了起来。\r\n\r\n    嗯?这东西有那么好吃吗?一直见她在吃。\r\n\r\n    红衣男子一边想着，一边鬼使神差的将手伸进清歌的小布包里掏出一块鲜花饼来吃。\r\n\r\n    “嗯?”\r\n\r\n    红衣男子刚刚掏出饼，便见清歌一把捂住布包，并且警惕的看着周围，那模样有趣极了。\r\n\r\n    “呸，真难吃！”\r\n\r\n    只听一块鲜花饼啪得掉在地上，骨碌碌的滚了几圈。\r\n\r\n    “你，你是什么人?偷我的饼就算了，为什么还要扔了它！”\r\n\r\n    清歌怒视着眼前突然出现的红衣男子，捂紧了自己的小布包，满脸写着暴殄天物四个大字。\r\n\r\n    “嗯?你能看见我了?”\r\n\r\n    红衣男子皱了皱眉，随即又想到可能是刚才鲜花饼太难吃，自己一时难忍忘了维持法术。\r\n\r\n    想通了以后他又接着道:“这东西这么难吃，你是怎么咽下去的?”\r\n\r\n    “什么难吃，明明是天底下最最最好的美味，你真没见识！”\r\n\r\n    清歌打量了红衣男子一眼，年轻的很，不太像传说中的月老，当然传说中的月老也不会闲的没事跟踪自己这么一个小仙娥。\r\n\r\n    再一细看，此人脸型比神尊稍长一些，神尊是标准的鹅蛋脸，看着温和，实际冷漠无情的很，而他的脸比神尊的瘦一些，长一些，更接近瓜子脸。\r\n\r\n    神尊的眼睛是瑞凤眼，而他是一双含笑的桃花眼，左额上有块小小的红玉面具遮住了他四分之一的脸。\r\n\r\n    配上一身红衣，不知怎的，格外对清歌的胃口。\r\n\r\n    “神界的神女都说神尊是神界第一好看的人，我却觉得不然，一定是她们还没有见过你。”\r\n\r\n    “哦?我比较赞同你后面说的话。”\r\n\r\n    红衣男子一挑眉，她这思维跳的也太快了！\r\n\r\n    “咳咳，我叫清歌，你呢?”\r\n\r\n    虽然不知不觉就把心里话说出来了，但清歌还是厚着脸皮做了个自我介绍。\r\n\r\n    这人长得如此好看，不跟他做个朋友岂不是太亏。\r\n\r\n    “九城。”\r\n\r\n    说话间红衣男子又是一笑，直叫清歌看呆了眼。\r\n\r\n    虽然她行为举止怪异，让人摸不着头脑，但她的眼光还是不错的，此人可交。',15),(41,'第三章 神尊大婚（三）','“虽然你长得好看，但也改变不了跟踪我的事实，说你跟着我想要干什么？”\r\n\r\n    清歌犯了会儿花痴，脑袋终于清明，问起正事来。\r\n\r\n    只要听见这人说他是花神宫的，她就立马逃跑。\r\n\r\n    “都说花神容貌无双，是神界第一美人，所以我来是想看看她长得多好看。”\r\n\r\n    九城挑了挑眉头，笑道。\r\n\r\n    “哦——这你可就来的有些不凑巧，花神她……”\r\n\r\n    清歌她一句话没说完，就见九城腰间一块玉牌开始闪烁起红光来，她的注意力一下子就被这神奇的物什吸引了去:“这是什么东西，有趣的很。”\r\n\r\n    “是我魔。”九城刚要脱口而出，就立马止住话头换了个说法:“是我家乡的通讯工具。”\r\n\r\n    九城将玉牌摘下，偷偷瞅了清歌一眼，见她并未起疑，才接着道:“只需用灵力激活它便可。”\r\n\r\n    说罢，九城对着玉牌打进一道灵气，他们俩面前立马出现一个人的脸。\r\n\r\n    此人长着一张长脸，比例生的不如九城完美。\r\n\r\n    “小白，你又跑去哪里瞎胡闹了?父亲找你半天了！”\r\n\r\n    “大哥，父亲那儿你替我打个掩护，我这还有要紧事……”\r\n\r\n    “他是你大哥?比你生的还要好看呢。”\r\n\r\n    清歌一脸好奇的凑了过来，将九城往旁边挤了挤。\r\n\r\n    “她是仙?你在神界?！被父亲知道的话，小心你的皮！”\r\n\r\n    画面中的男子似乎是生了气，对着九城就是一顿骂。\r\n\r\n    “咳咳，大哥，我这还不是为了你嘛?我知道你仰慕花神许久……”\r\n\r\n    “小白！当着外人的面不要乱说话！父亲刚刚又派人传信过来，我先去找父亲了……”\r\n\r\n    说着，清歌只见画面中的男子一挥手，画面就消散不见了，玉牌也恢复了原来的模样。\r\n\r\n    “这东西，真稀奇，能不能给我瞧瞧。”\r\n\r\n    清歌瞪着一双小鹿眼，充满希冀的盯着九城。\r\n\r\n    良久，就在清歌以为他要拒绝的时候。\r\n\r\n    九城轻笑一声，将手中的玉牌放在了清歌手心里。\r\n\r\n    他刚才将玉牌上沾染的魔气清了个干净，就怕被她察觉到不对劲。\r\n\r\n    当然魔气对神仙还有一定的伤害，这伤害对别的上神来说可以忽略不计，可对清歌就不一定了。\r\n\r\n    哎呀，离近了看，这小仙子还挺可爱的。\r\n\r\n    清歌正拿着玉牌仔细研究，九城在一旁突然想到要不要将这个小仙子‘诓’去魔界，毕竟魔界可没有如此可爱又有趣的小仙娥。\r\n\r\n    “刚刚你大哥喊你小白，是你的小名吗?”\r\n\r\n    清歌摆弄了一会儿玉牌，突然问起这个问题。\r\n\r\n    “咳，这个问题……”\r\n\r\n    九城似乎面有难色，用拳头抵住嘴巴轻咳一声，眼神飘忽，接着说道:“我本名廖小白，自从我记事母亲又为了取了九城这个名字，索性在外面都是说自己叫九城。”\r\n\r\n    “廖小白，也不错啊。”\r\n\r\n    “我大哥叫廖小黑，三妹叫廖彩儿……”\r\n\r\n    说到这，九城不禁翻了个白眼，心里忍不住吐槽亲爹的起名能力。\r\n\r\n    “嗯——我认为你三妹应该叫廖小红。”\r\n\r\n    清歌一边点头，一边说的郑重其事。\r\n\r\n    “咳咳，我会向我父亲提议让他给我再生个妹妹叫廖小红……”\r\n\r\n    九城撇撇嘴，跟清歌开了个玩笑。\r\n\r\n    反正自己父亲已经快十万岁，应该不会再给自己添个妹妹了。\r\n\r\n    但他绝不会料到，在不久的将来，他的家里还是添了四妹，廖钰儿。\r\n\r\n    他的父亲还对他和大哥说，女孩子总归明艳秀丽，名字自然也要好听些。\r\n\r\n    “小二。”清歌砸吧了几下嘴，觉得自己甚是天才:“你既排行第二，觉得这个名字怎么样?”\r\n\r\n    九城并不知道将来他会一个劲的埋怨父亲，此时，他只为清歌清奇的脑回路感到头痛。\r\n\r\n    “我觉得这个名字……”\r\n\r\n    “我觉得甚好！”\r\n\r\n    清歌砸吧了两下嘴，并没有听九城有什么意见，自己便做了决定:“小二，以后我就这样称呼你怎么样，够不够特殊，关键还好记！”\r\n\r\n    九城一脸嫌弃，当然够特殊，敢这么叫他的人，她还是天上地下头一个。\r\n\r\n    不过九城虽然嫌弃，但也没有再说什么，随她高兴吧，等以后把她拐回去，他一定取一堆的外号嘲笑她。\r\n\r\n    “砰——”\r\n\r\n    窗外突然响起礼炮声，两人朝外望去，只见天空中满是绚烂烟花。\r\n\r\n    “糟了！”\r\n\r\n    清歌像是想起什么一样，慌张地将手中的物什塞进自己的小布袋里，就往外跑去。\r\n\r\n    “可是发生了什么事，怎地如此慌张？”\r\n\r\n    九城伸出扇子拦住了清歌的去路。\r\n\r\n    “今天是八月十六，神尊大婚，你不会不知道吧。”\r\n\r\n    清歌瞅了瞅他又道：“我得赶紧过去，尊上脾气可不大好……”\r\n\r\n    “等等，你说神尊大婚？莫不是和花神大婚？他们俩大婚不是明天吗……”\r\n\r\n    九城也是困惑不已，自己明明是算好了时间过来的，可以赶在他们俩大婚之前将花神劫走。\r\n\r\n    “是今天……”\r\n\r\n    像是附和清歌的话一般，窗外又适时响起两声礼炮声。\r\n\r\n    “真的不能跟你说了，一会儿典礼开始神尊见不到我一定会很生气！”\r\n\r\n    可是，清歌没有料到，进来容易出去难。再加上她一时慌乱，像个无头苍蝇一样乱闯，最终导致她被门外的阵法困了个严严实实。\r\n\r\n    “小二，救我……”\r\n\r\n    清歌仙力低微，根本不可能靠自己的力量破阵，所以她选择第一时间求助九城。\r\n\r\n    “这我得想想……”\r\n\r\n    九城拿着扇子抵在下巴上，俨然一副看好戏的样子。\r\n\r\n    “哎呀，你这人可不能见死不救啊，快给我想个法子吧！”\r\n\r\n    清歌颇有些自来熟，自动将九城划到了她的阵营里。\r\n\r\n    九城在心里暗自腹诽了好几句笨蛋，才又开口道:“看起来我年龄比你大上不少，即是求人，你怎么也该叫我一声哥哥吧……”\r\n\r\n    “小二哥哥，你就快些救救我吧，再耽搁下去，我真的会死得很惨……”\r\n\r\n    骨气是个什么，清歌向来是不知道的。\r\n\r\n    她改口之快，脸皮之厚，着实让九城叹服。\r\n\r\n    瞅着眼前那双充满希冀的小鹿眼，九城彻底歇了戏弄的心思，轻轻一扬手，只见顺着展开的扇面冒出一道魔气，瞬间把阵法破坏的一干二净。',15),(42,'第四章 神尊大婚（四）','“小二，今天你救我一命，改天必有重谢……”\r\n\r\n    在阵法撤除的一瞬间，清歌顿时消失在原地，只有风中还残留着些许她未说完的话。\r\n\r\n    一直听说神尊威严，但没有想到一个小小的仙女都被吓成这样，真不知神尊到底有多可怖。\r\n\r\n    九城将扇子收在腰间笑了笑，化作一阵黑色的魔气追着清歌而去。\r\n\r\n    本来还说同她一起走的，没想到都没给他说话的机会。\r\n\r\n    看她仙力低微，不过这行云之术倒是不错。\r\n\r\n    九城毕竟已经修行了几万年，但他没想到等他到了紫宸殿的时候，清歌早就混在人群里看热闹看的起劲。\r\n\r\n    当然，也有一部分原因是他对神界不太熟悉导致找的慢些，但即便如此，清歌的行云之术也不容小觑。\r\n\r\n    “花神长得确实不错。”\r\n\r\n    一道男声从耳旁悠悠传来，热气直打在清歌耳根，弄得她耳根痒痒的。\r\n\r\n    是哪个不长眼的竟敢来招惹她，不知道紫宸殿中发生的所有事都在神尊的注视之下嘛！\r\n\r\n    清歌有些恼了，生怕神尊发现她在开小差。等她狠狠地瞪过去的时候，却发现原来是九城在说话，也不知道他是何时来的，一点动静都没有。\r\n\r\n    “我都忘了，神界大多神仙都会赶来参加神尊的大婚典礼，刚才只顾着自己跑了，不好意思啊……”\r\n\r\n    清歌侧着头，悄悄对着九城说了一句。\r\n\r\n    九城挑挑眉，笑了笑说道:“无妨。”\r\n\r\n    看来她以为他是赶来为神尊贺喜的神仙，一会儿动起手来可莫要吓到她……\r\n\r\n    九城正暗自思忖，半晌，又觉得自己想多了，担心过了头。\r\n\r\n    就她这副样子，又有什么能吓得到她……\r\n\r\n    “花神虽然好看，但看着根本没有什么人气，无趣。”\r\n\r\n    神尊和花神正走出大殿，他们的典礼要在大殿之前举行，光看他们这一段的举止，九城就得出了这么个结论。\r\n\r\n    “你懂什么，花神清淡高冷正配神尊的威严庄重！”\r\n\r\n    还不等清歌答话，旁边一个小仙立马抢着反驳道，看他一脸痴迷的样子，想必也是花神的崇拜者。\r\n\r\n    “唉，两个人都这么闷，确实相配。”\r\n\r\n    九城看着小仙这副模样叹了口气，他想起自家的哥哥说起花神来也是眼睛里直发光。\r\n\r\n    大抵这世上的暗恋者都是一副模样。\r\n\r\n    旁边的小仙本就争得面红耳赤，被九城这番话一激更是愤怒，说他可以，说花神不行！\r\n\r\n    “你这神仙，怎么这么不识好歹！花神和神尊地位崇高，性子自然冷清些，你若是想要人气去做凡人，来九重天做神仙干嘛！”\r\n\r\n    “小，小兄弟，你消消气……”\r\n\r\n    小仙的声音越来越大，听得清歌脑袋直发涨，这样下去神尊迟早注意到这边！\r\n\r\n    她微笑着赔礼，哪儿料对方根本不领情，梗着脖子还要再说。\r\n\r\n    “得罪了……”\r\n\r\n    别无他法，清歌只得将他的嘴巴用手捂了个严严实实，他未说完的话就全变成了清歌掌下的“呜呜呜，X﹏X”。\r\n\r\n    周围的几个神仙听见动静，皆皱着眉头看她，用眼神无声的控诉着。\r\n\r\n    “呵呵，呵呵，我家的小童看见神尊的伟岸身姿太激动了……”\r\n\r\n    清歌赔着笑说道，仙生好难，她想下凡！\r\n\r\n    “典礼快开始了，安静点！”\r\n\r\n    众人听了清歌的话皆作恍然大悟状，其中一人斥责了一句才又都回转过头。\r\n\r\n    “笑什么，还不是你惹出来的！”\r\n\r\n    清歌好不容易松了口气，撇头又看见九城笑得见牙不见眼，恼得冲他翻了好几个白眼。\r\n\r\n    “咳，你就是这么跟救命恩人说话的?”\r\n\r\n    九城轻咳了一声，冲清歌挑了挑眉毛，眼神中带着三分戏谑。\r\n\r\n    清歌张了张嘴巴，刚要辩解，却发现才恢复正常的人群又安静了下来，并且隐隐有都向自己方向看过来势头。\r\n\r\n    她赶紧抬头望去，想找寻到众神仙缘何如此。\r\n\r\n    却不料，刚抬头视线就与大殿前神尊的视线撞了个正着。\r\n\r\n    怪不得从刚才就有一种如芒在背的感觉，怪不得众神都朝这边张望，原来是因为自己不知何时招惹了神尊！\r\n\r\n    呜呼哀哉！\r\n\r\n    真是倒霉！只是偷个懒而已，竟被神尊抓个正着，看他那是什么眼神，恨不得吃了我！\r\n\r\n    清歌在与神尊对视的一瞬间，心思百转千回。\r\n\r\n    凭着做仙的这一百多年里练就的厚脸皮，她立马做出反应，朝神尊甜甜一笑，露出两个浅浅的梨涡来，随后又极为迅速地矮下身子，隐在人群里像个鸵鸟一般。\r\n\r\n    反正她已经看不到神尊板着的那种脸了，大约就等于神尊也看不到她了！\r\n\r\n    “你这是做什么?”\r\n\r\n    清歌好不容易将被捂住嘴的那位小仙的反抗压了下去，还没来得及喘上一口气，就听脑袋上方传来一道声音。\r\n\r\n    她赶紧抬头，正好对上九城那张妖孽般的脸。\r\n\r\n    “嘘——”\r\n\r\n    清歌招招手，让九城也蹲下身子才凑到他耳朵边悄悄对他说道:“之前还未来得及告诉你，我在紫宸殿当差，今日神尊大婚，若是被他发现我偷懒，那我——”\r\n\r\n    清歌做了个抹脖子的手势，虽然神尊不至于要了她的命，但责惩肯定是少不了的。\r\n\r\n    尤其神尊刻板至极，专爱让人抄些晦涩难懂的经文。\r\n\r\n    “呜呜呜——”\r\n\r\n    听到清歌说她在紫宸殿当差，被捂住嘴巴的小仙眼睛顿时亮了，支支吾吾的不知道他想说些什么。\r\n\r\n    “你也小点声，当心吃不了兜着走！”\r\n\r\n    清歌小小的威胁了一句，才慢慢放开了捂着他嘴巴的手。\r\n\r\n    “你，你，你竟在紫宸殿当差，据说神尊眼界高的很！”\r\n\r\n    清歌像是捅了马蜂窝，耳朵里全是小仙喋喋不休的声音。\r\n\r\n    虽然是赞美她的，但此时却越听越头痛。\r\n\r\n    就这样下去，神尊迟早注意到他们！\r\n\r\n    清歌深吸了两口气，给了小仙一个大大的笑容，趁着他还没有反应过来的时候拉了九城就跑。\r\n\r\n    “哎呀，她怎的走了，我还想向她讨教讨教如何能进紫宸殿呢！”\r\n\r\n    半晌，等两人不知道跑去哪个角落的时候，原地蹲着的小仙才反应过来，他脸上满是懊恼之色。',15);
/*!40000 ALTER TABLE `ranks_chapter` ENABLE KEYS */;
UNLOCK TABLES;

--
-- Table structure for table `ranks_novel`
--

DROP TABLE IF EXISTS `ranks_novel`;
/*!40101 SET @saved_cs_client     = @@character_set_client */;
/*!40101 SET character_set_client = utf8 */;
CREATE TABLE `ranks_novel` (
  `id` int(11) NOT NULL AUTO_INCREMENT,
  `name` varchar(20) NOT NULL,
  `number` int(11) NOT NULL,
  PRIMARY KEY (`id`)
) ENGINE=InnoDB AUTO_INCREMENT=16 DEFAULT CHARSET=utf8;
/*!40101 SET character_set_client = @saved_cs_client */;

--
-- Dumping data for table `ranks_novel`
--

LOCK TABLES `ranks_novel` WRITE;
/*!40000 ALTER TABLE `ranks_novel` DISABLE KEYS */;
INSERT INTO `ranks_novel` VALUES (1,'贱道长存',92675),(2,'仙帝独尊',51964),(3,'寒门仕子',83343),(4,'赘婿出山',41765),(5,'法学院的新生',15143),(6,'剑道第一仙',25499),(7,'雪中悍刀行',12782),(8,'无限列车',41132),(9,'剑来',22659),(10,'不让江山',63898),(11,'元尊',89580),(12,'大道南行',18131),(13,'混沌神陵',36356),(14,'绝世好人',60347),(15,'星辰之主',80271);
/*!40000 ALTER TABLE `ranks_novel` ENABLE KEYS */;
UNLOCK TABLES;

--
-- Table structure for table `ranks_novelmessage`
--

DROP TABLE IF EXISTS `ranks_novelmessage`;
/*!40101 SET @saved_cs_client     = @@character_set_client */;
/*!40101 SET character_set_client = utf8 */;
CREATE TABLE `ranks_novelmessage` (
  `id` int(11) NOT NULL AUTO_INCREMENT,
  `author` varchar(30) NOT NULL,
  `introduce` varchar(999) NOT NULL,
  `up` int(11) NOT NULL,
  `serialize` tinyint(1) NOT NULL,
  `vip_type` tinyint(1) NOT NULL,
  `cover` varchar(100) DEFAULT NULL,
  `novel_num_id` int(11) NOT NULL,
  PRIMARY KEY (`id`),
  UNIQUE KEY `novel_num_id` (`novel_num_id`),
  CONSTRAINT `ranks_novelmessage_novel_num_id_1e53d869_fk_ranks_novel_id` FOREIGN KEY (`novel_num_id`) REFERENCES `ranks_novel` (`id`)
) ENGINE=InnoDB AUTO_INCREMENT=16 DEFAULT CHARSET=utf8;
/*!40101 SET character_set_client = @saved_cs_client */;

--
-- Dumping data for table `ranks_novelmessage`
--

LOCK TABLES `ranks_novelmessage` WRITE;
/*!40000 ALTER TABLE `ranks_novelmessage` DISABLE KEYS */;
INSERT INTO `ranks_novelmessage` VALUES (1,'熊大吉','【尊贵书友群：655745458】 远看软柿子，近看软柿子，啃上一口……草！大理石的！ 我叫柳江！江湖人送外号贱圣，凭自己编的破系统坑遍天下，偶尔还坑坑自己。',9965,1,0,'cover/92675.jpeg',1),(2,'故一成','开局签到个最强器灵，请挖矿领取，坑遍仙、神界,组团吊打复活天才。 羽风与复活天才的最强对决，从大千世界战至仙界，从神界杀入位面星空。 仙路相逢勇者胜，正能量护体，信者无敌。',2339,0,0,'cover/51964.jpeg',2),(3,'佯忘','穿越成屡试不中的书生，家徒四壁不说，还有一个瞎了眼的老娘和一个刚成亲半年的妻子。肩不能扛，手又不能提，科技发明也不会。齐誉想了想：好像只剩下读书科举这一条路了！',6215,1,0,'cover/83343.jpeg',3),(4,'李闲鱼','山村赘婿李子安偶得西周方士传承，大惰随身炉傍身，医、卜、星、相样样精通，要风得龙卷，要雨发大水。软饭也是饭，但得讲究个吃法。李子安吃软饭，那姿势讲究可就大了。',6235,0,0,'cover/41765.jpeg',4),(5,'熊老师喵喵喵','原本是贵族才能就读的法学院，今年向平民开放招生。 三个弱鸡学生，阴差阳错的被安排进了学院。 可万万没想到……',1485,0,0,'cover/15143.jpeg',5),(6,'萧瑾瑜','我是万古人间一剑修，诸天之上第一仙。 已有完本作品《符皇》《天骄战纪》 公众号：xiaojinyu233',4691,1,0,'cover/25499.jpeg',6),(7,'烽火戏诸侯','江湖是一张珠帘。 大人物小人物，是珠子，大故事小故事，是串线。 情义二字，则是那些珠子的精气神。',3786,0,0,'cover/12782.jpeg',7),(8,'丁白','一场席卷全人类的无限游戏，死亡与杀戮在这里进行，或是生存下去，或者跌入无尽深渊。  尊贵书友群【1076746004】',3043,1,0,'cover/41132.jpeg',8),(9,'烽火戏诸侯','大千世界，无奇不有。 我陈平安，唯有一剑，可搬山，倒海，降妖，镇魔，敕神，摘星，断江，摧城，开天！ 我叫陈平安，平平安安的平安。我是一名剑客。',8246,1,0,'cover/22659.jpeg',9),(10,'知白','我本观天下，满是英雄豪杰。 我再观天下，皆为乌合之众。 这江山万民与其交给你们，还不如我自取之！',8213,1,0,'cover/63898.jpeg',10),(11,'天蚕土豆','天地为炉，万物为铜，阴阳为炭，造化为工。 气运之争，蟒雀吞龙。 究竟是蟒雀为尊，还是圣龙崛起，凌驾众生？',1266,1,0,'cover/89580.jpeg',11),(12,'南城四顾','“你为何如此？” “天地不公，那自然要将天地葬下，再从废墟中生根发芽！要后世不再受什么因果轮回，要让新天地，一切皆有可能！哪怕是，等她！”',9847,1,0,'cover/18131.jpeg',12),(13,'左右轮回','浩瀚星宇，异族入侵！战乱四起，星域破碎！ 姜雨穿梭至远古混沌星，识窈窕仙女，战洪荒圣体，杀远古神兽，走上了一条热血艰辛的踏仙之路！',8355,0,0,'cover/36356.jpeg',13),(14,'覆手','虽有娇妻相伴，却是绝版渣男。 一朝浪子回头，造就绝世好人！ 咦！',9913,0,0,'cover/60347.jpeg',14),(15,'减肥专家','世纪之交，人类懵懂着踏入星空，就此暴露在诸神的视线之下。少年罗南背负着祖父的罪孽，走出实验室，且看他： 高举燃烧的笔记，脚踏诸神的尸骨；',5997,1,0,'cover/80271.jpg',15);
/*!40000 ALTER TABLE `ranks_novelmessage` ENABLE KEYS */;
UNLOCK TABLES;

--
-- Table structure for table `ranks_noveltag`
--

DROP TABLE IF EXISTS `ranks_noveltag`;
/*!40101 SET @saved_cs_client     = @@character_set_client */;
/*!40101 SET character_set_client = utf8 */;
CREATE TABLE `ranks_noveltag` (
  `id` int(11) NOT NULL AUTO_INCREMENT,
  `tag` varchar(60) NOT NULL,
  PRIMARY KEY (`id`)
) ENGINE=InnoDB AUTO_INCREMENT=16 DEFAULT CHARSET=utf8;
/*!40101 SET character_set_client = @saved_cs_client */;

--
-- Dumping data for table `ranks_noveltag`
--

LOCK TABLES `ranks_noveltag` WRITE;
/*!40000 ALTER TABLE `ranks_noveltag` DISABLE KEYS */;
INSERT INTO `ranks_noveltag` VALUES (1,'都市娱乐'),(2,'搞笑'),(3,'爽文'),(4,'奇幻玄幻'),(5,'玄幻仙侠'),(6,'历史军事'),(7,'重生'),(8,'生活'),(9,'魔法'),(10,'修真'),(11,'科幻游戏'),(12,'未来'),(13,'古典仙侠'),(14,'争霸'),(15,'武侠仙侠');
/*!40000 ALTER TABLE `ranks_noveltag` ENABLE KEYS */;
UNLOCK TABLES;

--
-- Table structure for table `ranks_numtotag`
--

DROP TABLE IF EXISTS `ranks_numtotag`;
/*!40101 SET @saved_cs_client     = @@character_set_client */;
/*!40101 SET character_set_client = utf8 */;
CREATE TABLE `ranks_numtotag` (
  `id` int(11) NOT NULL AUTO_INCREMENT,
  `num_id` int(11) NOT NULL,
  `tags_id` int(11) NOT NULL,
  PRIMARY KEY (`id`),
  KEY `ranks_numtotag_num_id_9342316f_fk_ranks_novel_id` (`num_id`),
  KEY `ranks_numtotag_tags_id_d7be2c53_fk_ranks_noveltag_id` (`tags_id`),
  CONSTRAINT `ranks_numtotag_num_id_9342316f_fk_ranks_novel_id` FOREIGN KEY (`num_id`) REFERENCES `ranks_novel` (`id`),
  CONSTRAINT `ranks_numtotag_tags_id_d7be2c53_fk_ranks_noveltag_id` FOREIGN KEY (`tags_id`) REFERENCES `ranks_noveltag` (`id`)
) ENGINE=InnoDB AUTO_INCREMENT=34 DEFAULT CHARSET=utf8;
/*!40101 SET character_set_client = @saved_cs_client */;

--
-- Dumping data for table `ranks_numtotag`
--

LOCK TABLES `ranks_numtotag` WRITE;
/*!40000 ALTER TABLE `ranks_numtotag` DISABLE KEYS */;
INSERT INTO `ranks_numtotag` VALUES (1,1,1),(2,1,2),(3,1,3),(4,2,5),(5,2,4),(6,3,6),(7,3,6),(8,4,1),(9,4,3),(10,4,8),(11,5,9),(12,5,4),(13,5,2),(14,6,4),(15,6,3),(16,6,7),(17,7,4),(18,7,10),(19,8,11),(20,8,12),(21,9,13),(22,10,6),(23,10,14),(24,10,2),(25,11,4),(26,11,3),(27,12,4),(28,13,15),(29,13,3),(30,13,2),(31,14,1),(32,14,8),(33,15,11);
/*!40000 ALTER TABLE `ranks_numtotag` ENABLE KEYS */;
UNLOCK TABLES;

--
-- Table structure for table `ranks_user`
--

DROP TABLE IF EXISTS `ranks_user`;
/*!40101 SET @saved_cs_client     = @@character_set_client */;
/*!40101 SET character_set_client = utf8 */;
CREATE TABLE `ranks_user` (
  `id` int(11) NOT NULL AUTO_INCREMENT,
  `mail` varchar(50) NOT NULL,
  `password` varchar(32) DEFAULT NULL,
  PRIMARY KEY (`id`)
) ENGINE=InnoDB AUTO_INCREMENT=10 DEFAULT CHARSET=utf8;
/*!40101 SET character_set_client = @saved_cs_client */;

--
-- Dumping data for table `ranks_user`
--

LOCK TABLES `ranks_user` WRITE;
/*!40000 ALTER TABLE `ranks_user` DISABLE KEYS */;
INSERT INTO `ranks_user` VALUES (3,'123@163.com','123'),(4,'456@163.com','456'),(5,'789@163.com','789'),(6,'372697317@qq.com','e10adc3949ba59abbe56e057f20f883e'),(7,'000000@163.com','e10adc3949ba59abbe56e057f20f883e'),(8,'1111@163.com','e10adc3949ba59abbe56e057f20f883e'),(9,'000@163.com','c6f057b86584942e415435ffb1fa93d4');
/*!40000 ALTER TABLE `ranks_user` ENABLE KEYS */;
UNLOCK TABLES;

--
-- Table structure for table `ranks_user_info`
--

DROP TABLE IF EXISTS `ranks_user_info`;
/*!40101 SET @saved_cs_client     = @@character_set_client */;
/*!40101 SET character_set_client = utf8 */;
CREATE TABLE `ranks_user_info` (
  `id` int(11) NOT NULL AUTO_INCREMENT,
  `avatar` varchar(100) DEFAULT NULL,
  `nickname` varchar(5) NOT NULL,
  `collection` varchar(100) NOT NULL,
  `user_type` varchar(100) NOT NULL,
  `created_time` datetime(6) NOT NULL,
  `updated_time` datetime(6) NOT NULL,
  `phone` varchar(11) NOT NULL,
  `user_vip` varchar(20) NOT NULL,
  `user_vip_time` datetime(6) DEFAULT NULL,
  `mail_id` int(11) NOT NULL,
  PRIMARY KEY (`id`),
  UNIQUE KEY `mail_id` (`mail_id`),
  CONSTRAINT `ranks_user_info_mail_id_628abc0f_fk_ranks_user_id` FOREIGN KEY (`mail_id`) REFERENCES `ranks_user` (`id`)
) ENGINE=InnoDB AUTO_INCREMENT=4 DEFAULT CHARSET=utf8;
/*!40101 SET character_set_client = @saved_cs_client */;

--
-- Dumping data for table `ranks_user_info`
--

LOCK TABLES `ranks_user_info` WRITE;
/*!40000 ALTER TABLE `ranks_user_info` DISABLE KEYS */;
INSERT INTO `ranks_user_info` VALUES (1,'','普通用户','','2','2021-02-25 16:57:02.552138','2021-02-25 16:57:02.552206','','',NULL,7),(2,'','普通用户','','2','2021-02-25 19:25:16.094096','2021-02-25 19:25:16.094272','','',NULL,8),(3,'','普通用户','','2','2021-02-25 20:32:56.852210','2021-02-25 20:32:56.852303','','',NULL,9);
/*!40000 ALTER TABLE `ranks_user_info` ENABLE KEYS */;
UNLOCK TABLES;

--
-- Table structure for table `ranks_usertosc`
--

DROP TABLE IF EXISTS `ranks_usertosc`;
/*!40101 SET @saved_cs_client     = @@character_set_client */;
/*!40101 SET character_set_client = utf8 */;
CREATE TABLE `ranks_usertosc` (
  `id` int(11) NOT NULL AUTO_INCREMENT,
  `number_id` int(11) NOT NULL,
  `user_id` int(11) NOT NULL,
  PRIMARY KEY (`id`),
  KEY `ranks_usertosc_user_id_a550e014_fk_ranks_user_id` (`user_id`),
  KEY `ranks_usertosc_number_id_7b8d2ee6_fk_ranks_novel_id` (`number_id`),
  CONSTRAINT `ranks_usertosc_number_id_7b8d2ee6_fk_ranks_novel_id` FOREIGN KEY (`number_id`) REFERENCES `ranks_novel` (`id`),
  CONSTRAINT `ranks_usertosc_user_id_a550e014_fk_ranks_user_id` FOREIGN KEY (`user_id`) REFERENCES `ranks_user` (`id`)
) ENGINE=InnoDB AUTO_INCREMENT=17 DEFAULT CHARSET=utf8;
/*!40101 SET character_set_client = @saved_cs_client */;

--
-- Dumping data for table `ranks_usertosc`
--

LOCK TABLES `ranks_usertosc` WRITE;
/*!40000 ALTER TABLE `ranks_usertosc` DISABLE KEYS */;
INSERT INTO `ranks_usertosc` VALUES (5,1,3),(6,2,3),(7,1,5),(8,1,4),(9,2,4),(10,4,4),(11,3,5),(12,5,5),(13,5,5),(14,7,6),(15,5,7),(16,5,4);
/*!40000 ALTER TABLE `ranks_usertosc` ENABLE KEYS */;
UNLOCK TABLES;
/*!40103 SET TIME_ZONE=@OLD_TIME_ZONE */;

/*!40101 SET SQL_MODE=@OLD_SQL_MODE */;
/*!40014 SET FOREIGN_KEY_CHECKS=@OLD_FOREIGN_KEY_CHECKS */;
/*!40014 SET UNIQUE_CHECKS=@OLD_UNIQUE_CHECKS */;
/*!40101 SET CHARACTER_SET_CLIENT=@OLD_CHARACTER_SET_CLIENT */;
/*!40101 SET CHARACTER_SET_RESULTS=@OLD_CHARACTER_SET_RESULTS */;
/*!40101 SET COLLATION_CONNECTION=@OLD_COLLATION_CONNECTION */;
/*!40111 SET SQL_NOTES=@OLD_SQL_NOTES */;

-- Dump completed on 2021-02-25 20:42:51
