[{"model": "contenttypes.contenttype", "pk": 1, "fields": {"app_label": "admin", "model": "logentry"}}, {"model": "contenttypes.contenttype", "pk": 2, "fields": {"app_label": "auth", "model": "permission"}}, {"model": "contenttypes.contenttype", "pk": 3, "fields": {"app_label": "auth", "model": "group"}}, {"model": "contenttypes.contenttype", "pk": 4, "fields": {"app_label": "auth", "model": "user"}}, {"model": "contenttypes.contenttype", "pk": 5, "fields": {"app_label": "contenttypes", "model": "contenttype"}}, {"model": "contenttypes.contenttype", "pk": 6, "fields": {"app_label": "sessions", "model": "session"}}, {"model": "contenttypes.contenttype", "pk": 7, "fields": {"app_label": "ranks", "model": "novel"}}, {"model": "contenttypes.contenttype", "pk": 8, "fields": {"app_label": "ranks", "model": "noveltag"}}, {"model": "contenttypes.contenttype", "pk": 9, "fields": {"app_label": "ranks", "model": "novelsections"}}, {"model": "contenttypes.contenttype", "pk": 10, "fields": {"app_label": "ranks", "model": "novelmessage"}}, {"model": "contenttypes.contenttype", "pk": 11, "fields": {"app_label": "ranks", "model": "novelcontent"}}, {"model": "sessions.session", "pk": "w8xw2arn9usgaa5k4bzgm3w73i2dtq2c", "fields": {"session_data": "YWZiMTE1Mzc1NGM5ZmJiMmY4MzU0MGE4MzM1YWI0ZTI0NWFkZjUwZTp7Il9hdXRoX3VzZXJfaWQiOiIxIiwiX2F1dGhfdXNlcl9iYWNrZW5kIjoiZGphbmdvLmNvbnRyaWIuYXV0aC5iYWNrZW5kcy5Nb2RlbEJhY2tlbmQiLCJfYXV0aF91c2VyX2hhc2giOiIxZjNiN2U1NmIyYzdkN2Q2NGRiZTI0YTVmMTQ0ODQyN2M4YmM3MTE2In0=", "expire_date": "2021-02-28T03:38:35.782"}}, {"model": "ranks.novel", "pk": 14, "fields": {"name": "\u6e21\u52ab\u4e4b\u738b"}}, {"model": "ranks.novel", "pk": 15, "fields": {"name": "\u5927\u56fd\u540d\u53a8"}}, {"model": "ranks.novel", "pk": 16, "fields": {"name": "\u4e0d\u8ba9\u6c5f\u5c71"}}, {"model": "ranks.novel", "pk": 17, "fields": {"name": "\u5251\u6765"}}, {"model": "ranks.novel", "pk": 18, "fields": {"name": "\u8fb9\u6708\u6ee1\u897f\u5c71"}}, {"model": "ranks.novel", "pk": 19, "fields": {"name": "\u4e00\u5251\u72ec\u5c0a"}}, {"model": "ranks.novel", "pk": 20, "fields": {"name": "\u96ea\u4e2d\u608d\u5200\u884c"}}, {"model": "ranks.novel", "pk": 21, "fields": {"name": "\u6700\u5f3a\u72c2\u5175"}}, {"model": "ranks.novel", "pk": 22, "fields": {"name": "\u5e26\u7740\u864e\u7b26\u5f53\u592a\u5b50"}}, {"model": "ranks.novel", "pk": 23, "fields": {"name": "\u4e2b\u5934\u5bb6\u7684\u7edd\u4e16\u9ad8\u624b"}}, {"model": "ranks.novel", "pk": 24, "fields": {"name": "\u8e0f\u661f"}}, {"model": "ranks.noveltag", "pk": 1, "fields": {"tag": "\u6b66\u4fa0\u4ed9\u4fa0", "novel": [14, 17, 20, 23]}}, {"model": "ranks.noveltag", "pk": 2, "fields": {"tag": "\u53e4\u5178\u4ed9\u4fa0", "novel": [17, 23]}}, {"model": "ranks.noveltag", "pk": 4, "fields": {"tag": "\u70ed\u8840", "novel": [14]}}, {"model": "ranks.noveltag", "pk": 6, "fields": {"tag": "\u4e89\u9738", "novel": [19]}}, {"model": "ranks.noveltag", "pk": 7, "fields": {"tag": "\u5386\u53f2\u519b\u4e8b", "novel": [22]}}, {"model": "ranks.noveltag", "pk": 8, "fields": {"tag": "\u5947\u5e7b\u7384\u5e7b", "novel": [19, 20]}}, {"model": "ranks.noveltag", "pk": 9, "fields": {"tag": "\u641e\u7b11", "novel": [16]}}, {"model": "ranks.noveltag", "pk": 11, "fields": {"tag": "\u90fd\u5e02\u5a31\u4e50", "novel": [19, 21]}}, {"model": "ranks.noveltag", "pk": 12, "fields": {"tag": "\u4fa0\u80c6\u9152\u5fc3", "novel": [15, 18]}}, {"model": "ranks.noveltag", "pk": 13, "fields": {"tag": "\u79d1\u5e7b\u6e38\u620f", "novel": [24]}}, {"model": "ranks.noveltag", "pk": 14, "fields": {"tag": "\u70ed\u8840", "novel": [24]}}, {"model": "ranks.noveltag", "pk": 15, "fields": {"tag": "\u5f02\u4e16", "novel": [24]}}, {"model": "ranks.novelmessage", "pk": 3, "fields": {"author": "\u65e0\u7f6a", "introduce": "\u738b\u79bb\u662f\u7384\u5929\u5b97\u7684\u4fee\u58eb\uff0c\u5e26\u7740\u4ed6\u4fee\u884c\u7684\u5e08\u59d0\u5728\u6e21\u52ab\u5931\u8d25\u4e4b\u540e\u8111\u5b50\u5c31\u51fa\u4e86\u4e9b\u95ee\u9898\uff0c\u4ee5\u81f3\u4e8e\u738b\u79bb\u7684\u4fee\u884c\u4e4b\u8def\u4e5f\u53d8\u5f97\u6709\u70b9\u4e0d\u592a\u6b63\u5e38\u8d77\u6765", "up": 4561, "serialize": true, "vip_type": false, "cover": "cover/y_1.jpeg", "novel": 14}}, {"model": "ranks.novelmessage", "pk": 4, "fields": {"author": "\u70df\u6597\u8001\u54e5", "introduce": "\u8eab\u6000\u5fa1\u53a8\u4f20\u627f\uff0c\u4e3a\u507f\u7236\u503a\uff0c\u88ab\u8feb\u5165\u8d58\u9676\u5bb6\uff0c\u9762\u5bf9\u9ad8\u51b7\u59bb\u5b50\u7684\u8f7b\u89c6\uff0c\u5916\u56fd\u9910\u996e\u7684\u6253\u538b\uff0c\u4e54\u667a\u6f5c\u9f99\u4e00\u98de\u51b2\u5929\u8d77\uff0c\u6210\u4e3a\u534e\u590f\u9876\u7ea7\u540d\u53a8\uff0c\u9910\u996e\u5927\u9cc4\uff01\u4e66\u53cb\u7fa4\u53f7\uff1a493181579\u3002", "up": 3457, "serialize": true, "vip_type": false, "cover": "cover/\u5927\u56fd\u540d\u53a8.jpeg", "novel": 15}}, {"model": "ranks.novelmessage", "pk": 5, "fields": {"author": "\u77e5\u767d", "introduce": "\u6211\u672c\u89c2\u5929\u4e0b\uff0c\u6ee1\u662f\u82f1\u96c4\u8c6a\u6770\u3002 \u6211\u518d\u89c2\u5929\u4e0b\uff0c\u7686\u4e3a\u4e4c\u5408\u4e4b\u4f17\u3002 \u8fd9\u6c5f\u5c71\u4e07\u6c11\u4e0e\u5176\u4ea4\u7ed9\u4f60\u4eec\uff0c\u8fd8\u4e0d\u5982\u6211\u81ea\u53d6\u4e4b\uff01", "up": 4764, "serialize": true, "vip_type": false, "cover": "cover/\u4e0d\u8ba9\u6c5f\u5c71.jpeg", "novel": 16}}, {"model": "ranks.novelmessage", "pk": 6, "fields": {"author": "\u5251\u6765", "introduce": "\u5927\u5343\u4e16\u754c\uff0c\u65e0\u5947\u4e0d\u6709\u3002 \u6211\u9648\u5e73\u5b89\uff0c\u552f\u6709\u4e00\u5251\uff0c\u53ef\u642c\u5c71\uff0c\u5012\u6d77\uff0c\u964d\u5996\uff0c\u9547\u9b54\uff0c\u6555\u795e\uff0c\u6458\u661f\uff0c\u65ad\u6c5f\uff0c\u6467\u57ce\uff0c\u5f00\u5929\uff01 \u6211\u53eb\u9648\u5e73\u5b89\uff0c\u5e73\u5e73\u5b89\u5b89\u7684\u5e73\u5b89\u3002\u6211\u662f\u4e00\u540d\u5251\u5ba2\u3002", "up": 7523, "serialize": true, "vip_type": false, "cover": "cover/\u5251\u6765.jpeg", "novel": 17}}, {"model": "ranks.novelmessage", "pk": 7, "fields": {"author": "\u5955\u8fb0\u8fb0", "introduce": "\u3010\u4e66\u53cb\u7fa4\uff1a362224763\u3011\u5982\u4eca\u8fd9\u4e94\u738b\u5171\u6cbb\u7684\u4e16\u9053\uff0c\u767e\u4e1a\u5174\u65fa\u3002\u95f2\u6765\u65e0\u4e8b\u592a\u4e0a\u6cb3\u753b\u822b\u4e0a\u70b9\u4f4d\u82b1\u9b41\u5403\u676f\u9152\uff0c\u4e0a\u5934\u4e86\u5c31\u5728\u7965\u817e\u5ba2\u6808\u7761\u5230\u9694\u65e5\u664c\u5348\u3002\u4e3a\u4e86\u76f8\u597d\u7684\u786c\u7740\u8111\u95e8\u8ba8\u4e2a\u4e91\u53f0\u7684\u6d77\u8d27\uff0c\u786e\u8981\u8bb0\u5f97\u5728\u95fa\u623f\u4e2d\u90fd\u5343\u4e07\u522b\u8bae\u8bba\u575b\u5ead\u3002\u6f20\u5357\u7684\u86ee\u5b50\u6700\u8bb2\u4e49\u6c14\uff0c\u8349\u539f\u7684\u4eba\u6bd4\u72fc\u66f4\u517d\u6027\u3002\u4e0d\u8fc7\u8fd9\u5929\u4e0b\u5927\u52bf\u600e\u53ef\u4e00\u76f4\u5206\u800c\u4e0d\u5408\uff1f\u5c31\u5982\u90a3\u7ee3\u82b1\u9488\uff0c\u725b\u6bdb\u96e8\u822c\uff0c\u4e00\u4e2a\u770b\u4f3c\u6d6e\u840d\u822c\u7684\u5c0f\u7ebf\u5934\u4ece\u4e0b\u5230\u4e0a\uff0c\u5c06\u8fd9\u504c\u5927\u5929\u4e0b\u5708\u4e86\u4e2a\u624e\u5b9e\u3002", "up": 4823, "serialize": true, "vip_type": false, "cover": "cover/\u8fb9\u6708\u6ee1\u897f\u5c71.jpeg", "novel": 18}}, {"model": "ranks.novelmessage", "pk": 8, "fields": {"author": "\u9752\u9e3e\u5cf0\u4e0a", "introduce": "\u751f\u6b7b\u770b\u6de1\uff0c\u4e0d\u670d\u5c31\u5e72\u3002 \u8bf8\u5929\u795e\u4f5b\u4ed9\uff0c\u4e0d\u8fc7\u4e00\u5251\u95f4\uff01", "up": 6548, "serialize": true, "vip_type": false, "cover": "cover/\u4e00\u5251\u72ec\u5c0a.jpeg", "novel": 19}}, {"model": "ranks.novelmessage", "pk": 9, "fields": {"author": "\u70fd\u706b\u620f\u8bf8\u4faf", "introduce": "\u6c5f\u6e56\u662f\u4e00\u5f20\u73e0\u5e18\u3002 \u5927\u4eba\u7269\u5c0f\u4eba\u7269\uff0c\u662f\u73e0\u5b50\uff0c\u5927\u6545\u4e8b\u5c0f\u6545\u4e8b\uff0c\u662f\u4e32\u7ebf\u3002 \u60c5\u4e49\u4e8c\u5b57\uff0c\u5219\u662f\u90a3\u4e9b\u73e0\u5b50\u7684\u7cbe\u6c14\u795e\u3002", "up": 6535, "serialize": true, "vip_type": false, "cover": "cover/\u96ea\u4e2d\u608d\u5200\u884c.jpeg", "novel": 20}}, {"model": "ranks.novelmessage", "pk": 10, "fields": {"author": "\u70c8\u7130\u6ed4\u6ed4", "introduce": "\u4e00\u4ee3\u5175\u738b\u542b\u6068\u79bb\u5f00\u90e8\u961f\uff0c\u9500\u58f0\u533f\u8ff9\u51e0\u5e74\u540e\uff0c\u9006\u5929\u5f3a\u8005\u5f3a\u52bf\u56de\u5f52\u90fd\u5e02\uff0c\u518d\u5ea6\u6380\u8d77\u8840\u96e8\u8165\u98ce\uff01\u7b80\u5355\u7c97\u66b4\u662f\u6211\u7684\u884c\u4e8b\u827a\u672f\uff0c\u4e0d\u670d\u5c31\u5e72\u662f\u6211\u7684\u751f\u6d3b\u6001\u5ea6\uff01\u770b\u9876\u7ea7\u72c2\u5c11\u5982\u4f55\u7eb5\u6a2a\u90fd\u5e02\uff0c\u4e66\u5199\u5c5e\u4e8e\u4ed6\u7684\u5929\u738b\u4f20\u5947\uff01\u4f9d\u65e7\u6781\u723d\u6781\u70ed\u8840\uff01\uff08\u5fae\u4fe1\u516c\u4f17\u5e73\u53f0\uff1a\u70c8\u7130\u6ed4\u6ed4\uff09", "up": 6543, "serialize": true, "vip_type": false, "cover": "cover/\u6700\u5f3a\u72c2\u5175.jpg", "novel": 21}}, {"model": "ranks.novelmessage", "pk": 11, "fields": {"author": "\u840c\u72ac\u5976\u51f6", "introduce": "\u4e00\u5957\u725b\u903c\u7684\u864e\u7b26\u8f6c\u4e16\u7cfb\u7edf\uff0c\u4e00\u4e2a\u5f00\u59cb\u9006\u88ad\u7684\u5f00\u6302\u4eba\u751f\u3002\u5f53\u9646\u8fb0\u9b42\u7a7f\u5230\u5f02\u4e16\u5927\u9646\uff0c\u662f\u5982\u4f55\u9189\u5367\u7f8e\u4eba\u819d\uff0c\u9192\u638c\u5929\u4e0b\u6743\uff1f\u7cbe\u5f69\u4eba\u751f\u5168\u5728\u6b64\u7bc7\u5982\u753b\u7f8e\u6587\u4e2d\uff0c\u5f00\u5377\u6709\u76ca\uff0c\u6211\u4f1a\u5448\u73b0\u6700\u7cbe\u5f69\u5185\u5bb9\u56de\u9988\u670b\u53cb\u4eec\u3002", "up": 7658, "serialize": true, "vip_type": false, "cover": "cover/\u5e26\u7740\u864e\u7b26\u5f53\u592a\u5b50.jpeg", "novel": 22}}, {"model": "ranks.novelmessage", "pk": 12, "fields": {"author": "\u4e2b\u5934\u5bb6\u7684\u7edd\u4e16\u9ad8\u624b", "introduce": "\u4e00\u4e2a\u88ab\u597d\u5947\u5bb3\u6b7b\u7684\u732b\uff0c\u6210\u4e3a\u4e86\u4e16\u95f4\u6700\u5f3a\u8700\u9053\u3002", "up": 4664, "serialize": true, "vip_type": false, "cover": "cover/\u4e2b\u5934\u5bb6\u7684\u7edd\u4e16\u9ad8\u624b.jpeg", "novel": 23}}, {"model": "ranks.novelmessage", "pk": 13, "fields": {"author": "\u968f\u6563\u98d8\u98ce", "introduce": "\u6d69\u701a\u5b87\u5b99\uff0c\u65e0\u5c3d\u79cd\u65cf\uff01\u6062\u5f18\u6218\u6280\uff0c\u5341\u51b3\u6a2a\u7a7a\uff01 \u8fdc\u53e4\u72ec\u59d3\uff0c\u767e\u5f3a\u6218\u699c\uff01\u4ee5\u6211\u4e4b\u540d\uff0c\u811a\u8e0f\u661f\u7a7a\uff01                                             2200\u5e74\u7684\u4e00\u5929\uff0c\u5f53\u4eba\u7c7b\u7b2c\u4e00\u6b21\u767b\u4e0a\u6d77\u738b\u661f\uff0c\u770b\u5230\u7684\u662f\u4e00\u67c4\u6218\u5200\u548c\u4e00\u5177\u7ad9\u7acb\u7684\u5c38\u4f53\uff01\uff01\uff01 \u5df2\u6709\u5b8c\u7ed3\u8001\u4e66\u300a\u672b\u65e5\u4e4b\u65e0\u4e0a\u738b\u5ea7\u300b\u4e09\u767e\u591a\u4e07\u5b57\uff0c\u4ece\u672a\u65ad\u66f4\uff0c\u4eba\u54c1\u4fdd\u8bc1\uff01\uff01", "up": 5446, "serialize": true, "vip_type": false, "cover": "cover/\u8e0f\u661f.jpeg", "novel": 24}}, {"model": "ranks.novelsections", "pk": 1, "fields": {"title": "\u7b2c\u4e00\u7ae0 \u6838\u821f\u4e0a\u5403\u6838\u6843", "content_id": 1, "novel": 14}}, {"model": "ranks.novelsections", "pk": 2, "fields": {"title": "\u7b2c\u4e8c\u7ae0 \u6709\u56e0\u5fc5\u6709\u679c", "content_id": 2, "novel": 14}}, {"model": "ranks.novelsections", "pk": 3, "fields": {"title": "\u7b2c\u4e09\u7ae0 \u8fd9\u4ec0\u4e48\u9053\u7406", "content_id": 3, "novel": 14}}, {"model": "ranks.novelsections", "pk": 4, "fields": {"title": "\u7b2c001\u7ae0 \u53f2\u4e0a\u6700\u6ca1\u6709\u6c42\u751f\u6b32\u7684\u7537\u4eba\uff01", "content_id": 1, "novel": 15}}, {"model": "ranks.novelsections", "pk": 5, "fields": {"title": "\u7b2c002\u7ae0 \u5582\uff0c\u90a3\u4e2a\u201c\u65b0\u6765\u7684\u201d\uff01", "content_id": 2, "novel": 15}}, {"model": "ranks.novelsections", "pk": 6, "fields": {"title": "\u7b2c\u4e00\u7ae0 \u51e1\u4e8b\u7686\u6709\u5ea6", "content_id": 1, "novel": 16}}, {"model": "ranks.novelsections", "pk": 7, "fields": {"title": "\u7b2c\u4e8c\u7ae0 \u8d2a\u8d22", "content_id": 2, "novel": 16}}, {"model": "ranks.novelsections", "pk": 8, "fields": {"title": "\u7b2c\u4e09\u7ae0 \u591a\u804a\u804a", "content_id": 3, "novel": 16}}, {"model": "ranks.novelsections", "pk": 9, "fields": {"title": "\u7b2c\u56db\u7ae0 \u8bfb\u4e66\u6bd4\u8f83\u5bb9\u6613", "content_id": 4, "novel": 16}}, {"model": "ranks.novelsections", "pk": 10, "fields": {"title": "\u7b2c\u4e00\u7ae0 \u5c11\u5e74\u4fa0\u6c14", "content_id": 1, "novel": 18}}, {"model": "ranks.novelsections", "pk": 11, "fields": {"title": "\u7b2c\u4e8c\u7ae0 \u4e2d\u90fd\u67e5\u7f09\u4f7f", "content_id": 2, "novel": 18}}, {"model": "ranks.novelsections", "pk": 12, "fields": {"title": "\u7b2c\u4e00\u7ae0 \u60ca\u86f0", "content_id": 1, "novel": 17}}, {"model": "ranks.novelsections", "pk": 13, "fields": {"title": "\u7b2c\u4e8c\u7ae0 \u5f00\u95e8", "content_id": 2, "novel": 17}}, {"model": "ranks.novelsections", "pk": 14, "fields": {"title": "\u7b2c\u4e00\u7ae0\uff1a\u8c01\u6562\u52a8\u6211\u59b9\uff01", "content_id": 1, "novel": 19}}, {"model": "ranks.novelsections", "pk": 15, "fields": {"title": "\u7b2c\u4e8c\u7ae0\uff1a\u754c\u72f1\u5854\uff01", "content_id": 2, "novel": 19}}, {"model": "ranks.novelsections", "pk": 16, "fields": {"title": "\u7b2c\u4e09\u7ae0\uff1a\u4e00\u671d\u5931\u52bf\uff0c\u4eba\u4e0d\u5982\u72d7", "content_id": 3, "novel": 19}}, {"model": "ranks.novelsections", "pk": 17, "fields": {"title": "\u7b2c\u4e00\u7ae0 \u5c0f\u4e8c\u4e0a\u9152", "content_id": 1, "novel": 20}}, {"model": "ranks.novelsections", "pk": 18, "fields": {"title": "\u7b2c\u4e8c\u7ae0 \u767d\u72d0\u513f\u8138", "content_id": 2, "novel": 20}}, {"model": "ranks.novelsections", "pk": 19, "fields": {"title": "\u7b2c001\u7ae0 \u65e0\u9650\u671f\u7684\u4efb\u52a1", "content_id": 1, "novel": 21}}, {"model": "ranks.novelsections", "pk": 20, "fields": {"title": "\u7b2c002\u7ae0 \u7f8e\u5973\u96c6\u56e2", "content_id": 2, "novel": 21}}, {"model": "ranks.novelsections", "pk": 21, "fields": {"title": "\u7b2c003\u7ae0 \u7a83\u542c\u98ce\u4e91", "content_id": 3, "novel": 21}}, {"model": "ranks.novelsections", "pk": 22, "fields": {"title": "\u7b2c\u4e00\u7ae0\u91cd\u751f", "content_id": 1, "novel": 22}}, {"model": "ranks.novelsections", "pk": 23, "fields": {"title": "\u7b2c\u4e8c\u7ae0\u8fdb\u5bab", "content_id": 2, "novel": 22}}, {"model": "ranks.novelsections", "pk": 24, "fields": {"title": "\u7b2c\u4e09\u7ae0\u5371\u673a", "content_id": 3, "novel": 22}}, {"model": "ranks.novelsections", "pk": 25, "fields": {"title": "\u7b2c\u56db\u7ae0\u4ea1\u547d", "content_id": 4, "novel": 22}}, {"model": "ranks.novelsections", "pk": 26, "fields": {"title": "\u661f\u8fb0", "content_id": 1, "novel": 23}}, {"model": "ranks.novelsections", "pk": 27, "fields": {"title": "\u7981\u5730", "content_id": 2, "novel": 23}}, {"model": "ranks.novelsections", "pk": 28, "fields": {"title": "\u8ba1\u5212\u6210\u529f\uff01", "content_id": 3, "novel": 23}}, {"model": "ranks.novelsections", "pk": 29, "fields": {"title": "\u7b2c\u4e00\u7ae0 \u9646\u9690", "content_id": 1, "novel": 24}}, {"model": "ranks.novelsections", "pk": 30, "fields": {"title": "\u7b2c\u4e8c\u7ae0 \u4e03\u5723\u5211\u8425", "content_id": 2, "novel": 24}}, {"model": "ranks.novelsections", "pk": 31, "fields": {"title": "\u7b2c\u4e09\u7ae0 \u964d\u4e34", "content_id": 3, "novel": 24}}, {"model": "ranks.novelsections", "pk": 32, "fields": {"title": "\u7b2c\u56db\u7ae0 \u5851\u4f53\u51b3", "content_id": 4, "novel": 24}}, {"model": "ranks.novelsections", "pk": 33, "fields": {"title": "\u7b2c\u4e94\u7ae0 \u4fee\u70bc", "content_id": 5, "novel": 24}}, {"model": "ranks.novelcontent", "pk": 1, "fields": {"content": "\u5434\u9752\u5cf0\u4f3c\u61c2\u975e\u61c2\u53f8\u6cd5\u7ea2\u8272\u961f\u670d\u662f\u591a\u798f\u591a\u5bff\u5434\u9752\u5cf0\u4f3c\u61c2\u975e\u61c2\u53f8\u6cd5\u7ea2\u8272\u961f\u670d\u662f\u591a\u798f\u591a\u5bff\u5434\u9752\u5cf0\u4f3c\u61c2\u975e\u61c2\u53f8\u6cd5\u7ea2\u8272\u961f\u670d\u662f\u591a\u798f\u591a\u5bff\u5434\u9752\u5cf0\u4f3c\u61c2\u975e\u61c2\u53f8\u6cd5\u7ea2\u8272\u961f\u670d\u662f\u591a\u798f\u591a\u5bff\u5434\u9752\u5cf0\u4f3c\u61c2\u975e\u61c2\u53f8\u6cd5\u7ea2\u8272\u961f\u670d\u662f\u591a\u798f\u591a\u5bff\u5434\u9752\u5cf0\u4f3c\u61c2\u975e\u61c2\u53f8\u6cd5\u7ea2\u8272\u961f\u670d\u662f\u591a\u798f\u591a\u5bff\u5434\u9752\u5cf0\u4f3c\u61c2\u975e\u61c2\u53f8\u6cd5\u7ea2\u8272\u961f\u670d\u662f\u591a\u798f\u591a\u5bff\u5434\u9752\u5cf0\u4f3c\u61c2\u975e\u61c2\u53f8\u6cd5\u7ea2\u8272\u961f\u670d\u662f\u591a\u798f\u591a\u5bff\u5434\u9752\u5cf0\u4f3c\u61c2\u975e\u61c2\u53f8\u6cd5\u7ea2\u8272\u961f\u670d\u662f\u591a\u798f\u591a\u5bff\u5434\u9752\u5cf0\u4f3c\u61c2\u975e\u61c2\u53f8\u6cd5\u7ea2\u8272\u961f\u670d\u662f\u591a\u798f\u591a\u5bff\u5434\u9752\u5cf0\u4f3c\u61c2\u975e\u61c2\u53f8\u6cd5\u7ea2\u8272\u961f\u670d\u662f\u591a\u798f\u591a\u5bff\u5434\u9752\u5cf0\u4f3c\u61c2\u975e\u61c2\u53f8\u6cd5\u7ea2\u8272\u961f\u670d\u662f\u591a\u798f\u591a\u5bff\u5434\u9752\u5cf0\u4f3c\u61c2\u975e\u61c2\u53f8\u6cd5\u7ea2\u8272\u961f\u670d\u662f\u591a\u798f\u591a\u5bff\u5434\u9752\u5cf0\u4f3c\u61c2\u975e\u61c2\u53f8\u6cd5\u7ea2\u8272\u961f\u670d\u662f\u591a\u798f\u591a\u5bff\u5434\u9752\u5cf0\u4f3c\u61c2\u975e\u61c2\u53f8\u6cd5\u7ea2\u8272\u961f\u670d\u662f\u591a\u798f\u591a\u5bff", "novelsections": 1}}, {"model": "ranks.novelcontent", "pk": 2, "fields": {"content": "\u5434\u9752\u5cf0\u4f3c\u61c2\u975e\u61c2\u53f8\u6cd5\u7ea2\u8272\u961f\u670d\u662f\u591a\u798f\u591a\u5bff\u5434\u9752\u5cf0\u4f3c\u61c2\u975e\u61c2\u53f8\u6cd5\u7ea2\u8272\u961f\u670d\u662f\u591a\u798f\u591a\u5bff\u5434\u9752\u5cf0\u4f3c\u61c2\u975e\u61c2\u53f8\u6cd5\u7ea2\u8272\u961f\u670d\u662f\u591a\u798f\u591a\u5bff\u5434\u9752\u5cf0\u4f3c\u61c2\u975e\u61c2\u53f8\u6cd5\u7ea2\u8272\u961f\u670d\u662f\u591a\u798f\u591a\u5bff\u5434\u9752\u5cf0\u4f3c\u61c2\u975e\u61c2\u53f8\u6cd5\u7ea2\u8272\u961f\u670d\u662f\u591a\u798f\u591a\u5bff\u5434\u9752\u5cf0\u4f3c\u61c2\u975e\u61c2\u53f8\u6cd5\u7ea2\u8272\u961f\u670d\u662f\u591a\u798f\u591a\u5bff\u5434\u9752\u5cf0\u4f3c\u61c2\u975e\u61c2\u53f8\u6cd5\u7ea2\u8272\u961f\u670d\u662f\u591a\u798f\u591a\u5bff\u5434\u9752\u5cf0\u4f3c\u61c2\u975e\u61c2\u53f8\u6cd5\u7ea2\u8272\u961f\u670d\u662f\u591a\u798f\u591a\u5bff", "novelsections": 2}}, {"model": "ranks.novelcontent", "pk": 3, "fields": {"content": "\u5434\u9752\u5cf0\u4f3c\u61c2\u975e\u61c2\u53f8\u6cd5\u7ea2\u8272\u961f\u670d\u662f\u591a\u798f\u591a\u5bff\u5434\u9752\u5cf0\u4f3c\u61c2\u975e\u61c2\u53f8\u6cd5\u7ea2\u8272\u961f\u670d\u662f\u591a\u798f\u591a\u5bff\u5434\u9752\u5cf0\u4f3c\u61c2\u975e\u61c2\u53f8\u6cd5\u7ea2\u8272\u961f\u670d\u662f\u591a\u798f\u591a\u5bff", "novelsections": 3}}, {"model": "ranks.novelcontent", "pk": 4, "fields": {"content": "\u5434\u9752\u5cf0\u4f3c\u61c2\u975e\u61c2\u53f8\u6cd5\u7ea2\u8272\u961f\u670d\u662f\u591a\u798f\u591a\u5bff\u5434\u9752\u5cf0\u4f3c\u61c2\u975e\u61c2\u53f8\u6cd5\u7ea2\u8272\u961f\u670d\u662f\u591a\u798f\u591a\u5bff\u5434\u9752\u5cf0\u4f3c\u61c2\u975e\u61c2\u53f8\u6cd5\u7ea2\u8272\u961f\u670d\u662f\u591a\u798f\u591a\u5bff\u5434\u9752\u5cf0\u4f3c\u61c2\u975e\u61c2\u53f8\u6cd5\u7ea2\u8272\u961f\u670d\u662f\u591a\u798f\u591a\u5bff\u5434\u9752\u5cf0\u4f3c\u61c2\u975e\u61c2\u53f8\u6cd5\u7ea2\u8272\u961f\u670d\u662f\u591a\u798f\u591a\u5bff\u5434\u9752\u5cf0\u4f3c\u61c2\u975e\u61c2\u53f8\u6cd5\u7ea2\u8272\u961f\u670d\u662f\u591a\u798f\u591a\u5bff\u5434\u9752\u5cf0\u4f3c\u61c2\u975e\u61c2\u53f8\u6cd5\u7ea2\u8272\u961f\u670d\u662f\u591a\u798f\u591a\u5bff\u5434\u9752\u5cf0\u4f3c\u61c2\u975e\u61c2\u53f8\u6cd5\u7ea2\u8272\u961f\u670d\u662f\u591a\u798f\u591a\u5bff", "novelsections": 4}}, {"model": "ranks.novelcontent", "pk": 5, "fields": {"content": "\u5434\u9752\u5cf0\u4f3c\u61c2\u975e\u61c2\u53f8\u6cd5\u7ea2\u8272\u961f\u670d\u662f\u591a\u798f\u591a\u5bff\u5434\u9752\u5cf0\u4f3c\u61c2\u975e\u61c2\u53f8\u6cd5\u7ea2\u8272\u961f\u670d\u662f\u591a\u798f\u591a\u5bff\u5434\u9752\u5cf0\u4f3c\u61c2\u975e\u61c2\u53f8\u6cd5\u7ea2\u8272\u961f\u670d\u662f\u591a\u798f\u591a\u5bff\u5434\u9752\u5cf0\u4f3c\u61c2\u975e\u61c2\u53f8\u6cd5\u7ea2\u8272\u961f\u670d\u662f\u591a\u798f\u591a\u5bff\u5434\u9752\u5cf0\u4f3c\u61c2\u975e\u61c2\u53f8\u6cd5\u7ea2\u8272\u961f\u670d\u662f\u591a\u798f\u591a\u5bff\u5434\u9752\u5cf0\u4f3c\u61c2\u975e\u61c2\u53f8\u6cd5\u7ea2\u8272\u961f\u670d\u662f\u591a\u798f\u591a\u5bff\u5434\u9752\u5cf0\u4f3c\u61c2\u975e\u61c2\u53f8\u6cd5\u7ea2\u8272\u961f\u670d\u662f\u591a\u798f\u591a\u5bff\u5434\u9752\u5cf0\u4f3c\u61c2\u975e\u61c2\u53f8\u6cd5\u7ea2\u8272\u961f\u670d\u662f\u591a\u798f\u591a\u5bff\u5434\u9752\u5cf0\u4f3c\u61c2\u975e\u61c2\u53f8\u6cd5\u7ea2\u8272\u961f\u670d\u662f\u591a\u798f\u591a\u5bff", "novelsections": 5}}, {"model": "ranks.novelcontent", "pk": 6, "fields": {"content": "\u5434\u9752\u5cf0\u4f3c\u61c2\u975e\u61c2\u53f8\u6cd5\u7ea2\u8272\u961f\u670d\u662f\u591a\u798f\u591a\u5bff\u5434\u9752\u5cf0\u4f3c\u61c2\u975e\u61c2\u53f8\u6cd5\u7ea2\u8272\u961f\u670d\u662f\u591a\u798f\u591a\u5bff", "novelsections": 6}}, {"model": "ranks.novelcontent", "pk": 7, "fields": {"content": "\u5434\u9752\u5cf0\u4f3c\u61c2\u975e\u61c2\u53f8\u6cd5\u7ea2\u8272\u961f\u670d\u662f\u591a\u798f\u591a\u5bff\u5434\u9752\u5cf0\u4f3c\u61c2\u975e\u61c2\u53f8\u6cd5\u7ea2\u8272\u961f\u670d\u662f\u591a\u798f\u591a\u5bff\u5434\u9752\u5cf0\u4f3c\u61c2\u975e\u61c2\u53f8\u6cd5\u7ea2\u8272\u961f\u670d\u662f\u591a\u798f\u591a\u5bff\u5434\u9752\u5cf0\u4f3c\u61c2\u975e\u61c2\u53f8\u6cd5\u7ea2\u8272\u961f\u670d\u662f\u591a\u798f\u591a\u5bff\u5434\u9752\u5cf0\u4f3c\u61c2\u975e\u61c2\u53f8\u6cd5\u7ea2\u8272\u961f\u670d\u662f\u591a\u798f\u591a\u5bff\u5434\u9752\u5cf0\u4f3c\u61c2\u975e\u61c2\u53f8\u6cd5\u7ea2\u8272\u961f\u670d\u662f\u591a\u798f\u591a\u5bff", "novelsections": 7}}, {"model": "ranks.novelcontent", "pk": 8, "fields": {"content": "\u5434\u9752\u5cf0\u4f3c\u61c2\u975e\u61c2\u53f8\u6cd5\u7ea2\u8272\u961f\u670d\u662f\u591a\u798f\u591a\u5bff\u5434\u9752\u5cf0\u4f3c\u61c2\u975e\u61c2\u53f8\u6cd5\u7ea2\u8272\u961f\u670d\u662f\u591a\u798f\u591a\u5bff\u5434\u9752\u5cf0\u4f3c\u61c2\u975e\u61c2\u53f8\u6cd5\u7ea2\u8272\u961f\u670d\u662f\u591a\u798f\u591a\u5bff\u5434\u9752\u5cf0\u4f3c\u61c2\u975e\u61c2\u53f8\u6cd5\u7ea2\u8272\u961f\u670d\u662f\u591a\u798f\u591a\u5bff", "novelsections": 8}}, {"model": "ranks.novelcontent", "pk": 9, "fields": {"content": "\u5434\u9752\u5cf0\u4f3c\u61c2\u975e\u61c2\u53f8\u6cd5\u7ea2\u8272\u961f\u670d\u662f\u591a\u798f\u591a\u5bff\u5434\u9752\u5cf0\u4f3c\u61c2\u975e\u61c2\u53f8\u6cd5\u7ea2\u8272\u961f\u670d\u662f\u591a\u798f\u591a\u5bff\u5434\u9752\u5cf0\u4f3c\u61c2\u975e\u61c2\u53f8\u6cd5\u7ea2\u8272\u961f\u670d\u662f\u591a\u798f\u591a\u5bff\u5434\u9752\u5cf0\u4f3c\u61c2\u975e\u61c2\u53f8\u6cd5\u7ea2\u8272\u961f\u670d\u662f\u591a\u798f\u591a\u5bff", "novelsections": 9}}, {"model": "ranks.novelcontent", "pk": 10, "fields": {"content": "\u5434\u9752\u5cf0\u4f3c\u61c2\u975e\u61c2\u53f8\u6cd5\u7ea2\u8272\u961f\u670d\u662f\u591a\u798f\u591a\u5bff\u5434\u9752\u5cf0\u4f3c\u61c2\u975e\u61c2\u53f8\u6cd5\u7ea2\u8272\u961f\u670d\u662f\u591a\u798f\u591a\u5bff\u5434\u9752\u5cf0\u4f3c\u61c2\u975e\u61c2\u53f8\u6cd5\u7ea2\u8272\u961f\u670d\u662f\u591a\u798f\u591a\u5bff\u5434\u9752\u5cf0\u4f3c\u61c2\u975e\u61c2\u53f8\u6cd5\u7ea2\u8272\u961f\u670d\u662f\u591a\u798f\u591a\u5bff\u5434\u9752\u5cf0\u4f3c\u61c2\u975e\u61c2\u53f8\u6cd5\u7ea2\u8272\u961f\u670d\u662f\u591a\u798f\u591a\u5bff\u5434\u9752\u5cf0\u4f3c\u61c2\u975e\u61c2\u53f8\u6cd5\u7ea2\u8272\u961f\u670d\u662f\u591a\u798f\u591a\u5bff", "novelsections": 10}}, {"model": "ranks.novelcontent", "pk": 11, "fields": {"content": "\u5434\u9752\u5cf0\u4f3c\u61c2\u975e\u61c2\u53f8\u6cd5\u7ea2\u8272\u961f\u670d\u662f\u591a\u798f\u591a\u5bff\u5434\u9752\u5cf0\u4f3c\u61c2\u975e\u61c2\u53f8\u6cd5\u7ea2\u8272\u961f\u670d\u662f\u591a\u798f\u591a\u5bff\u5434\u9752\u5cf0\u4f3c\u61c2\u975e\u61c2\u53f8\u6cd5\u7ea2\u8272\u961f\u670d\u662f\u591a\u798f\u591a\u5bff\u5434\u9752\u5cf0\u4f3c\u61c2\u975e\u61c2\u53f8\u6cd5\u7ea2\u8272\u961f\u670d\u662f\u591a\u798f\u591a\u5bff\u5434\u9752\u5cf0\u4f3c\u61c2\u975e\u61c2\u53f8\u6cd5\u7ea2\u8272\u961f\u670d\u662f\u591a\u798f\u591a\u5bff", "novelsections": 11}}, {"model": "ranks.novelcontent", "pk": 12, "fields": {"content": "\u5434\u9752\u5cf0\u4f3c\u61c2\u975e\u61c2\u53f8\u6cd5\u7ea2\u8272\u961f\u670d\u662f\u591a\u798f\u591a\u5bff\u5434\u9752\u5cf0\u4f3c\u61c2\u975e\u61c2\u53f8\u6cd5\u7ea2\u8272\u961f\u670d\u662f\u591a\u798f\u591a\u5bff\u5434\u9752\u5cf0\u4f3c\u61c2\u975e\u61c2\u53f8\u6cd5\u7ea2\u8272\u961f\u670d\u662f\u591a\u798f\u591a\u5bff\u5434\u9752\u5cf0\u4f3c\u61c2\u975e\u61c2\u53f8\u6cd5\u7ea2\u8272\u961f\u670d\u662f\u591a\u798f\u591a\u5bff\u5434\u9752\u5cf0\u4f3c\u61c2\u975e\u61c2\u53f8\u6cd5\u7ea2\u8272\u961f\u670d\u662f\u591a\u798f\u591a\u5bff\u5434\u9752\u5cf0\u4f3c\u61c2\u975e\u61c2\u53f8\u6cd5\u7ea2\u8272\u961f\u670d\u662f\u591a\u798f\u591a\u5bff", "novelsections": 12}}, {"model": "ranks.novelcontent", "pk": 13, "fields": {"content": "\u5434\u9752\u5cf0\u4f3c\u61c2\u975e\u61c2\u53f8\u6cd5\u7ea2\u8272\u961f\u670d\u662f\u591a\u798f\u591a\u5bff\u5434\u9752\u5cf0\u4f3c\u61c2\u975e\u61c2\u53f8\u6cd5\u7ea2\u8272\u961f\u670d\u662f\u591a\u798f\u591a\u5bff\u5434\u9752\u5cf0\u4f3c\u61c2\u975e\u61c2\u53f8\u6cd5\u7ea2\u8272\u961f\u670d\u662f\u591a\u798f\u591a\u5bff\u5434\u9752\u5cf0\u4f3c\u61c2\u975e\u61c2\u53f8\u6cd5\u7ea2\u8272\u961f\u670d\u662f\u591a\u798f\u591a\u5bff\u5434\u9752\u5cf0\u4f3c\u61c2\u975e\u61c2\u53f8\u6cd5\u7ea2\u8272\u961f\u670d\u662f\u591a\u798f\u591a\u5bff", "novelsections": 13}}, {"model": "ranks.novelcontent", "pk": 14, "fields": {"content": "\u5434\u9752\u5cf0\u4f3c\u61c2\u975e\u61c2\u53f8\u6cd5\u7ea2\u8272\u961f\u670d\u662f\u591a\u798f\u591a\u5bff\u5434\u9752\u5cf0\u4f3c\u61c2\u975e\u61c2\u53f8\u6cd5\u7ea2\u8272\u961f\u670d\u662f\u591a\u798f\u591a\u5bff\u5434\u9752\u5cf0\u4f3c\u61c2\u975e\u61c2\u53f8\u6cd5\u7ea2\u8272\u961f\u670d\u662f\u591a\u798f\u591a\u5bff\u5434\u9752\u5cf0\u4f3c\u61c2\u975e\u61c2\u53f8\u6cd5\u7ea2\u8272\u961f\u670d\u662f\u591a\u798f\u591a\u5bff\u5434\u9752\u5cf0\u4f3c\u61c2\u975e\u61c2\u53f8\u6cd5\u7ea2\u8272\u961f\u670d\u662f\u591a\u798f\u591a\u5bff\u5434\u9752\u5cf0\u4f3c\u61c2\u975e\u61c2\u53f8\u6cd5\u7ea2\u8272\u961f\u670d\u662f\u591a\u798f\u591a\u5bff\u5434\u9752\u5cf0\u4f3c\u61c2\u975e\u61c2\u53f8\u6cd5\u7ea2\u8272\u961f\u670d\u662f\u591a\u798f\u591a\u5bff\u5434\u9752\u5cf0\u4f3c\u61c2\u975e\u61c2\u53f8\u6cd5\u7ea2\u8272\u961f\u670d\u662f\u591a\u798f\u591a\u5bff\u5434\u9752\u5cf0\u4f3c\u61c2\u975e\u61c2\u53f8\u6cd5\u7ea2\u8272\u961f\u670d\u662f\u591a\u798f\u591a\u5bff\u5434\u9752\u5cf0\u4f3c\u61c2\u975e\u61c2\u53f8\u6cd5\u7ea2\u8272\u961f\u670d\u662f\u591a\u798f\u591a\u5bff\u5434\u9752\u5cf0\u4f3c\u61c2\u975e\u61c2\u53f8\u6cd5\u7ea2\u8272\u961f\u670d\u662f\u591a\u798f\u591a\u5bff\u5434\u9752\u5cf0\u4f3c\u61c2\u975e\u61c2\u53f8\u6cd5\u7ea2\u8272\u961f\u670d\u662f\u591a\u798f\u591a\u5bff", "novelsections": 14}}, {"model": "ranks.novelcontent", "pk": 15, "fields": {"content": "\u5434\u9752\u5cf0\u4f3c\u61c2\u975e\u61c2\u53f8\u6cd5\u7ea2\u8272\u961f\u670d\u662f\u591a\u798f\u591a\u5bff\u5434\u9752\u5cf0\u4f3c\u61c2\u975e\u61c2\u53f8\u6cd5\u7ea2\u8272\u961f\u670d\u662f\u591a\u798f\u591a\u5bff\u5434\u9752\u5cf0\u4f3c\u61c2\u975e\u61c2\u53f8\u6cd5\u7ea2\u8272\u961f\u670d\u662f\u591a\u798f\u591a\u5bff\u5434\u9752\u5cf0\u4f3c\u61c2\u975e\u61c2\u53f8\u6cd5\u7ea2\u8272\u961f\u670d\u662f\u591a\u798f\u591a\u5bff\u5434\u9752\u5cf0\u4f3c\u61c2\u975e\u61c2\u53f8\u6cd5\u7ea2\u8272\u961f\u670d\u662f\u591a\u798f\u591a\u5bff\u5434\u9752\u5cf0\u4f3c\u61c2\u975e\u61c2\u53f8\u6cd5\u7ea2\u8272\u961f\u670d\u662f\u591a\u798f\u591a\u5bff\u5434\u9752\u5cf0\u4f3c\u61c2\u975e\u61c2\u53f8\u6cd5\u7ea2\u8272\u961f\u670d\u662f\u591a\u798f\u591a\u5bff\u5434\u9752\u5cf0\u4f3c\u61c2\u975e\u61c2\u53f8\u6cd5\u7ea2\u8272\u961f\u670d\u662f\u591a\u798f\u591a\u5bff", "novelsections": 15}}, {"model": "ranks.novelcontent", "pk": 16, "fields": {"content": "\u5434\u9752\u5cf0\u4f3c\u61c2\u975e\u61c2\u53f8\u6cd5\u7ea2\u8272\u961f\u670d\u662f\u591a\u798f\u591a\u5bff\u5434\u9752\u5cf0\u4f3c\u61c2\u975e\u61c2\u53f8\u6cd5\u7ea2\u8272\u961f\u670d\u662f\u591a\u798f\u591a\u5bff\u5434\u9752\u5cf0\u4f3c\u61c2\u975e\u61c2\u53f8\u6cd5\u7ea2\u8272\u961f\u670d\u662f\u591a\u798f\u591a\u5bff\u5434\u9752\u5cf0\u4f3c\u61c2\u975e\u61c2\u53f8\u6cd5\u7ea2\u8272\u961f\u670d\u662f\u591a\u798f\u591a\u5bff\u5434\u9752\u5cf0\u4f3c\u61c2\u975e\u61c2\u53f8\u6cd5\u7ea2\u8272\u961f\u670d\u662f\u591a\u798f\u591a\u5bff\u5434\u9752\u5cf0\u4f3c\u61c2\u975e\u61c2\u53f8\u6cd5\u7ea2\u8272\u961f\u670d\u662f\u591a\u798f\u591a\u5bff\u5434\u9752\u5cf0\u4f3c\u61c2\u975e\u61c2\u53f8\u6cd5\u7ea2\u8272\u961f\u670d\u662f\u591a\u798f\u591a\u5bff\u5434\u9752\u5cf0\u4f3c\u61c2\u975e\u61c2\u53f8\u6cd5\u7ea2\u8272\u961f\u670d\u662f\u591a\u798f\u591a\u5bff\u5434\u9752\u5cf0\u4f3c\u61c2\u975e\u61c2\u53f8\u6cd5\u7ea2\u8272\u961f\u670d\u662f\u591a\u798f\u591a\u5bff\u5434\u9752\u5cf0\u4f3c\u61c2\u975e\u61c2\u53f8\u6cd5\u7ea2\u8272\u961f\u670d\u662f\u591a\u798f\u591a\u5bff\u5434\u9752\u5cf0\u4f3c\u61c2\u975e\u61c2\u53f8\u6cd5\u7ea2\u8272\u961f\u670d\u662f\u591a\u798f\u591a\u5bff\u5434\u9752\u5cf0\u4f3c\u61c2\u975e\u61c2\u53f8\u6cd5\u7ea2\u8272\u961f\u670d\u662f\u591a\u798f\u591a\u5bff", "novelsections": 16}}, {"model": "ranks.novelcontent", "pk": 17, "fields": {"content": "\u5434\u9752\u5cf0\u4f3c\u61c2\u975e\u61c2\u53f8\u6cd5\u7ea2\u8272\u961f\u670d\u662f\u591a\u798f\u591a\u5bff\u5434\u9752\u5cf0\u4f3c\u61c2\u975e\u61c2\u53f8\u6cd5\u7ea2\u8272\u961f\u670d\u662f\u591a\u798f\u591a\u5bff\u5434\u9752\u5cf0\u4f3c\u61c2\u975e\u61c2\u53f8\u6cd5\u7ea2\u8272\u961f\u670d\u662f\u591a\u798f\u591a\u5bff\u5434\u9752\u5cf0\u4f3c\u61c2\u975e\u61c2\u53f8\u6cd5\u7ea2\u8272\u961f\u670d\u662f\u591a\u798f\u591a\u5bff\u5434\u9752\u5cf0\u4f3c\u61c2\u975e\u61c2\u53f8\u6cd5\u7ea2\u8272\u961f\u670d\u662f\u591a\u798f\u591a\u5bff\u5434\u9752\u5cf0\u4f3c\u61c2\u975e\u61c2\u53f8\u6cd5\u7ea2\u8272\u961f\u670d\u662f\u591a\u798f\u591a\u5bff\u5434\u9752\u5cf0\u4f3c\u61c2\u975e\u61c2\u53f8\u6cd5\u7ea2\u8272\u961f\u670d\u662f\u591a\u798f\u591a\u5bff\u5434\u9752\u5cf0\u4f3c\u61c2\u975e\u61c2\u53f8\u6cd5\u7ea2\u8272\u961f\u670d\u662f\u591a\u798f\u591a\u5bff\u5434\u9752\u5cf0\u4f3c\u61c2\u975e\u61c2\u53f8\u6cd5\u7ea2\u8272\u961f\u670d\u662f\u591a\u798f\u591a\u5bff\u5434\u9752\u5cf0\u4f3c\u61c2\u975e\u61c2\u53f8\u6cd5\u7ea2\u8272\u961f\u670d\u662f\u591a\u798f\u591a\u5bff\u5434\u9752\u5cf0\u4f3c\u61c2\u975e\u61c2\u53f8\u6cd5\u7ea2\u8272\u961f\u670d\u662f\u591a\u798f\u591a\u5bff", "novelsections": 17}}, {"model": "ranks.novelcontent", "pk": 18, "fields": {"content": "\u5434\u9752\u5cf0\u4f3c\u61c2\u975e\u61c2\u53f8\u6cd5\u7ea2\u8272\u961f\u670d\u662f\u591a\u798f\u591a\u5bff\u5434\u9752\u5cf0\u4f3c\u61c2\u975e\u61c2\u53f8\u6cd5\u7ea2\u8272\u961f\u670d\u662f\u591a\u798f\u591a\u5bff\u5434\u9752\u5cf0\u4f3c\u61c2\u975e\u61c2\u53f8\u6cd5\u7ea2\u8272\u961f\u670d\u662f\u591a\u798f\u591a\u5bff\u5434\u9752\u5cf0\u4f3c\u61c2\u975e\u61c2\u53f8\u6cd5\u7ea2\u8272\u961f\u670d\u662f\u591a\u798f\u591a\u5bff\u5434\u9752\u5cf0\u4f3c\u61c2\u975e\u61c2\u53f8\u6cd5\u7ea2\u8272\u961f\u670d\u662f\u591a\u798f\u591a\u5bff\u5434\u9752\u5cf0\u4f3c\u61c2\u975e\u61c2\u53f8\u6cd5\u7ea2\u8272\u961f\u670d\u662f\u591a\u798f\u591a\u5bff\u5434\u9752\u5cf0\u4f3c\u61c2\u975e\u61c2\u53f8\u6cd5\u7ea2\u8272\u961f\u670d\u662f\u591a\u798f\u591a\u5bff\u5434\u9752\u5cf0\u4f3c\u61c2\u975e\u61c2\u53f8\u6cd5\u7ea2\u8272\u961f\u670d\u662f\u591a\u798f\u591a\u5bff", "novelsections": 18}}, {"model": "ranks.novelcontent", "pk": 19, "fields": {"content": "\u5434\u9752\u5cf0\u4f3c\u61c2\u975e\u61c2\u53f8\u6cd5\u7ea2\u8272\u961f\u670d\u662f\u591a\u798f\u591a\u5bff\u5434\u9752\u5cf0\u4f3c\u61c2\u975e\u61c2\u53f8\u6cd5\u7ea2\u8272\u961f\u670d\u662f\u591a\u798f\u591a\u5bff\u5434\u9752\u5cf0\u4f3c\u61c2\u975e\u61c2\u53f8\u6cd5\u7ea2\u8272\u961f\u670d\u662f\u591a\u798f\u591a\u5bff\u5434\u9752\u5cf0\u4f3c\u61c2\u975e\u61c2\u53f8\u6cd5\u7ea2\u8272\u961f\u670d\u662f\u591a\u798f\u591a\u5bff\u5434\u9752\u5cf0\u4f3c\u61c2\u975e\u61c2\u53f8\u6cd5\u7ea2\u8272\u961f\u670d\u662f\u591a\u798f\u591a\u5bff\u5434\u9752\u5cf0\u4f3c\u61c2\u975e\u61c2\u53f8\u6cd5\u7ea2\u8272\u961f\u670d\u662f\u591a\u798f\u591a\u5bff\u5434\u9752\u5cf0\u4f3c\u61c2\u975e\u61c2\u53f8\u6cd5\u7ea2\u8272\u961f\u670d\u662f\u591a\u798f\u591a\u5bff", "novelsections": 19}}, {"model": "ranks.novelcontent", "pk": 20, "fields": {"content": "\u5434\u9752\u5cf0\u4f3c\u61c2\u975e\u61c2\u53f8\u6cd5\u7ea2\u8272\u961f\u670d\u662f\u591a\u798f\u591a\u5bff\u5434\u9752\u5cf0\u4f3c\u61c2\u975e\u61c2\u53f8\u6cd5\u7ea2\u8272\u961f\u670d\u662f\u591a\u798f\u591a\u5bff\u5434\u9752\u5cf0\u4f3c\u61c2\u975e\u61c2\u53f8\u6cd5\u7ea2\u8272\u961f\u670d\u662f\u591a\u798f\u591a\u5bff\u5434\u9752\u5cf0\u4f3c\u61c2\u975e\u61c2\u53f8\u6cd5\u7ea2\u8272\u961f\u670d\u662f\u591a\u798f\u591a\u5bff\u5434\u9752\u5cf0\u4f3c\u61c2\u975e\u61c2\u53f8\u6cd5\u7ea2\u8272\u961f\u670d\u662f\u591a\u798f\u591a\u5bff\u5434\u9752\u5cf0\u4f3c\u61c2\u975e\u61c2\u53f8\u6cd5\u7ea2\u8272\u961f\u670d\u662f\u591a\u798f\u591a\u5bff\u5434\u9752\u5cf0\u4f3c\u61c2\u975e\u61c2\u53f8\u6cd5\u7ea2\u8272\u961f\u670d\u662f\u591a\u798f\u591a\u5bff\u5434\u9752\u5cf0\u4f3c\u61c2\u975e\u61c2\u53f8\u6cd5\u7ea2\u8272\u961f\u670d\u662f\u591a\u798f\u591a\u5bff\u5434\u9752\u5cf0\u4f3c\u61c2\u975e\u61c2\u53f8\u6cd5\u7ea2\u8272\u961f\u670d\u662f\u591a\u798f\u591a\u5bff\u5434\u9752\u5cf0\u4f3c\u61c2\u975e\u61c2\u53f8\u6cd5\u7ea2\u8272\u961f\u670d\u662f\u591a\u798f\u591a\u5bff\u5434\u9752\u5cf0\u4f3c\u61c2\u975e\u61c2\u53f8\u6cd5\u7ea2\u8272\u961f\u670d\u662f\u591a\u798f\u591a\u5bff\u5434\u9752\u5cf0\u4f3c\u61c2\u975e\u61c2\u53f8\u6cd5\u7ea2\u8272\u961f\u670d\u662f\u591a\u798f\u591a\u5bff", "novelsections": 20}}, {"model": "ranks.novelcontent", "pk": 21, "fields": {"content": "\u5434\u9752\u5cf0\u4f3c\u61c2\u975e\u61c2\u53f8\u6cd5\u7ea2\u8272\u961f\u670d\u662f\u591a\u798f\u591a\u5bff\u5434\u9752\u5cf0\u4f3c\u61c2\u975e\u61c2\u53f8\u6cd5\u7ea2\u8272\u961f\u670d\u662f\u591a\u798f\u591a\u5bff\u5434\u9752\u5cf0\u4f3c\u61c2\u975e\u61c2\u53f8\u6cd5\u7ea2\u8272\u961f\u670d\u662f\u591a\u798f\u591a\u5bff\u5434\u9752\u5cf0\u4f3c\u61c2\u975e\u61c2\u53f8\u6cd5\u7ea2\u8272\u961f\u670d\u662f\u591a\u798f\u591a\u5bff\u5434\u9752\u5cf0\u4f3c\u61c2\u975e\u61c2\u53f8\u6cd5\u7ea2\u8272\u961f\u670d\u662f\u591a\u798f\u591a\u5bff\u5434\u9752\u5cf0\u4f3c\u61c2\u975e\u61c2\u53f8\u6cd5\u7ea2\u8272\u961f\u670d\u662f\u591a\u798f\u591a\u5bff\u5434\u9752\u5cf0\u4f3c\u61c2\u975e\u61c2\u53f8\u6cd5\u7ea2\u8272\u961f\u670d\u662f\u591a\u798f\u591a\u5bff", "novelsections": 21}}, {"model": "ranks.novelcontent", "pk": 22, "fields": {"content": "\u5434\u9752\u5cf0\u4f3c\u61c2\u975e\u61c2\u53f8\u6cd5\u7ea2\u8272\u961f\u670d\u662f\u591a\u798f\u591a\u5bff\u5434\u9752\u5cf0\u4f3c\u61c2\u975e\u61c2\u53f8\u6cd5\u7ea2\u8272\u961f\u670d\u662f\u591a\u798f\u591a\u5bff\u5434\u9752\u5cf0\u4f3c\u61c2\u975e\u61c2\u53f8\u6cd5\u7ea2\u8272\u961f\u670d\u662f\u591a\u798f\u591a\u5bff\u5434\u9752\u5cf0\u4f3c\u61c2\u975e\u61c2\u53f8\u6cd5\u7ea2\u8272\u961f\u670d\u662f\u591a\u798f\u591a\u5bff\u5434\u9752\u5cf0\u4f3c\u61c2\u975e\u61c2\u53f8\u6cd5\u7ea2\u8272\u961f\u670d\u662f\u591a\u798f\u591a\u5bff", "novelsections": 22}}, {"model": "ranks.novelcontent", "pk": 23, "fields": {"content": "\u5434\u9752\u5cf0\u4f3c\u61c2\u975e\u61c2\u53f8\u6cd5\u7ea2\u8272\u961f\u670d\u662f\u591a\u798f\u591a\u5bff\u5434\u9752\u5cf0\u4f3c\u61c2\u975e\u61c2\u53f8\u6cd5\u7ea2\u8272\u961f\u670d\u662f\u591a\u798f\u591a\u5bff\u5434\u9752\u5cf0\u4f3c\u61c2\u975e\u61c2\u53f8\u6cd5\u7ea2\u8272\u961f\u670d\u662f\u591a\u798f\u591a\u5bff\u5434\u9752\u5cf0\u4f3c\u61c2\u975e\u61c2\u53f8\u6cd5\u7ea2\u8272\u961f\u670d\u662f\u591a\u798f\u591a\u5bff\u5434\u9752\u5cf0\u4f3c\u61c2\u975e\u61c2\u53f8\u6cd5\u7ea2\u8272\u961f\u670d\u662f\u591a\u798f\u591a\u5bff\u5434\u9752\u5cf0\u4f3c\u61c2\u975e\u61c2\u53f8\u6cd5\u7ea2\u8272\u961f\u670d\u662f\u591a\u798f\u591a\u5bff", "novelsections": 23}}, {"model": "ranks.novelcontent", "pk": 24, "fields": {"content": "\u5434\u9752\u5cf0\u4f3c\u61c2\u975e\u61c2\u53f8\u6cd5\u7ea2\u8272\u961f\u670d\u662f\u591a\u798f\u591a\u5bff\u5434\u9752\u5cf0\u4f3c\u61c2\u975e\u61c2\u53f8\u6cd5\u7ea2\u8272\u961f\u670d\u662f\u591a\u798f\u591a\u5bff\u5434\u9752\u5cf0\u4f3c\u61c2\u975e\u61c2\u53f8\u6cd5\u7ea2\u8272\u961f\u670d\u662f\u591a\u798f\u591a\u5bff\u5434\u9752\u5cf0\u4f3c\u61c2\u975e\u61c2\u53f8\u6cd5\u7ea2\u8272\u961f\u670d\u662f\u591a\u798f\u591a\u5bff\u5434\u9752\u5cf0\u4f3c\u61c2\u975e\u61c2\u53f8\u6cd5\u7ea2\u8272\u961f\u670d\u662f\u591a\u798f\u591a\u5bff", "novelsections": 24}}, {"model": "ranks.novelcontent", "pk": 25, "fields": {"content": "\u5434\u9752\u5cf0\u4f3c\u61c2\u975e\u61c2\u53f8\u6cd5\u7ea2\u8272\u961f\u670d\u662f\u591a\u798f\u591a\u5bff\u5434\u9752\u5cf0\u4f3c\u61c2\u975e\u61c2\u53f8\u6cd5\u7ea2\u8272\u961f\u670d\u662f\u591a\u798f\u591a\u5bff\u5434\u9752\u5cf0\u4f3c\u61c2\u975e\u61c2\u53f8\u6cd5\u7ea2\u8272\u961f\u670d\u662f\u591a\u798f\u591a\u5bff\u5434\u9752\u5cf0\u4f3c\u61c2\u975e\u61c2\u53f8\u6cd5\u7ea2\u8272\u961f\u670d\u662f\u591a\u798f\u591a\u5bff\u5434\u9752\u5cf0\u4f3c\u61c2\u975e\u61c2\u53f8\u6cd5\u7ea2\u8272\u961f\u670d\u662f\u591a\u798f\u591a\u5bff", "novelsections": 25}}, {"model": "ranks.novelcontent", "pk": 26, "fields": {"content": "\u5434\u9752\u5cf0\u4f3c\u61c2\u975e\u61c2\u53f8\u6cd5\u7ea2\u8272\u961f\u670d\u662f\u591a\u798f\u591a\u5bff\u5434\u9752\u5cf0\u4f3c\u61c2\u975e\u61c2\u53f8\u6cd5\u7ea2\u8272\u961f\u670d\u662f\u591a\u798f\u591a\u5bff\u5434\u9752\u5cf0\u4f3c\u61c2\u975e\u61c2\u53f8\u6cd5\u7ea2\u8272\u961f\u670d\u662f\u591a\u798f\u591a\u5bff\u5434\u9752\u5cf0\u4f3c\u61c2\u975e\u61c2\u53f8\u6cd5\u7ea2\u8272\u961f\u670d\u662f\u591a\u798f\u591a\u5bff\u5434\u9752\u5cf0\u4f3c\u61c2\u975e\u61c2\u53f8\u6cd5\u7ea2\u8272\u961f\u670d\u662f\u591a\u798f\u591a\u5bff", "novelsections": 26}}, {"model": "ranks.novelcontent", "pk": 27, "fields": {"content": "\u5434\u9752\u5cf0\u4f3c\u61c2\u975e\u61c2\u53f8\u6cd5\u7ea2\u8272\u961f\u670d\u662f\u591a\u798f\u591a\u5bff\u5434\u9752\u5cf0\u4f3c\u61c2\u975e\u61c2\u53f8\u6cd5\u7ea2\u8272\u961f\u670d\u662f\u591a\u798f\u591a\u5bff\u5434\u9752\u5cf0\u4f3c\u61c2\u975e\u61c2\u53f8\u6cd5\u7ea2\u8272\u961f\u670d\u662f\u591a\u798f\u591a\u5bff\u5434\u9752\u5cf0\u4f3c\u61c2\u975e\u61c2\u53f8\u6cd5\u7ea2\u8272\u961f\u670d\u662f\u591a\u798f\u591a\u5bff\u5434\u9752\u5cf0\u4f3c\u61c2\u975e\u61c2\u53f8\u6cd5\u7ea2\u8272\u961f\u670d\u662f\u591a\u798f\u591a\u5bff", "novelsections": 27}}, {"model": "ranks.novelcontent", "pk": 28, "fields": {"content": "\u5434\u9752\u5cf0\u4f3c\u61c2\u975e\u61c2\u53f8\u6cd5\u7ea2\u8272\u961f\u670d\u662f\u591a\u798f\u591a\u5bff\u5434\u9752\u5cf0\u4f3c\u61c2\u975e\u61c2\u53f8\u6cd5\u7ea2\u8272\u961f\u670d\u662f\u591a\u798f\u591a\u5bff\u5434\u9752\u5cf0\u4f3c\u61c2\u975e\u61c2\u53f8\u6cd5\u7ea2\u8272\u961f\u670d\u662f\u591a\u798f\u591a\u5bff\u5434\u9752\u5cf0\u4f3c\u61c2\u975e\u61c2\u53f8\u6cd5\u7ea2\u8272\u961f\u670d\u662f\u591a\u798f\u591a\u5bff\u5434\u9752\u5cf0\u4f3c\u61c2\u975e\u61c2\u53f8\u6cd5\u7ea2\u8272\u961f\u670d\u662f\u591a\u798f\u591a\u5bff\u5434\u9752\u5cf0\u4f3c\u61c2\u975e\u61c2\u53f8\u6cd5\u7ea2\u8272\u961f\u670d\u662f\u591a\u798f\u591a\u5bff\u5434\u9752\u5cf0\u4f3c\u61c2\u975e\u61c2\u53f8\u6cd5\u7ea2\u8272\u961f\u670d\u662f\u591a\u798f\u591a\u5bff\u5434\u9752\u5cf0\u4f3c\u61c2\u975e\u61c2\u53f8\u6cd5\u7ea2\u8272\u961f\u670d\u662f\u591a\u798f\u591a\u5bff\u5434\u9752\u5cf0\u4f3c\u61c2\u975e\u61c2\u53f8\u6cd5\u7ea2\u8272\u961f\u670d\u662f\u591a\u798f\u591a\u5bff\u5434\u9752\u5cf0\u4f3c\u61c2\u975e\u61c2\u53f8\u6cd5\u7ea2\u8272\u961f\u670d\u662f\u591a\u798f\u591a\u5bff\u5434\u9752\u5cf0\u4f3c\u61c2\u975e\u61c2\u53f8\u6cd5\u7ea2\u8272\u961f\u670d\u662f\u591a\u798f\u591a\u5bff\u5434\u9752\u5cf0\u4f3c\u61c2\u975e\u61c2\u53f8\u6cd5\u7ea2\u8272\u961f\u670d\u662f\u591a\u798f\u591a\u5bff\u5434\u9752\u5cf0\u4f3c\u61c2\u975e\u61c2\u53f8\u6cd5\u7ea2\u8272\u961f\u670d\u662f\u591a\u798f\u591a\u5bff\u5434\u9752\u5cf0\u4f3c\u61c2\u975e\u61c2\u53f8\u6cd5\u7ea2\u8272\u961f\u670d\u662f\u591a\u798f\u591a\u5bff\u5434\u9752\u5cf0\u4f3c\u61c2\u975e\u61c2\u53f8\u6cd5\u7ea2\u8272\u961f\u670d\u662f\u591a\u798f\u591a\u5bff", "novelsections": 28}}, {"model": "ranks.novelcontent", "pk": 29, "fields": {"content": "\u4f1a\u53d1\u5149\u7684\u98ce\u683c\u70ed\u6b4c\u4f1a\u53d1\u5149\u7684\u98ce\u683c\u70ed\u6b4c\u4f1a\u53d1\u5149\u7684\u98ce\u683c\u70ed\u6b4c\u4f1a\u53d1\u5149\u7684\u98ce\u683c\u70ed\u6b4c\u4f1a\u53d1\u5149\u7684\u98ce\u683c\u70ed\u6b4c\u4f1a\u53d1\u5149\u7684\u98ce\u683c\u70ed\u6b4c\u4f1a\u53d1\u5149\u7684\u98ce\u683c\u70ed\u6b4c", "novelsections": 29}}, {"model": "ranks.novelcontent", "pk": 30, "fields": {"content": "\u4f1a\u53d1\u5149\u7684\u98ce\u683c\u70ed\u6b4c\u4f1a\u53d1\u5149\u7684\u98ce\u683c\u70ed\u6b4c\u4f1a\u53d1\u5149\u7684\u98ce\u683c\u70ed\u6b4c\u4f1a\u53d1\u5149\u7684\u98ce\u683c\u70ed\u6b4c\u4f1a\u53d1\u5149\u7684\u98ce\u683c\u70ed\u6b4c\u4f1a\u53d1\u5149\u7684\u98ce\u683c\u70ed\u6b4c\u4f1a\u53d1\u5149\u7684\u98ce\u683c\u70ed\u6b4c\u4f1a\u53d1\u5149\u7684\u98ce\u683c\u70ed\u6b4c\u4f1a\u53d1\u5149\u7684\u98ce\u683c\u70ed\u6b4c\u4f1a\u53d1\u5149\u7684\u98ce\u683c\u70ed\u6b4c\u4f1a\u53d1\u5149\u7684\u98ce\u683c\u70ed\u6b4c\u4f1a\u53d1\u5149\u7684\u98ce\u683c\u70ed\u6b4c\u4f1a\u53d1\u5149\u7684\u98ce\u683c\u70ed\u6b4c", "novelsections": 30}}, {"model": "ranks.novelcontent", "pk": 31, "fields": {"content": "\u4f1a\u53d1\u5149\u7684\u98ce\u683c\u70ed\u6b4c\u4f1a\u53d1\u5149\u7684\u98ce\u683c\u70ed\u6b4c\u4f1a\u53d1\u5149\u7684\u98ce\u683c\u70ed\u6b4c\u4f1a\u53d1\u5149\u7684\u98ce\u683c\u70ed\u6b4c\u4f1a\u53d1\u5149\u7684\u98ce\u683c\u70ed\u6b4c", "novelsections": 31}}, {"model": "ranks.novelcontent", "pk": 32, "fields": {"content": "\u4f1a\u53d1\u5149\u7684\u98ce\u683c\u70ed\u6b4c\u4f1a\u53d1\u5149\u7684\u98ce\u683c\u70ed\u6b4c\u4f1a\u53d1\u5149\u7684\u98ce\u683c\u70ed\u6b4c\u4f1a\u53d1\u5149\u7684\u98ce\u683c\u70ed\u6b4c\u4f1a\u53d1\u5149\u7684\u98ce\u683c\u70ed\u6b4c\u4f1a\u53d1\u5149\u7684\u98ce\u683c\u70ed\u6b4c\u4f1a\u53d1\u5149\u7684\u98ce\u683c\u70ed\u6b4c\u4f1a\u53d1\u5149\u7684\u98ce\u683c\u70ed\u6b4c\u4f1a\u53d1\u5149\u7684\u98ce\u683c\u70ed\u6b4c\u4f1a\u53d1\u5149\u7684\u98ce\u683c\u70ed\u6b4c\u4f1a\u53d1\u5149\u7684\u98ce\u683c\u70ed\u6b4c\u4f1a\u53d1\u5149\u7684\u98ce\u683c\u70ed\u6b4c\u4f1a\u53d1\u5149\u7684\u98ce\u683c\u70ed\u6b4c\u4f1a\u53d1\u5149\u7684\u98ce\u683c\u70ed\u6b4c\u4f1a\u53d1\u5149\u7684\u98ce\u683c\u70ed\u6b4c\u4f1a\u53d1\u5149\u7684\u98ce\u683c\u70ed\u6b4c\u4f1a\u53d1\u5149\u7684\u98ce\u683c\u70ed\u6b4c\u4f1a\u53d1\u5149\u7684\u98ce\u683c\u70ed\u6b4c\u4f1a\u53d1\u5149\u7684\u98ce\u683c\u70ed\u6b4c", "novelsections": 32}}, {"model": "ranks.novelcontent", "pk": 33, "fields": {"content": "\u4f1a\u53d1\u5149\u7684\u98ce\u683c\u70ed\u6b4c\u4f1a\u53d1\u5149\u7684\u98ce\u683c\u70ed\u6b4c\u4f1a\u53d1\u5149\u7684\u98ce\u683c\u70ed\u6b4c\u4f1a\u53d1\u5149\u7684\u98ce\u683c\u70ed\u6b4c\u4f1a\u53d1\u5149\u7684\u98ce\u683c\u70ed\u6b4c\u4f1a\u53d1\u5149\u7684\u98ce\u683c\u70ed\u6b4c\u4f1a\u53d1\u5149\u7684\u98ce\u683c\u70ed\u6b4c\u4f1a\u53d1\u5149\u7684\u98ce\u683c\u70ed\u6b4c\u4f1a\u53d1\u5149\u7684\u98ce\u683c\u70ed\u6b4c\u4f1a\u53d1\u5149\u7684\u98ce\u683c\u70ed\u6b4c\u4f1a\u53d1\u5149\u7684\u98ce\u683c\u70ed\u6b4c", "novelsections": 33}}, {"model": "auth.permission", "pk": 1, "fields": {"name": "Can add log entry", "content_type": 1, "codename": "add_logentry"}}, {"model": "auth.permission", "pk": 2, "fields": {"name": "Can change log entry", "content_type": 1, "codename": "change_logentry"}}, {"model": "auth.permission", "pk": 3, "fields": {"name": "Can delete log entry", "content_type": 1, "codename": "delete_logentry"}}, {"model": "auth.permission", "pk": 4, "fields": {"name": "Can view log entry", "content_type": 1, "codename": "view_logentry"}}, {"model": "auth.permission", "pk": 5, "fields": {"name": "Can add permission", "content_type": 2, "codename": "add_permission"}}, {"model": "auth.permission", "pk": 6, "fields": {"name": "Can change permission", "content_type": 2, "codename": "change_permission"}}, {"model": "auth.permission", "pk": 7, "fields": {"name": "Can delete permission", "content_type": 2, "codename": "delete_permission"}}, {"model": "auth.permission", "pk": 8, "fields": {"name": "Can view permission", "content_type": 2, "codename": "view_permission"}}, {"model": "auth.permission", "pk": 9, "fields": {"name": "Can add group", "content_type": 3, "codename": "add_group"}}, {"model": "auth.permission", "pk": 10, "fields": {"name": "Can change group", "content_type": 3, "codename": "change_group"}}, {"model": "auth.permission", "pk": 11, "fields": {"name": "Can delete group", "content_type": 3, "codename": "delete_group"}}, {"model": "auth.permission", "pk": 12, "fields": {"name": "Can view group", "content_type": 3, "codename": "view_group"}}, {"model": "auth.permission", "pk": 13, "fields": {"name": "Can add user", "content_type": 4, "codename": "add_user"}}, {"model": "auth.permission", "pk": 14, "fields": {"name": "Can change user", "content_type": 4, "codename": "change_user"}}, {"model": "auth.permission", "pk": 15, "fields": {"name": "Can delete user", "content_type": 4, "codename": "delete_user"}}, {"model": "auth.permission", "pk": 16, "fields": {"name": "Can view user", "content_type": 4, "codename": "view_user"}}, {"model": "auth.permission", "pk": 17, "fields": {"name": "Can add content type", "content_type": 5, "codename": "add_contenttype"}}, {"model": "auth.permission", "pk": 18, "fields": {"name": "Can change content type", "content_type": 5, "codename": "change_contenttype"}}, {"model": "auth.permission", "pk": 19, "fields": {"name": "Can delete content type", "content_type": 5, "codename": "delete_contenttype"}}, {"model": "auth.permission", "pk": 20, "fields": {"name": "Can view content type", "content_type": 5, "codename": "view_contenttype"}}, {"model": "auth.permission", "pk": 21, "fields": {"name": "Can add session", "content_type": 6, "codename": "add_session"}}, {"model": "auth.permission", "pk": 22, "fields": {"name": "Can change session", "content_type": 6, "codename": "change_session"}}, {"model": "auth.permission", "pk": 23, "fields": {"name": "Can delete session", "content_type": 6, "codename": "delete_session"}}, {"model": "auth.permission", "pk": 24, "fields": {"name": "Can view session", "content_type": 6, "codename": "view_session"}}, {"model": "auth.permission", "pk": 25, "fields": {"name": "Can add novel", "content_type": 7, "codename": "add_novel"}}, {"model": "auth.permission", "pk": 26, "fields": {"name": "Can change novel", "content_type": 7, "codename": "change_novel"}}, {"model": "auth.permission", "pk": 27, "fields": {"name": "Can delete novel", "content_type": 7, "codename": "delete_novel"}}, {"model": "auth.permission", "pk": 28, "fields": {"name": "Can view novel", "content_type": 7, "codename": "view_novel"}}, {"model": "auth.permission", "pk": 29, "fields": {"name": "Can add novel tag", "content_type": 8, "codename": "add_noveltag"}}, {"model": "auth.permission", "pk": 30, "fields": {"name": "Can change novel tag", "content_type": 8, "codename": "change_noveltag"}}, {"model": "auth.permission", "pk": 31, "fields": {"name": "Can delete novel tag", "content_type": 8, "codename": "delete_noveltag"}}, {"model": "auth.permission", "pk": 32, "fields": {"name": "Can view novel tag", "content_type": 8, "codename": "view_noveltag"}}, {"model": "auth.permission", "pk": 33, "fields": {"name": "Can add novel sections", "content_type": 9, "codename": "add_novelsections"}}, {"model": "auth.permission", "pk": 34, "fields": {"name": "Can change novel sections", "content_type": 9, "codename": "change_novelsections"}}, {"model": "auth.permission", "pk": 35, "fields": {"name": "Can delete novel sections", "content_type": 9, "codename": "delete_novelsections"}}, {"model": "auth.permission", "pk": 36, "fields": {"name": "Can view novel sections", "content_type": 9, "codename": "view_novelsections"}}, {"model": "auth.permission", "pk": 37, "fields": {"name": "Can add novel message", "content_type": 10, "codename": "add_novelmessage"}}, {"model": "auth.permission", "pk": 38, "fields": {"name": "Can change novel message", "content_type": 10, "codename": "change_novelmessage"}}, {"model": "auth.permission", "pk": 39, "fields": {"name": "Can delete novel message", "content_type": 10, "codename": "delete_novelmessage"}}, {"model": "auth.permission", "pk": 40, "fields": {"name": "Can view novel message", "content_type": 10, "codename": "view_novelmessage"}}, {"model": "auth.permission", "pk": 41, "fields": {"name": "Can add novel content", "content_type": 11, "codename": "add_novelcontent"}}, {"model": "auth.permission", "pk": 42, "fields": {"name": "Can change novel content", "content_type": 11, "codename": "change_novelcontent"}}, {"model": "auth.permission", "pk": 43, "fields": {"name": "Can delete novel content", "content_type": 11, "codename": "delete_novelcontent"}}, {"model": "auth.permission", "pk": 44, "fields": {"name": "Can view novel content", "content_type": 11, "codename": "view_novelcontent"}}, {"model": "auth.user", "pk": 1, "fields": {"password": "pbkdf2_sha256$150000$vW79mtF2Wfit$BKHGk8nM9xp/R6wrwpaYBrffSi3fVqJnwR3QaJLMD6Y=", "last_login": "2021-02-14T03:38:35.778", "is_superuser": true, "username": "tedu", "first_name": "", "last_name": "", "email": "tedu@qq.com", "is_staff": true, "is_active": true, "date_joined": "2021-02-14T03:37:54.924", "groups": [], "user_permissions": []}}, {"model": "admin.logentry", "pk": 1, "fields": {"action_time": "2021-02-14T03:53:38.293", "user": 1, "content_type": 7, "object_id": "14", "object_repr": "\u6e21\u52ab\u4e4b\u738b", "action_flag": 1, "change_message": "[{\"added\": {}}]"}}, {"model": "admin.logentry", "pk": 2, "fields": {"action_time": "2021-02-14T03:53:41.192", "user": 1, "content_type": 7, "object_id": "14", "object_repr": "\u6e21\u52ab\u4e4b\u738b", "action_flag": 2, "change_message": "[]"}}, {"model": "admin.logentry", "pk": 3, "fields": {"action_time": "2021-02-14T03:57:01.948", "user": 1, "content_type": 10, "object_id": "3", "object_repr": "NovelMessage object (3)", "action_flag": 1, "change_message": "[{\"added\": {}}]"}}, {"model": "admin.logentry", "pk": 4, "fields": {"action_time": "2021-02-14T03:57:07.900", "user": 1, "content_type": 10, "object_id": "3", "object_repr": "NovelMessage object (3)", "action_flag": 2, "change_message": "[]"}}, {"model": "admin.logentry", "pk": 5, "fields": {"action_time": "2021-02-14T06:01:08.599", "user": 1, "content_type": 7, "object_id": "15", "object_repr": "\u5927\u56fd\u540d\u53a8", "action_flag": 1, "change_message": "[{\"added\": {}}]"}}, {"model": "admin.logentry", "pk": 6, "fields": {"action_time": "2021-02-14T06:02:47.756", "user": 1, "content_type": 10, "object_id": "4", "object_repr": "NovelMessage object (4)", "action_flag": 1, "change_message": "[{\"added\": {}}]"}}, {"model": "admin.logentry", "pk": 7, "fields": {"action_time": "2021-02-14T06:03:09.728", "user": 1, "content_type": 7, "object_id": "16", "object_repr": "\u4e0d\u8ba9\u6c5f\u5c71", "action_flag": 1, "change_message": "[{\"added\": {}}]"}}, {"model": "admin.logentry", "pk": 8, "fields": {"action_time": "2021-02-14T06:03:24.928", "user": 1, "content_type": 7, "object_id": "17", "object_repr": "\u5251\u6765", "action_flag": 1, "change_message": "[{\"added\": {}}]"}}, {"model": "admin.logentry", "pk": 9, "fields": {"action_time": "2021-02-14T06:04:24.637", "user": 1, "content_type": 10, "object_id": "5", "object_repr": "NovelMessage object (5)", "action_flag": 1, "change_message": "[{\"added\": {}}]"}}, {"model": "admin.logentry", "pk": 10, "fields": {"action_time": "2021-02-14T06:04:58.718", "user": 1, "content_type": 10, "object_id": "6", "object_repr": "NovelMessage object (6)", "action_flag": 1, "change_message": "[{\"added\": {}}]"}}, {"model": "admin.logentry", "pk": 11, "fields": {"action_time": "2021-02-14T06:05:47.590", "user": 1, "content_type": 7, "object_id": "18", "object_repr": "\u8fb9\u6708\u6ee1\u897f\u5c71", "action_flag": 1, "change_message": "[{\"added\": {}}]"}}, {"model": "admin.logentry", "pk": 12, "fields": {"action_time": "2021-02-14T06:06:33.190", "user": 1, "content_type": 10, "object_id": "7", "object_repr": "NovelMessage object (7)", "action_flag": 1, "change_message": "[{\"added\": {}}]"}}, {"model": "admin.logentry", "pk": 13, "fields": {"action_time": "2021-02-14T06:06:50.016", "user": 1, "content_type": 7, "object_id": "19", "object_repr": "\u4e00\u5251\u72ec\u5c0a", "action_flag": 1, "change_message": "[{\"added\": {}}]"}}, {"model": "admin.logentry", "pk": 14, "fields": {"action_time": "2021-02-14T06:07:29.797", "user": 1, "content_type": 10, "object_id": "8", "object_repr": "NovelMessage object (8)", "action_flag": 1, "change_message": "[{\"added\": {}}]"}}, {"model": "admin.logentry", "pk": 15, "fields": {"action_time": "2021-02-14T06:07:59.752", "user": 1, "content_type": 7, "object_id": "20", "object_repr": "\u96ea\u4e2d\u608d\u5200\u884c", "action_flag": 1, "change_message": "[{\"added\": {}}]"}}, {"model": "admin.logentry", "pk": 16, "fields": {"action_time": "2021-02-14T06:08:33.798", "user": 1, "content_type": 10, "object_id": "9", "object_repr": "NovelMessage object (9)", "action_flag": 1, "change_message": "[{\"added\": {}}]"}}, {"model": "admin.logentry", "pk": 17, "fields": {"action_time": "2021-02-14T06:09:08.214", "user": 1, "content_type": 7, "object_id": "21", "object_repr": "\u6700\u5f3a\u72c2\u5175", "action_flag": 1, "change_message": "[{\"added\": {}}]"}}, {"model": "admin.logentry", "pk": 18, "fields": {"action_time": "2021-02-14T06:09:46.119", "user": 1, "content_type": 10, "object_id": "10", "object_repr": "NovelMessage object (10)", "action_flag": 1, "change_message": "[{\"added\": {}}]"}}, {"model": "admin.logentry", "pk": 19, "fields": {"action_time": "2021-02-14T06:10:13.886", "user": 1, "content_type": 7, "object_id": "22", "object_repr": "\u5e26\u7740\u864e\u7b26\u5f53\u592a\u5b50", "action_flag": 1, "change_message": "[{\"added\": {}}]"}}, {"model": "admin.logentry", "pk": 20, "fields": {"action_time": "2021-02-14T06:10:44.815", "user": 1, "content_type": 10, "object_id": "11", "object_repr": "NovelMessage object (11)", "action_flag": 1, "change_message": "[{\"added\": {}}]"}}, {"model": "admin.logentry", "pk": 21, "fields": {"action_time": "2021-02-14T06:11:05.170", "user": 1, "content_type": 7, "object_id": "23", "object_repr": "\u4e2b\u5934\u5bb6\u7684\u7edd\u4e16\u9ad8\u624b", "action_flag": 1, "change_message": "[{\"added\": {}}]"}}, {"model": "admin.logentry", "pk": 22, "fields": {"action_time": "2021-02-14T06:11:41.134", "user": 1, "content_type": 10, "object_id": "12", "object_repr": "NovelMessage object (12)", "action_flag": 1, "change_message": "[{\"added\": {}}]"}}, {"model": "admin.logentry", "pk": 23, "fields": {"action_time": "2021-02-14T06:13:20.474", "user": 1, "content_type": 8, "object_id": "1", "object_repr": "\u6b66\u4fa0\u4ed9\u4fa0", "action_flag": 1, "change_message": "[{\"added\": {}}]"}}, {"model": "admin.logentry", "pk": 24, "fields": {"action_time": "2021-02-14T06:13:37.942", "user": 1, "content_type": 8, "object_id": "2", "object_repr": "\u53e4\u5178\u4ed9\u4fa0", "action_flag": 1, "change_message": "[{\"added\": {}}]"}}, {"model": "admin.logentry", "pk": 25, "fields": {"action_time": "2021-02-14T06:15:54.876", "user": 1, "content_type": 8, "object_id": "3", "object_repr": "\u6b66\u4fa0\u4ed9\u4fa0", "action_flag": 1, "change_message": "[{\"added\": {}}]"}}, {"model": "admin.logentry", "pk": 26, "fields": {"action_time": "2021-02-14T06:16:02.838", "user": 1, "content_type": 8, "object_id": "4", "object_repr": "\u70ed\u8840", "action_flag": 1, "change_message": "[{\"added\": {}}]"}}, {"model": "admin.logentry", "pk": 27, "fields": {"action_time": "2021-02-14T06:16:19.639", "user": 1, "content_type": 8, "object_id": "5", "object_repr": "\u53e4\u5178\u4ed9\u4fa0", "action_flag": 1, "change_message": "[{\"added\": {}}]"}}, {"model": "admin.logentry", "pk": 28, "fields": {"action_time": "2021-02-14T06:17:02.688", "user": 1, "content_type": 8, "object_id": "6", "object_repr": "\u4e89\u9738", "action_flag": 1, "change_message": "[{\"added\": {}}]"}}, {"model": "admin.logentry", "pk": 29, "fields": {"action_time": "2021-02-14T06:17:22.328", "user": 1, "content_type": 8, "object_id": "7", "object_repr": "\u5386\u53f2\u519b\u4e8b", "action_flag": 1, "change_message": "[{\"added\": {}}]"}}, {"model": "admin.logentry", "pk": 30, "fields": {"action_time": "2021-02-14T06:17:39.715", "user": 1, "content_type": 8, "object_id": "8", "object_repr": "\u5947\u5e7b\u7384\u5e7b", "action_flag": 1, "change_message": "[{\"added\": {}}]"}}, {"model": "admin.logentry", "pk": 31, "fields": {"action_time": "2021-02-14T06:17:56.512", "user": 1, "content_type": 8, "object_id": "9", "object_repr": "\u641e\u7b11", "action_flag": 1, "change_message": "[{\"added\": {}}]"}}, {"model": "admin.logentry", "pk": 32, "fields": {"action_time": "2021-02-14T06:18:13.158", "user": 1, "content_type": 8, "object_id": "10", "object_repr": "\u5947\u5e7b\u7384\u5e7b", "action_flag": 1, "change_message": "[{\"added\": {}}]"}}, {"model": "admin.logentry", "pk": 33, "fields": {"action_time": "2021-02-14T06:18:28.123", "user": 1, "content_type": 8, "object_id": "11", "object_repr": "\u90fd\u5e02\u5a31\u4e50", "action_flag": 1, "change_message": "[{\"added\": {}}]"}}, {"model": "admin.logentry", "pk": 34, "fields": {"action_time": "2021-02-14T06:19:12.519", "user": 1, "content_type": 8, "object_id": "12", "object_repr": "\u4fa0\u80c6\u9152\u5fc3", "action_flag": 1, "change_message": "[{\"added\": {}}]"}}, {"model": "admin.logentry", "pk": 35, "fields": {"action_time": "2021-02-14T06:19:58.684", "user": 1, "content_type": 8, "object_id": "3", "object_repr": "\u6b66\u4fa0\u4ed9\u4fa0", "action_flag": 3, "change_message": ""}}, {"model": "admin.logentry", "pk": 36, "fields": {"action_time": "2021-02-14T06:20:06.594", "user": 1, "content_type": 8, "object_id": "1", "object_repr": "\u6b66\u4fa0\u4ed9\u4fa0", "action_flag": 2, "change_message": "[{\"changed\": {\"fields\": [\"novel\"]}}]"}}, {"model": "admin.logentry", "pk": 37, "fields": {"action_time": "2021-02-14T06:20:16.803", "user": 1, "content_type": 8, "object_id": "10", "object_repr": "\u5947\u5e7b\u7384\u5e7b", "action_flag": 3, "change_message": ""}}, {"model": "admin.logentry", "pk": 38, "fields": {"action_time": "2021-02-14T06:20:22.617", "user": 1, "content_type": 8, "object_id": "8", "object_repr": "\u5947\u5e7b\u7384\u5e7b", "action_flag": 2, "change_message": "[{\"changed\": {\"fields\": [\"novel\"]}}]"}}, {"model": "admin.logentry", "pk": 39, "fields": {"action_time": "2021-02-14T06:20:28.677", "user": 1, "content_type": 8, "object_id": "5", "object_repr": "\u53e4\u5178\u4ed9\u4fa0", "action_flag": 3, "change_message": ""}}, {"model": "admin.logentry", "pk": 40, "fields": {"action_time": "2021-02-14T06:20:32.753", "user": 1, "content_type": 8, "object_id": "2", "object_repr": "\u53e4\u5178\u4ed9\u4fa0", "action_flag": 2, "change_message": "[{\"changed\": {\"fields\": [\"novel\"]}}]"}}, {"model": "admin.logentry", "pk": 41, "fields": {"action_time": "2021-02-14T06:21:37.927", "user": 1, "content_type": 9, "object_id": "1", "object_repr": "NovelSections object (1)", "action_flag": 1, "change_message": "[{\"added\": {}}]"}}, {"model": "admin.logentry", "pk": 42, "fields": {"action_time": "2021-02-14T06:21:52.451", "user": 1, "content_type": 9, "object_id": "2", "object_repr": "NovelSections object (2)", "action_flag": 1, "change_message": "[{\"added\": {}}]"}}, {"model": "admin.logentry", "pk": 43, "fields": {"action_time": "2021-02-14T06:22:07.280", "user": 1, "content_type": 9, "object_id": "3", "object_repr": "NovelSections object (3)", "action_flag": 1, "change_message": "[{\"added\": {}}]"}}, {"model": "admin.logentry", "pk": 44, "fields": {"action_time": "2021-02-14T06:22:37.814", "user": 1, "content_type": 9, "object_id": "4", "object_repr": "NovelSections object (4)", "action_flag": 1, "change_message": "[{\"added\": {}}]"}}, {"model": "admin.logentry", "pk": 45, "fields": {"action_time": "2021-02-14T06:22:55.436", "user": 1, "content_type": 9, "object_id": "5", "object_repr": "NovelSections object (5)", "action_flag": 1, "change_message": "[{\"added\": {}}]"}}, {"model": "admin.logentry", "pk": 46, "fields": {"action_time": "2021-02-14T06:23:24.136", "user": 1, "content_type": 9, "object_id": "6", "object_repr": "NovelSections object (6)", "action_flag": 1, "change_message": "[{\"added\": {}}]"}}, {"model": "admin.logentry", "pk": 47, "fields": {"action_time": "2021-02-14T06:23:36.400", "user": 1, "content_type": 9, "object_id": "7", "object_repr": "NovelSections object (7)", "action_flag": 1, "change_message": "[{\"added\": {}}]"}}, {"model": "admin.logentry", "pk": 48, "fields": {"action_time": "2021-02-14T06:23:49.190", "user": 1, "content_type": 9, "object_id": "8", "object_repr": "NovelSections object (8)", "action_flag": 1, "change_message": "[{\"added\": {}}]"}}, {"model": "admin.logentry", "pk": 49, "fields": {"action_time": "2021-02-14T06:24:01.233", "user": 1, "content_type": 9, "object_id": "9", "object_repr": "NovelSections object (9)", "action_flag": 1, "change_message": "[{\"added\": {}}]"}}, {"model": "admin.logentry", "pk": 50, "fields": {"action_time": "2021-02-14T06:24:30.735", "user": 1, "content_type": 9, "object_id": "10", "object_repr": "NovelSections object (10)", "action_flag": 1, "change_message": "[{\"added\": {}}]"}}, {"model": "admin.logentry", "pk": 51, "fields": {"action_time": "2021-02-14T06:24:43.499", "user": 1, "content_type": 9, "object_id": "11", "object_repr": "NovelSections object (11)", "action_flag": 1, "change_message": "[{\"added\": {}}]"}}, {"model": "admin.logentry", "pk": 52, "fields": {"action_time": "2021-02-14T06:25:10.649", "user": 1, "content_type": 9, "object_id": "12", "object_repr": "NovelSections object (12)", "action_flag": 1, "change_message": "[{\"added\": {}}]"}}, {"model": "admin.logentry", "pk": 53, "fields": {"action_time": "2021-02-14T06:25:22.378", "user": 1, "content_type": 9, "object_id": "13", "object_repr": "NovelSections object (13)", "action_flag": 1, "change_message": "[{\"added\": {}}]"}}, {"model": "admin.logentry", "pk": 54, "fields": {"action_time": "2021-02-14T06:25:49.311", "user": 1, "content_type": 9, "object_id": "14", "object_repr": "NovelSections object (14)", "action_flag": 1, "change_message": "[{\"added\": {}}]"}}, {"model": "admin.logentry", "pk": 55, "fields": {"action_time": "2021-02-14T06:26:03.495", "user": 1, "content_type": 9, "object_id": "15", "object_repr": "NovelSections object (15)", "action_flag": 1, "change_message": "[{\"added\": {}}]"}}, {"model": "admin.logentry", "pk": 56, "fields": {"action_time": "2021-02-14T06:26:16.455", "user": 1, "content_type": 9, "object_id": "16", "object_repr": "NovelSections object (16)", "action_flag": 1, "change_message": "[{\"added\": {}}]"}}, {"model": "admin.logentry", "pk": 57, "fields": {"action_time": "2021-02-14T06:26:39.511", "user": 1, "content_type": 9, "object_id": "17", "object_repr": "NovelSections object (17)", "action_flag": 1, "change_message": "[{\"added\": {}}]"}}, {"model": "admin.logentry", "pk": 58, "fields": {"action_time": "2021-02-14T06:26:51.775", "user": 1, "content_type": 9, "object_id": "18", "object_repr": "NovelSections object (18)", "action_flag": 1, "change_message": "[{\"added\": {}}]"}}, {"model": "admin.logentry", "pk": 59, "fields": {"action_time": "2021-02-14T06:27:11.110", "user": 1, "content_type": 9, "object_id": "19", "object_repr": "NovelSections object (19)", "action_flag": 1, "change_message": "[{\"added\": {}}]"}}, {"model": "admin.logentry", "pk": 60, "fields": {"action_time": "2021-02-14T06:27:23.608", "user": 1, "content_type": 9, "object_id": "20", "object_repr": "NovelSections object (20)", "action_flag": 1, "change_message": "[{\"added\": {}}]"}}, {"model": "admin.logentry", "pk": 61, "fields": {"action_time": "2021-02-14T06:27:35.012", "user": 1, "content_type": 9, "object_id": "21", "object_repr": "NovelSections object (21)", "action_flag": 1, "change_message": "[{\"added\": {}}]"}}, {"model": "admin.logentry", "pk": 62, "fields": {"action_time": "2021-02-14T06:28:01.496", "user": 1, "content_type": 9, "object_id": "22", "object_repr": "NovelSections object (22)", "action_flag": 1, "change_message": "[{\"added\": {}}]"}}, {"model": "admin.logentry", "pk": 63, "fields": {"action_time": "2021-02-14T06:28:11.737", "user": 1, "content_type": 9, "object_id": "23", "object_repr": "NovelSections object (23)", "action_flag": 1, "change_message": "[{\"added\": {}}]"}}, {"model": "admin.logentry", "pk": 64, "fields": {"action_time": "2021-02-14T06:28:23.995", "user": 1, "content_type": 9, "object_id": "24", "object_repr": "NovelSections object (24)", "action_flag": 1, "change_message": "[{\"added\": {}}]"}}, {"model": "admin.logentry", "pk": 65, "fields": {"action_time": "2021-02-14T06:28:35.680", "user": 1, "content_type": 9, "object_id": "25", "object_repr": "NovelSections object (25)", "action_flag": 1, "change_message": "[{\"added\": {}}]"}}, {"model": "admin.logentry", "pk": 66, "fields": {"action_time": "2021-02-14T06:28:59.611", "user": 1, "content_type": 9, "object_id": "26", "object_repr": "NovelSections object (26)", "action_flag": 1, "change_message": "[{\"added\": {}}]"}}, {"model": "admin.logentry", "pk": 67, "fields": {"action_time": "2021-02-14T06:29:09.696", "user": 1, "content_type": 9, "object_id": "27", "object_repr": "NovelSections object (27)", "action_flag": 1, "change_message": "[{\"added\": {}}]"}}, {"model": "admin.logentry", "pk": 68, "fields": {"action_time": "2021-02-14T06:29:20.915", "user": 1, "content_type": 9, "object_id": "28", "object_repr": "NovelSections object (28)", "action_flag": 1, "change_message": "[{\"added\": {}}]"}}, {"model": "admin.logentry", "pk": 69, "fields": {"action_time": "2021-02-14T07:14:19.223", "user": 1, "content_type": 11, "object_id": "1", "object_repr": "NovelContent object (1)", "action_flag": 1, "change_message": "[{\"added\": {}}]"}}, {"model": "admin.logentry", "pk": 70, "fields": {"action_time": "2021-02-14T07:14:25.013", "user": 1, "content_type": 11, "object_id": "2", "object_repr": "NovelContent object (2)", "action_flag": 1, "change_message": "[{\"added\": {}}]"}}, {"model": "admin.logentry", "pk": 71, "fields": {"action_time": "2021-02-14T07:14:37.604", "user": 1, "content_type": 11, "object_id": "3", "object_repr": "NovelContent object (3)", "action_flag": 1, "change_message": "[{\"added\": {}}]"}}, {"model": "admin.logentry", "pk": 72, "fields": {"action_time": "2021-02-14T07:14:43.267", "user": 1, "content_type": 11, "object_id": "4", "object_repr": "NovelContent object (4)", "action_flag": 1, "change_message": "[{\"added\": {}}]"}}, {"model": "admin.logentry", "pk": 73, "fields": {"action_time": "2021-02-14T07:14:48.282", "user": 1, "content_type": 11, "object_id": "5", "object_repr": "NovelContent object (5)", "action_flag": 1, "change_message": "[{\"added\": {}}]"}}, {"model": "admin.logentry", "pk": 74, "fields": {"action_time": "2021-02-14T07:14:53.601", "user": 1, "content_type": 11, "object_id": "6", "object_repr": "NovelContent object (6)", "action_flag": 1, "change_message": "[{\"added\": {}}]"}}, {"model": "admin.logentry", "pk": 75, "fields": {"action_time": "2021-02-14T07:15:00.810", "user": 1, "content_type": 11, "object_id": "7", "object_repr": "NovelContent object (7)", "action_flag": 1, "change_message": "[{\"added\": {}}]"}}, {"model": "admin.logentry", "pk": 76, "fields": {"action_time": "2021-02-14T07:15:06.992", "user": 1, "content_type": 11, "object_id": "8", "object_repr": "NovelContent object (8)", "action_flag": 1, "change_message": "[{\"added\": {}}]"}}, {"model": "admin.logentry", "pk": 77, "fields": {"action_time": "2021-02-14T07:15:11.298", "user": 1, "content_type": 11, "object_id": "9", "object_repr": "NovelContent object (9)", "action_flag": 1, "change_message": "[{\"added\": {}}]"}}, {"model": "admin.logentry", "pk": 78, "fields": {"action_time": "2021-02-14T07:15:16.139", "user": 1, "content_type": 11, "object_id": "10", "object_repr": "NovelContent object (10)", "action_flag": 1, "change_message": "[{\"added\": {}}]"}}, {"model": "admin.logentry", "pk": 79, "fields": {"action_time": "2021-02-14T07:15:20.382", "user": 1, "content_type": 11, "object_id": "11", "object_repr": "NovelContent object (11)", "action_flag": 1, "change_message": "[{\"added\": {}}]"}}, {"model": "admin.logentry", "pk": 80, "fields": {"action_time": "2021-02-14T07:15:25.040", "user": 1, "content_type": 11, "object_id": "12", "object_repr": "NovelContent object (12)", "action_flag": 1, "change_message": "[{\"added\": {}}]"}}, {"model": "admin.logentry", "pk": 81, "fields": {"action_time": "2021-02-14T07:15:29.751", "user": 1, "content_type": 11, "object_id": "13", "object_repr": "NovelContent object (13)", "action_flag": 1, "change_message": "[{\"added\": {}}]"}}, {"model": "admin.logentry", "pk": 82, "fields": {"action_time": "2021-02-14T07:15:35.411", "user": 1, "content_type": 11, "object_id": "14", "object_repr": "NovelContent object (14)", "action_flag": 1, "change_message": "[{\"added\": {}}]"}}, {"model": "admin.logentry", "pk": 83, "fields": {"action_time": "2021-02-14T07:15:43.155", "user": 1, "content_type": 11, "object_id": "15", "object_repr": "NovelContent object (15)", "action_flag": 1, "change_message": "[{\"added\": {}}]"}}, {"model": "admin.logentry", "pk": 84, "fields": {"action_time": "2021-02-14T07:15:49.994", "user": 1, "content_type": 11, "object_id": "16", "object_repr": "NovelContent object (16)", "action_flag": 1, "change_message": "[{\"added\": {}}]"}}, {"model": "admin.logentry", "pk": 85, "fields": {"action_time": "2021-02-14T07:15:56.166", "user": 1, "content_type": 11, "object_id": "17", "object_repr": "NovelContent object (17)", "action_flag": 1, "change_message": "[{\"added\": {}}]"}}, {"model": "admin.logentry", "pk": 86, "fields": {"action_time": "2021-02-14T07:16:03.522", "user": 1, "content_type": 11, "object_id": "18", "object_repr": "NovelContent object (18)", "action_flag": 1, "change_message": "[{\"added\": {}}]"}}, {"model": "admin.logentry", "pk": 87, "fields": {"action_time": "2021-02-14T07:16:08.724", "user": 1, "content_type": 11, "object_id": "19", "object_repr": "NovelContent object (19)", "action_flag": 1, "change_message": "[{\"added\": {}}]"}}, {"model": "admin.logentry", "pk": 88, "fields": {"action_time": "2021-02-14T07:16:14.843", "user": 1, "content_type": 11, "object_id": "20", "object_repr": "NovelContent object (20)", "action_flag": 1, "change_message": "[{\"added\": {}}]"}}, {"model": "admin.logentry", "pk": 89, "fields": {"action_time": "2021-02-14T07:16:20.709", "user": 1, "content_type": 11, "object_id": "21", "object_repr": "NovelContent object (21)", "action_flag": 1, "change_message": "[{\"added\": {}}]"}}, {"model": "admin.logentry", "pk": 90, "fields": {"action_time": "2021-02-14T07:16:50.135", "user": 1, "content_type": 11, "object_id": "22", "object_repr": "NovelContent object (22)", "action_flag": 1, "change_message": "[{\"added\": {}}]"}}, {"model": "admin.logentry", "pk": 91, "fields": {"action_time": "2021-02-14T07:16:54.972", "user": 1, "content_type": 11, "object_id": "23", "object_repr": "NovelContent object (23)", "action_flag": 1, "change_message": "[{\"added\": {}}]"}}, {"model": "admin.logentry", "pk": 92, "fields": {"action_time": "2021-02-14T07:16:59.593", "user": 1, "content_type": 11, "object_id": "24", "object_repr": "NovelContent object (24)", "action_flag": 1, "change_message": "[{\"added\": {}}]"}}, {"model": "admin.logentry", "pk": 93, "fields": {"action_time": "2021-02-14T07:17:03.500", "user": 1, "content_type": 11, "object_id": "25", "object_repr": "NovelContent object (25)", "action_flag": 1, "change_message": "[{\"added\": {}}]"}}, {"model": "admin.logentry", "pk": 94, "fields": {"action_time": "2021-02-14T07:17:07.741", "user": 1, "content_type": 11, "object_id": "26", "object_repr": "NovelContent object (26)", "action_flag": 1, "change_message": "[{\"added\": {}}]"}}, {"model": "admin.logentry", "pk": 95, "fields": {"action_time": "2021-02-14T07:17:12.153", "user": 1, "content_type": 11, "object_id": "27", "object_repr": "NovelContent object (27)", "action_flag": 1, "change_message": "[{\"added\": {}}]"}}, {"model": "admin.logentry", "pk": 96, "fields": {"action_time": "2021-02-14T07:17:18.460", "user": 1, "content_type": 11, "object_id": "28", "object_repr": "NovelContent object (28)", "action_flag": 1, "change_message": "[{\"added\": {}}]"}}, {"model": "admin.logentry", "pk": 97, "fields": {"action_time": "2021-02-15T08:11:36.579", "user": 1, "content_type": 8, "object_id": "12", "object_repr": "\u4fa0\u80c6\u9152\u5fc3", "action_flag": 2, "change_message": "[{\"changed\": {\"fields\": [\"novel\"]}}]"}}, {"model": "admin.logentry", "pk": 98, "fields": {"action_time": "2021-02-15T08:11:46.867", "user": 1, "content_type": 8, "object_id": "11", "object_repr": "\u90fd\u5e02\u5a31\u4e50", "action_flag": 2, "change_message": "[{\"changed\": {\"fields\": [\"novel\"]}}]"}}, {"model": "admin.logentry", "pk": 99, "fields": {"action_time": "2021-02-15T08:15:38.118", "user": 1, "content_type": 7, "object_id": "24", "object_repr": "\u8e0f\u661f", "action_flag": 1, "change_message": "[{\"added\": {}}]"}}, {"model": "admin.logentry", "pk": 100, "fields": {"action_time": "2021-02-15T08:16:14.694", "user": 1, "content_type": 10, "object_id": "13", "object_repr": "NovelMessage object (13)", "action_flag": 1, "change_message": "[{\"added\": {}}]"}}, {"model": "admin.logentry", "pk": 101, "fields": {"action_time": "2021-02-15T08:16:40.508", "user": 1, "content_type": 9, "object_id": "29", "object_repr": "\u7b2c\u4e00\u7ae0 \u9646\u9690", "action_flag": 1, "change_message": "[{\"added\": {}}]"}}, {"model": "admin.logentry", "pk": 102, "fields": {"action_time": "2021-02-15T08:16:53.011", "user": 1, "content_type": 9, "object_id": "30", "object_repr": "\u7b2c\u4e8c\u7ae0 \u4e03\u5723\u5211\u8425", "action_flag": 1, "change_message": "[{\"added\": {}}]"}}, {"model": "admin.logentry", "pk": 103, "fields": {"action_time": "2021-02-15T08:17:03.992", "user": 1, "content_type": 9, "object_id": "31", "object_repr": "\u7b2c\u4e09\u7ae0 \u964d\u4e34", "action_flag": 1, "change_message": "[{\"added\": {}}]"}}, {"model": "admin.logentry", "pk": 104, "fields": {"action_time": "2021-02-15T08:17:15.534", "user": 1, "content_type": 9, "object_id": "32", "object_repr": "\u7b2c\u56db\u7ae0 \u5851\u4f53\u51b3", "action_flag": 1, "change_message": "[{\"added\": {}}]"}}, {"model": "admin.logentry", "pk": 105, "fields": {"action_time": "2021-02-15T08:17:27.971", "user": 1, "content_type": 9, "object_id": "33", "object_repr": "\u7b2c\u4e94\u7ae0 \u4fee\u70bc", "action_flag": 1, "change_message": "[{\"added\": {}}]"}}, {"model": "admin.logentry", "pk": 106, "fields": {"action_time": "2021-02-15T08:17:52.616", "user": 1, "content_type": 8, "object_id": "13", "object_repr": "\u79d1\u5e7b\u6e38\u620f", "action_flag": 1, "change_message": "[{\"added\": {}}]"}}, {"model": "admin.logentry", "pk": 107, "fields": {"action_time": "2021-02-15T08:18:05.875", "user": 1, "content_type": 8, "object_id": "14", "object_repr": "\u70ed\u8840", "action_flag": 1, "change_message": "[{\"added\": {}}]"}}, {"model": "admin.logentry", "pk": 108, "fields": {"action_time": "2021-02-15T08:18:24.524", "user": 1, "content_type": 8, "object_id": "15", "object_repr": "\u5f02\u4e16", "action_flag": 1, "change_message": "[{\"added\": {}}]"}}, {"model": "admin.logentry", "pk": 109, "fields": {"action_time": "2021-02-15T08:19:22.079", "user": 1, "content_type": 11, "object_id": "29", "object_repr": "NovelContent object (29)", "action_flag": 1, "change_message": "[{\"added\": {}}]"}}, {"model": "admin.logentry", "pk": 110, "fields": {"action_time": "2021-02-15T08:19:31.508", "user": 1, "content_type": 11, "object_id": "30", "object_repr": "NovelContent object (30)", "action_flag": 1, "change_message": "[{\"added\": {}}]"}}, {"model": "admin.logentry", "pk": 111, "fields": {"action_time": "2021-02-15T08:19:37.673", "user": 1, "content_type": 11, "object_id": "31", "object_repr": "NovelContent object (31)", "action_flag": 1, "change_message": "[{\"added\": {}}]"}}, {"model": "admin.logentry", "pk": 112, "fields": {"action_time": "2021-02-15T08:19:46.645", "user": 1, "content_type": 11, "object_id": "32", "object_repr": "NovelContent object (32)", "action_flag": 1, "change_message": "[{\"added\": {}}]"}}, {"model": "admin.logentry", "pk": 113, "fields": {"action_time": "2021-02-15T08:19:54.262", "user": 1, "content_type": 11, "object_id": "33", "object_repr": "NovelContent object (33)", "action_flag": 1, "change_message": "[{\"added\": {}}]"}}]